
// File generated by darts version U-2023.06#b8bbc031dd#240626, Mon Sep 29 14:30:58 2025
// Copyright 2014-2023 Synopsys, Inc. All rights reserved.
// darts -I/tools/ryzen_ai-1.3.0/vitis_aie_essentials/data/aie2p/lib -d -h -I/tools/ryzen_ai-1.3.0/vitis_aie_essentials/include -I/tools/ryzen_ai-1.3.0/vitis_aie_essentials/data/aie2p/lib/runtime_cxx/libcxx-lite/include -I/tools/ryzen_ai-1.3.0/vitis_aie_essentials/data/aie2p/lib/runtime_cxx/libs/libcxx-9.0.0/include-lite -I/tools/ryzen_ai-1.3.0/vitis_aie_essentials/data/aie2p/lib/runtime/include -D__AIENGINE__ -D__AIE_ARCH__=21 -D__AIEARCH__=21 -D__tct_tgt__=240628 -L +Ihex +nanno +u core_0_2.elf me

// Release: ipp U-2023.06-TGT-240628

.text_segment PM      0
.entry_point
.label __AIE_ARCH_MODEL_VERSION__21011000__inlined__1__me_basic___main_init_
.label _main_init
.function_start
           0    0x00 0x07 0x09 0xe0 0x00 0x44                                                                                                                                              MOVXM sp, #458752
           6    0x00 0x00 0x04 0x20 0x00 0x44                                                                                                                                              MOVXM r8, #0
          12    0x00 0x00 0x08 0x20 0x00 0x44                                                                                                                                              MOVXM r16, #0
          18    0x12 0x21 0x07 0x98                                                                                                                                                        EQ r16, r8, r16
          22    0x80 0x00 0x40 0x40 0x01 0x84                                                                                                                                              JNZ r16, #128
          28    0x00 0x00                                                                        NOPX
          30    0x00 0x00                                                                        NOPX
          32    0x00 0x00                                                                        NOPX
          34    0x00 0x00                                                                        NOPX
          36    0x00 0x00                                                                        NOPX
          38    0xf0 0x11 0x60 0x3f 0xff 0xff 0x37 0xfe 0x11 0x3a                                                                                            MOVS p7, p0;                  MOVXM p6, #-4
          48    0x00 0x2c 0xf0 0x00 0x20 0x01 0x5b 0x00 0x00 0x01 0x28 0x50 0x78 0x00 0x00 0xe1  NOPA;                         NOPB;                         NOPS;                         NOPX;                         MOV r9, r1;                             NOPV
.label TGT_F_main_init_64
.loop_nesting 1
          64    0xdf 0x83 0xd5 0x39 0x81 0xd4                                                    LDA p0, [p6], #-4;                                                                                                      MOV r10, p6
          70    0x00 0x00                                                                        NOPX
          72    0x00 0x00                                                                        NOPX
          74    0x00 0x00                                                                        NOPX
          76    0x00 0x00                                                                        NOPX
          78    0x00 0x00                                                                        NOPX
          80    0x00 0x00                                                                        NOPX
.no_stack_arguments
          82    0x10 0x30 0x00 0x18                                                                                                                                                        JL p0
          86    0x00 0x00                                                                        NOPX
          88    0x00 0x00                                                                        NOPX
          90    0x00 0x00                                                                        NOPX
          92    0x00 0x00                                                                        NOPX
          94    0x00 0x00                                                                        NOPX
.return_address
          96    0x12 0xa0 0x88 0x98                                                                                                                                                        NE r16, r10, r8
         100    0x80 0x00 0x20 0x40 0x01 0x84                                                                                                                                              JNZ r16, #64
         106    0x00 0x00                                                                        NOPX
         108    0x00 0x00                                                                        NOPX
         110    0x00 0x00                                                                        NOPX
         112    0x00 0x00                                                                        NOPX
         114    0x00 0x00                                                                        NOPX
.loop_nesting 0
         116    0x00 0x2c 0xf0 0x00 0x20 0x9c 0x8b 0x00 0x2a 0x50 0x70 0xf6                      NOPA;                         NOPB;                         MOVS p0, p7;                                                MOV r1, r9
.label TGT_F_main_init_128
.no_stack_arguments
         128    0x00 0x00 0x70 0x00 0x01 0x04                                                                                                                                              JL #224
         134    0x00 0x00                                                                        NOPX
         136    0x00 0x00                                                                        NOPX
         138    0x00 0x00                                                                        NOPX
         140    0x00 0x00                                                                        NOPX
         142    0x00 0x00                                                                        NOPX
.return_address
.no_stack_arguments
         144    0x00 0x07 0x38 0x00 0x01 0x04                                                                                                                                              JL #3696
         150    0x18 0x60 0x00 0xb8                                                                                                                                                                                      MOV p0, #0
         154    0x00 0x00                                                                        NOPX
         156    0x00 0x00                                                                        NOPX
         158    0x00 0x00                                                                        NOPX
         160    0x00 0x2c 0xf0 0x00 0x20 0x01 0x5b 0x00 0x00 0x00 0x01 0xa5 0x78 0x00 0x00 0xe1  NOPA;                         NOPB;                         NOPS;                         NOPX;                         NOPM;                                   NOPV
.return_address
.swstall chess_separator_scheduler
         176    0x00 0x00                                                                        NOPX
.swstall chess_separator_scheduler
         178    0x00 0x00                                                                        NOPX
.swstall chess_separator_scheduler
         180    0x00 0x00                                                                        NOPX
.swstall chess_separator_scheduler
         182    0x00 0x00                                                                        NOPX
.swstall chess_separator_scheduler
         184    0x00 0x00                                                                        NOPX
.swstall chess_separator_scheduler
         186    0x00 0x00                                                                        NOPX
         188    0x10 0x08 0x00 0x18                                                                                                                                                        DONE
.swstall chess_separator_scheduler
         192    0x00 0x00                                                                        NOPX
.swstall chess_separator_scheduler
         194    0x00 0x00                                                                        NOPX
.swstall chess_separator_scheduler
         196    0x00 0x00                                                                        NOPX
.swstall chess_separator_scheduler
         198    0x00 0x00                                                                        NOPX
.swstall chess_separator_scheduler
         200    0x00 0x00                                                                        NOPX
.swstall chess_separator_scheduler
         202    0x00 0x00                                                                        NOPX
.swstall for_chess_exit
.exit
         204    0x00 0x01 0x67 0x98                                                              NOPA
.label TGT_F_main_init_208
.loop_nesting 1
         208    0x00 0x00 0x68 0x00 0x00 0x84                                                                                                                                              J #208
         214    0x00 0x00                                                                        NOPX
         216    0x00 0x00                                                                        NOPX
         218    0x00 0x00                                                                        NOPX
         220    0x00 0x00                                                                        NOPX
         222    0x00 0x00                                                                        NOPX
.label _main_init__end
.label core_0_2
.function_start
         224    0x00 0x18 0x02 0x9c 0x8b 0x00 0x01 0xeb 0xb7 0x80 0x10 0x76                      MOVA r24, #0;                                               MOVS p2, p7;                  MOVXM p7, #503552
         236    0x00 0x10 0x07 0x1f 0x11 0x80 0x02 0x00 0x00 0x00 0x70 0x76                      MOVA r16, #0;                                               ST r24, [p7], #4;             PADDXM [sp], #64
         248    0xe0 0xe2 0x30 0x00 0xab 0xd0 0x70 0x02                                                                                                      ST r24, [p7];                                               MOV r5, r15
         256    0xe2 0xe2 0x30 0x00 0x8b 0x90 0x70 0x02                                                                                                      ST r24, [p7, #4];                                           MOV r4, r14
         264    0xfa 0x62 0xb0 0x00 0xb0 0x28 0x2a 0xd0 0x79 0x3a                                                                                            ST r24, [sp, #-48];           MOVX r11, #1;                 MOV r1, r11
         274    0xfb 0x96 0xb0 0x3e 0xa7 0xe8 0x0a 0x90 0x79 0x3a                                                                                            ST r5, [sp, #-36];            MOVX r10, #-1;                MOV r0, r10
         284    0xfc 0x12 0xb0 0x00 0x6b 0x50 0x70 0x02                                                                                                      ST r4, [sp, #-32];                                          MOV r3, r13
         292    0xfc 0x8e 0xb0 0x00 0x4b 0x10 0x70 0x02                                                                                                      ST r3, [sp, #-28];                                          MOV r2, r12
         300    0xfd 0x0a 0xb0 0x00 0x01 0xe9 0xcb 0x00 0x11 0x3a                                                                                            ST r2, [sp, #-24];            MOVXM r14, #501248
         310    0xfd 0x86 0xb0 0x00 0x01 0xe5 0xee 0x80 0x11 0x3a                                                                                            ST r1, [sp, #-20];            MOVXM r15, #498944
         320    0x0f 0xf0 0x15 0x98                                                                                                                          ST r0, [sp, #-16]
         324    0x0f 0xf5 0x35 0x98                                                                                                                          ST r9, [sp, #-12]
         328    0x0f 0xf9 0x15 0x98                                                                                                                          ST r8, [sp, #-8]
         332    0x0f 0xfd 0x1d 0x98                                                                                                                          ST p2, [sp, #-4]
         336    0x0f 0xdb 0x1d 0x98                                                                                                                          ST p6, [sp, #-40]
         340    0x00 0x2c 0xf0 0x00 0x20 0x00 0x00 0x03 0xea 0x1e 0xc1 0x36                      NOPA;                         NOPB;                         ST lr, [sp, #-44];            NOPX
.label TGT_Fcore_0_2_128
.loop_nesting 1
.no_stack_arguments
         352    0x00 0x02 0x70 0x00 0x01 0x04                                                                                                                                              JL #1248
         358    0xff 0xe1 0x07 0xce 0x15 0x80 0x06 0x8b 0x37 0x60 0x78 0x76                      MOVA r1, #-1;                                               ST r16, [sp, #-52];           MOVX r0, #52;                 MOV p6, p7
         370    0x00 0x00                                                                        NOPX
         372    0x00 0x00                                                                        NOPX
         374    0x00 0x00                                                                        NOPX
         376    0x00 0x2c 0xf0 0x04 0x00 0x00 0x1c 0x22                                          NOPA;                                                                                                                                                           NOPV
.return_address
.no_stack_arguments
         384    0x00 0x06 0x30 0x00 0x01 0x04                                                                                                                                              JL #3168
         390    0x00 0x07 0x00 0xda 0x00 0x44                                                                                                                                              MOVXM p0, #462080
         396    0x00 0x00                                                                        NOPX
         398    0x00 0x00                                                                        NOPX
         400    0x00 0x00                                                                        NOPX
         402    0x00 0x2c 0xf0 0x02 0xb6 0x00 0x00 0x40 0x1a 0x57 0x00 0x00 0x1c 0x2e            NOPA;                                                       NOPS;                                                       NOPM;                                   NOPV
.return_address
         416    0x00 0x2c 0xf0 0x00 0x20 0x01 0x5b 0x00 0x87 0xe8 0x01 0xa5 0x78 0x00 0x00 0xe1  NOPA;                         NOPB;                         NOPS;                         MOVX r8, #63;                 NOPM;                                   NOPV
.label TGT_Fcore_0_2_208
.loop_nesting 2
.no_stack_arguments
         432    0x00 0x02 0x70 0x00 0x01 0x04                                                                                                                                              JL #1248
         438    0xf8 0x5f 0xa0 0x20 0xcd 0x64                                                                                                                                              MOVX r1, #-1;                 MOV r0, #51
         444    0x00 0x00                                                                        NOPX
         446    0x00 0x00                                                                        NOPX
         448    0x00 0x00                                                                        NOPX
         450    0x00 0x2c 0xf0 0x02 0xb6 0x00 0x00 0x40 0x1a 0x57 0x00 0x00 0x1c 0x2e            NOPA;                                                       NOPS;                                                       NOPM;                                   NOPV
.return_address
         464    0x06 0x06 0x56 0x98                                                              LDA r18, [p6]
         468    0x00 0x00                                                                        NOPX
         470    0x00 0x00                                                                        NOPX
.no_stack_arguments
         472    0x00 0x02 0x70 0x00 0x01 0x04                                                                                                                                              JL #1248
         478    0x00 0x00                                                                        NOPX
         480    0x00 0x07 0x78 0x32 0x00 0x44                                                                                                                                              MOVXM r16, #489728
         486    0x00 0x07 0x58 0xaa 0x00 0x44                                                                                                                                              MOVXM r17, #480512
         492    0x12 0xf7 0x27 0x98                                                                                                                                                        EQ r27, r11, r18
         496    0xff 0xe1 0x00 0x00 0x20 0x01 0x5b 0x22 0x98 0x10 0x08 0x31 0x58 0x00 0x00 0xe1  MOVA r1, #-1;                 NOPB;                         NOPS;                         SEL.EQZ r9, r17, r16, r27;    MOV r0, #49;                            NOPV
.return_address
         512    0x06 0x16 0x16 0x98                                                              LDA r16, [p6, #4]
         516    0x00 0x00                                                                        NOPX
         518    0x00 0x00                                                                        NOPX
         520    0x00 0x00                                                                        NOPX
.no_stack_arguments
         522    0x00 0x02 0x90 0x00 0x01 0x04                                                                                                                                              JL #1312
         528    0x00 0x00                                                                        NOPX
         530    0x00 0x07 0x04 0xda 0x00 0x44                                                                                                                                              MOVXM p2, #462080
         536    0x12 0xf7 0x07 0x98                                                                                                                                                        EQ r27, r11, r16
         540    0x7c 0x1c 0x42 0xc9 0x41 0xe4                                                                                                                                              SEL.EQZ r16, r15, r14, r27;   MOV p1, r9
         546    0x00 0x2c 0xf1 0x20 0x16 0x00 0x00 0x7b 0x16 0x07 0x00 0x00 0x1c 0x2e            NOPA;                                                       MOVS p0, r16;                                               MOV p7, p1;                             NOPV
.return_address
.no_stack_arguments
         560    0x00 0x02 0x80 0x00 0x01 0x04                                                                                                                                              JL #1280
         566    0x00 0x18 0x20 0xa0 0x05 0x64                                                                                                                                              MOVX r0, #48;                 MOV r1, #1
         572    0x00 0x00                                                                        NOPX
         574    0x00 0x00                                                                        NOPX
         576    0x00 0x00                                                                        NOPX
         578    0x00 0x2c 0xf0 0x02 0xb6 0x00 0x00 0x40 0x1a 0x57 0x00 0x00 0x1c 0x2e            NOPA;                                                       NOPS;                                                       NOPM;                                   NOPV
.return_address
         592    0x06 0x16 0x16 0x98                                                              LDA r16, [p6, #4]
         596    0x00 0x00                                                                        NOPX
         598    0x00 0x00                                                                        NOPX
         600    0x00 0x00                                                                        NOPX
         602    0x00 0x00                                                                        NOPX
.no_stack_arguments
         604    0x00 0x02 0x70 0x00 0x01 0x04                                                                                                                                              JL #1248
         610    0x00 0x00                                                                        NOPX
         612    0x84 0x7f 0xe8 0x30 0x01 0x24                                                                                                                                              ADD r17, r16, #-1;            ADD.NC r16, r16, #1
         618    0x12 0xf7 0x0a 0x98                                                                                                                                                        LT r27, r11, r16
         622    0x14 0x21 0x12 0x18                                                                                                                                                        SEL.EQZ r16, r16, r17, r27
         626    0x00 0x2c 0xf0 0x00 0x20 0x00 0xc5 0x05 0xff 0xeb 0xc2 0xc2 0x30 0x7e            NOPA;                         NOPB;                         ST r16, [p6, #4];             MOVX r0, #49;                 MOV r1, #-1
.return_address
         640    0x06 0x16 0x16 0x98                                                              LDA r16, [p6, #4]
         644    0x00 0x00                                                                        NOPX
         646    0x00 0x00                                                                        NOPX
         648    0x00 0x00                                                                        NOPX
.no_stack_arguments
         650    0x00 0x02 0x90 0x00 0x01 0x04                                                                                                                                              JL #1312
         656    0x00 0x00                                                                        NOPX
         658    0x00 0x07 0x04 0xda 0x00 0x44                                                                                                                                              MOVXM p2, #462080
         664    0x12 0xf7 0x07 0x98                                                                                                                                                        EQ r27, r11, r16
         668    0x13 0xe0 0xe2 0x18                                                                                                                                                        SEL.EQZ r16, r15, r14, r27
         672    0x00 0x2c 0xf0 0x00 0x20 0x90 0x0b 0x00 0x00 0x00 0xb7 0x60 0x78 0x00 0x00 0xe1  NOPA;                         NOPB;                         MOVS p0, r16;                 NOPX;                         MOV p1, p7;                             NOPV
.return_address
.no_stack_arguments
         688    0x00 0x02 0x80 0x00 0x01 0x04                                                                                                                                              JL #1280
         694    0x00 0x18 0x20 0xa0 0x05 0x64                                                                                                                                              MOVX r0, #48;                 MOV r1, #1
         700    0x00 0x00                                                                        NOPX
         702    0x00 0x00                                                                        NOPX
         704    0x00 0x00                                                                        NOPX
         706    0x00 0x2c 0xf0 0x02 0xb6 0x00 0x00 0x40 0x1a 0x57 0x00 0x00 0x1c 0x2e            NOPA;                                                       NOPS;                                                       NOPM;                                   NOPV
.return_address
         720    0x06 0x16 0x16 0x98                                                              LDA r16, [p6, #4]
         724    0x00 0x00                                                                        NOPX
         726    0x00 0x00                                                                        NOPX
         728    0x00 0x00                                                                        NOPX
         730    0x00 0x00                                                                        NOPX
.no_stack_arguments
         732    0x00 0x02 0x70 0x00 0x01 0x04                                                                                                                                              JL #1248
         738    0x00 0x00                                                                        NOPX
         740    0x84 0x7f 0xe8 0x30 0x01 0x24                                                                                                                                              ADD r17, r16, #-1;            ADD.NC r16, r16, #1
         746    0x12 0xf7 0x0a 0x98                                                                                                                                                        LT r27, r11, r16
         750    0x14 0x21 0x12 0x18                                                                                                                                                        SEL.EQZ r16, r16, r17, r27
         754    0x00 0x2c 0xf0 0x00 0x20 0x00 0xc5 0x05 0xff 0xeb 0xc2 0xc2 0x30 0x7e            NOPA;                         NOPB;                         ST r16, [p6, #4];             MOVX r0, #49;                 MOV r1, #-1
.return_address
         768    0x06 0x16 0x16 0x98                                                              LDA r16, [p6, #4]
         772    0x00 0x00                                                                        NOPX
         774    0x00 0x00                                                                        NOPX
         776    0x00 0x00                                                                        NOPX
.no_stack_arguments
         778    0x00 0x02 0x90 0x00 0x01 0x04                                                                                                                                              JL #1312
         784    0x00 0x00                                                                        NOPX
         786    0x00 0x07 0x04 0xda 0x00 0x44                                                                                                                                              MOVXM p2, #462080
         792    0x12 0xf7 0x07 0x98                                                                                                                                                        EQ r27, r11, r16
         796    0x13 0xe0 0xe2 0x18                                                                                                                                                        SEL.EQZ r16, r15, r14, r27
         800    0x00 0x2c 0xf0 0x00 0x20 0x90 0x0b 0x00 0x00 0x00 0xb7 0x60 0x78 0x00 0x00 0xe1  NOPA;                         NOPB;                         MOVS p0, r16;                 NOPX;                         MOV p1, p7;                             NOPV
.return_address
.no_stack_arguments
         816    0x00 0x02 0x80 0x00 0x01 0x04                                                                                                                                              JL #1280
         822    0x00 0x18 0x20 0xa0 0x05 0x64                                                                                                                                              MOVX r0, #48;                 MOV r1, #1
         828    0x00 0x00                                                                        NOPX
         830    0x00 0x00                                                                        NOPX
         832    0x00 0x00                                                                        NOPX
         834    0x00 0x2c 0xf0 0x02 0xb6 0x00 0x00 0x40 0x1a 0x57 0x00 0x00 0x1c 0x2e            NOPA;                                                       NOPS;                                                       NOPM;                                   NOPV
.return_address
         848    0x06 0x16 0x16 0x98                                                              LDA r16, [p6, #4]
         852    0x00 0x00                                                                        NOPX
         854    0x00 0x00                                                                        NOPX
         856    0x00 0x00                                                                        NOPX
         858    0x00 0x00                                                                        NOPX
.no_stack_arguments
         860    0x00 0x02 0x70 0x00 0x01 0x04                                                                                                                                              JL #1248
         866    0x00 0x00                                                                        NOPX
         868    0x84 0x7f 0xe8 0x30 0x01 0x24                                                                                                                                              ADD r17, r16, #-1;            ADD.NC r16, r16, #1
         874    0x12 0xf7 0x0a 0x98                                                                                                                                                        LT r27, r11, r16
         878    0x14 0x21 0x12 0x18                                                                                                                                                        SEL.EQZ r16, r16, r17, r27
         882    0x00 0x2c 0xf0 0x00 0x20 0x00 0xc5 0x05 0xff 0xeb 0xc2 0xc2 0x30 0x7e            NOPA;                         NOPB;                         ST r16, [p6, #4];             MOVX r0, #49;                 MOV r1, #-1
.return_address
         896    0x06 0x16 0x16 0x98                                                              LDA r16, [p6, #4]
         900    0x00 0x00                                                                        NOPX
         902    0x00 0x00                                                                        NOPX
         904    0x00 0x00                                                                        NOPX
.no_stack_arguments
         906    0x00 0x02 0x90 0x00 0x01 0x04                                                                                                                                              JL #1312
         912    0x00 0x00                                                                        NOPX
         914    0x00 0x07 0x04 0xda 0x00 0x44                                                                                                                                              MOVXM p2, #462080
         920    0x12 0xf7 0x07 0x98                                                                                                                                                        EQ r27, r11, r16
         924    0x13 0xe0 0xe2 0x18                                                                                                                                                        SEL.EQZ r16, r15, r14, r27
         928    0x00 0x2c 0xf0 0x00 0x20 0x90 0x0b 0x00 0x00 0x00 0xb7 0x60 0x78 0x00 0x00 0xe1  NOPA;                         NOPB;                         MOVS p0, r16;                 NOPX;                         MOV p1, p7;                             NOPV
.return_address
.no_stack_arguments
         944    0x00 0x02 0x80 0x00 0x01 0x04                                                                                                                                              JL #1280
         950    0x00 0x18 0x20 0xa0 0x05 0x64                                                                                                                                              MOVX r0, #48;                 MOV r1, #1
         956    0x00 0x00                                                                        NOPX
         958    0x00 0x00                                                                        NOPX
         960    0x00 0x00                                                                        NOPX
         962    0x00 0x2c 0xf0 0x02 0xb6 0x00 0x00 0x40 0x1a 0x57 0x00 0x00 0x1c 0x2e            NOPA;                                                       NOPS;                                                       NOPM;                                   NOPV
.return_address
         976    0x06 0x16 0x16 0x98                                                              LDA r16, [p6, #4]
         980    0x00 0x00                                                                        NOPX
         982    0x00 0x00                                                                        NOPX
         984    0x00 0x00                                                                        NOPX
         986    0x00 0x00                                                                        NOPX
.no_stack_arguments
         988    0x00 0x02 0x80 0x00 0x01 0x04                                                                                                                                              JL #1280
         994    0x00 0x00                                                                        NOPX
         996    0x84 0x7f 0xe8 0x30 0x01 0x24                                                                                                                                              ADD r17, r16, #-1;            ADD.NC r16, r16, #1
        1002    0x12 0xf7 0x0a 0x98                                                                                                                                                        LT r27, r11, r16
        1006    0x14 0x21 0x12 0x18                                                                                                                                                        SEL.EQZ r16, r16, r17, r27
        1010    0x00 0x2c 0xf0 0x00 0x20 0x02 0x05 0x01 0x06 0x4b 0xc2 0xc2 0x30 0x7e            NOPA;                         NOPB;                         ST r16, [p6, #4];             MOVX r1, #1;                  MOV r0, #50
.return_address
        1024    0xc0 0xc2 0xd0 0x00 0x00 0x03 0xb0 0xd8 0x10 0xba                                LDA r16, [p6];                                                                            MOVXM p7, #432
        1034    0x00 0x00                                                                        NOPX
        1036    0x00 0x00                                                                        NOPX
        1038    0x00 0x00                                                                        NOPX
        1040    0x00 0x00                                                                        NOPX
        1042    0x12 0x11 0xe0 0x18                                                                                                                                                        JNZD r8, r8, p7
        1046    0x00 0x00                                                                        NOPX
        1048    0x84 0x7f 0xe8 0x30 0x01 0x24                                                                                                                                              ADD r17, r16, #-1;            ADD.NC r16, r16, #1
        1054    0x12 0xf7 0x0a 0x98                                                                                                                                                        LT r27, r11, r16
        1058    0x14 0x21 0x12 0x18                                                                                                                                                        SEL.EQZ r16, r16, r17, r27
        1062    0x0e 0x06 0x11 0x98                                                                                                                          ST r16, [p6]
.loop_nesting 1
        1066    0x07 0xcd 0x11 0x18                                                              LDA r8, [sp, #-52]
        1070    0x00 0x00                                                                        NOPX
.no_stack_arguments
        1072    0x00 0x02 0x80 0x00 0x01 0x04                                                                                                                                              JL #1280
        1078    0x00 0x00                                                                        NOPX
        1080    0x00 0x00                                                                        NOPX
        1082    0x00 0x00                                                                        NOPX
        1084    0x1c 0x1c 0xc0 0xf8                                                                                                                                                                                      MOV r16, p6
        1088    0x00 0x21 0x00 0x00 0x20 0x01 0x5b 0x00 0x06 0xab 0xb4 0x3f 0x08 0x00 0x00 0xe1  MOVA r1, #1;                  NOPB;                         NOPS;                         MOVX r0, #53;                 ADD.NC p7, r16, #-4;                    NOPV
.return_address
        1104    0xfa 0x4a 0x20 0x11 0x00 0x3a 0x28 0x00 0x58 0xba                                LDA r18, [sp, #-48];                                                                      ADD r16, r8, #1;              MOV r17, #0
        1114    0xde 0xce 0xd0 0x1f 0xff 0xfe 0xaf 0xff 0x10 0xba                                LDA r19, [p6, #-4];                                                                       MOVXM r21, #2147483646
        1124    0x12 0xa9 0x08 0x98                                                                                                                                                        NE r20, r10, r16
        1128    0x00 0x00                                                                        NOPX
        1130    0x00 0x00                                                                        NOPX
        1132    0x00 0x00                                                                        NOPX
        1134    0x00 0x00                                                                        NOPX
        1136    0x14 0x65 0x22 0x98                                                                                                                                                        ADC r18, r17, r18
        1140    0xfa 0x4a 0xba 0xd6 0x79 0x5c                                                                                                                ST r18, [sp, #-48];           LTU r21, r21, r19
        1146    0x14 0xa3 0x1a 0x98                                                                                                                                                        LT r17, r18, r17
        1150    0x95 0x9a 0x09 0x33 0xaa 0xa4                                                                                                                                              EQZ r22, r18;                 ADD.NC r18, r19, r21
        1156    0xe3 0xca 0x3b 0x4a 0x89 0x5c                                                                                                                ST r18, [p7], #4;             AND r18, r22, r20
        1162    0x14 0x63 0x25 0x98                                                                                                                                                        OR r17, r17, r18
        1166    0x88 0x00 0xb0 0x40 0x01 0x84                                                                                                                                              JNZ r17, #352
        1172    0x00 0x00                                                                        NOPX
        1174    0x00 0x00                                                                        NOPX
        1176    0x00 0x00                                                                        NOPX
        1178    0x00 0x00                                                                        NOPX
        1180    0x00 0x00                                                                        NOPX
.loop_nesting 0
        1182    0x07 0xd4 0x39 0x18                                                              LDA lr, [sp, #-44]
        1186    0x07 0xf9 0x11 0x18                                                              LDA r8, [sp, #-8]
        1190    0x07 0xf5 0x31 0x18                                                              LDA r9, [sp, #-12]
        1194    0x07 0xf1 0x51 0x18                                                              LDA r10, [sp, #-16]
        1198    0x07 0xed 0x71 0x18                                                              LDA r11, [sp, #-20]
        1202    0x07 0xe9 0x91 0x18                                                              LDA r12, [sp, #-24]
        1206    0x07 0xe5 0xb1 0x18                                                              LDA r13, [sp, #-28]
        1210    0x07 0xe1 0xd1 0x18                                                              LDA r14, [sp, #-32]
        1214    0x07 0xdd 0xf1 0x18                                                              LDA r15, [sp, #-36]
        1218    0x07 0xdb 0x19 0x18                                                              LDA p6, [sp, #-40]
        1222    0x07 0xff 0x99 0x18                                                              LDA p7, [sp, #-4]
        1226    0x10 0x28 0x00 0x18                                                                                                                                                        RET lr
        1230    0x00 0x00                                                                        NOPX
        1232    0x00 0x00                                                                        NOPX
        1234    0x00 0x00                                                                        NOPX
        1236    0x00 0x00                                                                        NOPX
        1238    0xff 0xf8 0x00 0x00 0x01 0xc4                                                                                                                                              PADDXM [sp], #-64
.label core_0_2__end

.text_segment PM   1248
.label llvm___aie2p___acquire
.function_start
        1248    0x10 0x12 0x18 0x18                                                                                                                                                        ACQ r0, r1
        1252    0x10 0x28 0x00 0x18                                                                                                                                                        RET lr
        1256    0x00 0x00                                                                        NOPX
        1258    0x00 0x00                                                                        NOPX
        1260    0x00 0x00                                                                        NOPX
        1262    0x00 0x00                                                                        NOPX
        1264    0x00 0x00                                                                        NOPX
.label llvm___aie2p___acquire__end

.text_segment PM   1280
.label llvm___aie2p___release
.function_start
        1280    0x10 0x10 0x18 0x18                                                                                                                                                        REL r0, r1
        1284    0x10 0x28 0x00 0x18                                                                                                                                                        RET lr
        1288    0x00 0x00                                                                        NOPX
        1290    0x00 0x00                                                                        NOPX
        1292    0x00 0x00                                                                        NOPX
        1294    0x00 0x00                                                                        NOPX
        1296    0x00 0x00                                                                        NOPX
.label llvm___aie2p___release__end

.text_segment PM   1312
.label matmul_vectorized_bfp16
.function_start
        1312    0x00 0x64 0x00 0x00 0x20 0x28 0x0a 0x60 0x78 0xba                                MOVA r4, #3;                                                                              MOVX r2, #1;                  MOV r0, p2
        1322    0x00 0x85 0x40 0x00 0x10 0x4b 0x08 0x00 0x58 0xba                                MOVA lc, #4;                                                                              MOVX r1, #2;                  MOV r24, #0
        1332    0x00 0x07 0x00 0x00 0x01 0xe9 0xb7 0x86 0x10 0xba                                MOVA r7, #0;                                                                              MOVXM p3, #503564
        1342    0x60 0xee 0xd0 0x00 0x01 0xec 0x69 0x8a 0x10 0xba                                LDA r27, [p3];                                                                            MOVXM r3, #504596
        1352    0x00 0x1a 0x00 0x00 0x01 0xfa 0x37 0x8a 0x10 0xba                                MOVA r26, #0;                                                                             MOVXM p4, #519956
        1362    0x80 0xc8 0x50 0x00 0x00 0x00 0xaa 0x00 0x10 0xba                                LDA.s8 r18, [p4];                                                                         MOVXM r5, #1024
        1372    0x61 0x90 0x00 0x00 0x01 0xe8 0xcf 0x8a 0x10 0xba                                MOVA r16, #780;                                                                           MOVXM r6, #503572
        1382    0x00 0x14 0x00 0x00 0x00 0x00 0x7a 0xe8 0x10 0xba                                MOVA r20, #0;                                                                             MOVXM ls, #1488
        1392    0x00 0x00 0x06 0xf6 0x80 0x44                                                                                                                                              MOVXM le, #2880
        1398    0x00 0x40 0x00 0x00 0x01 0xc4                                                                                                                                              PADDXM [sp], #512
        1404    0x09 0x03 0x00 0x01 0x11 0x92 0x4d 0xce 0x78 0xba                                MOVA r3, #72;                                                                             SEL.EQZ r17, r0, r3, r27;     MOV el9, r27
        1414    0xdc 0xc0 0xe0 0x25 0x02 0xa4                                                                                                                                              ADD r19, r27, #1;             ADD.NC r0, r5, r0
        1420    0x08 0x05 0x00 0x37 0xb1 0x3c 0x59 0x0e 0x78 0xba                                MOVA r5, #64;                                                                             EQ r27, r27, r2;              MOV r2, el9
        1430    0x88 0x00 0x48 0xe4 0x39 0xe4                                                                                                                                              SEL.EQZ r0, r17, r0, r27;     MOV r17, el9
        1436    0x16 0xc8 0xff 0x72 0x41 0xe4                                                                                                                                              EQ r27, r2, r4;               MOV crRnd, r18
        1442    0x00 0x13 0x00 0x26 0x2c 0x12 0x49 0x60 0x78 0xba                                MOVA r19, #0;                                                                             SEL.EQZ r2, r19, r24, r27;    MOV r18, p1
        1452    0x60 0x8a 0x30 0x23 0xb0 0xbc 0x28 0x60 0x79 0x3a                                                                                            ST r2, [p3];                  EQ r27, r17, r1;              MOV r1, p0
        1462    0x00 0x2c 0xf0 0x01 0x5b 0x00 0x00 0x00 0x62 0x7a                                NOPA;                                                       NOPS;                         SEL.EQZ r0, r0, r6, r27
        1472    0x00 0x2c 0xf0 0x00 0x23 0x80 0x0b 0x1f 0xff 0xfe 0x2f 0xf8 0x10 0x00 0x00 0xe1  NOPA;                         NOPB;                         MOVS p3, r0;                  MOVXM r17, #2147483632;                                               NOPV
.label ZLS_Fmatmul_vectorized_bfp16_176
.loop_nesting 1
.begin_of_loop
        1488    0xff 0xc8 0xf0 0x23 0x5a 0x26 0xec 0x90 0x78 0xba                                VLDA lfh1, [sp, #-64];                                                                    AND r21, r17, r20;            MOV r23, r18
        1498    0xff 0x58 0xf0 0x27 0x62 0xa7 0x88 0x50 0x78 0xba                                VLDA lfl1, [sp, #-128];                                                                   AND r22, r19, r5;             MOV r28, r1
        1508    0x00 0x18 0x00 0x07 0xca 0xb3 0x28 0x00 0x58 0xba                                MOVA r24, #0;                                                                             MAC r28, r28, r3, r21;        MOV r25, #0
        1518    0x63 0x95 0x70 0x07 0x7b 0x32 0x6c 0xd0 0x08 0xba                                VLDA.CONV.fp32.bf16 cml1, [p3], #64;                                                      MAC r23, r23, r3, r22;        ADD.NC r19, r19, #64
        1528    0x63 0x9d 0x71 0x9c 0x0b 0x02 0x8d 0x02 0x02 0xba                                VLDA.CONV.fp32.bf16 cmh1, [p3], #64;                        MOVS p1, r28;                                               ADD.NC r20, r20, #8
        1538    0x63 0xa5 0x75 0x14 0x14 0x00 0x35 0xd0 0x7e 0xba                                VLDA.CONV.fp32.bf16 cml2, [p3], #64;VLDB.FILL.512 [p1, lf1, r25];                                                       MOV p0, r23
        1548    0x02 0x81 0x76 0x00 0x28 0x3c                                                    VLDA.FILL.512 [p0, lf0, r24]; VLDB.POP.576 ex0, [p1, lf1, r25]
        1554    0x80 0x11 0x76 0x00 0xa8 0x3c                                                    VLDA.POP.576 ex2, [p0, lf0, r24];VLDB.POP.576 ex1, [p1, lf1, r25]
        1560    0x80 0x19 0x76 0x02 0x28 0x3c                                                    VLDA.POP.576 ex3, [p0, lf0, r24];VLDB.POP.576 ex4, [p1, lf1, r25]
        1566    0x80 0x29 0x76 0x03 0x28 0x3c                                                    VLDA.POP.576 ex5, [p0, lf0, r24];VLDB.POP.576 ex6, [p1, lf1, r25]
        1572    0x80 0x39 0x76 0x00 0x28 0x3c                                                    VLDA.POP.576 ex7, [p0, lf0, r24];VLDB.POP.576 ex0, [p1, lf1, r25]
        1578    0x63 0xad 0x74 0x01 0x28 0x3c                                                    VLDA.CONV.fp32.bf16 cmh2, [p3], #64;VLDB.POP.576 ex2, [p0, lf0, r24]
        1584    0x63 0xb5 0x76 0x00 0xa8 0x3c                                                    VLDA.CONV.fp32.bf16 cml3, [p3], #64;VLDB.POP.576 ex1, [p1, lf1, r25]
        1590    0x63 0xbd 0x74 0x01 0xa8 0x3c                                                    VLDA.CONV.fp32.bf16 cmh3, [p3], #64;VLDB.POP.576 ex3, [p0, lf0, r24]
        1596    0x63 0xc5 0x76 0x02 0x28 0x3c                                                    VLDA.CONV.fp32.bf16 cml4, [p3], #64;VLDB.POP.576 ex4, [p1, lf1, r25]
        1602    0x73 0xcd 0x72 0x01 0x54 0x1d 0x81 0x20 0x49 0x4a                                VLDA.CONV.fp32.bf16 cmh4, [p3], #-448;VLDB.POP.576 ex5, [p0, lf0, r24];                                                                                         VMAC.f dm1, dm1, ex0, ex2, r16
        1612    0xa0 0x31 0x72 0x01 0xd4 0x1d 0x82 0x40 0x69 0x4a                                VLDA.POP.576 ex6, [p1, lf1, r25];VLDB.POP.576 ex7, [p0, lf0, r24];                                                                                              VMAC.f dm2, dm2, ex0, ex3, r16
        1622    0x22 0x81 0x74 0x14 0x14 0x1d 0x83 0x62 0x49 0x4a                                VLDA.FILL.512 [p1, lf1, r25]; VLDB.FILL.512 [p0, lf0, r24];                                                                                                     VMAC.f dm3, dm3, ex1, ex2, r16
        1632    0xa0 0x01 0x72 0x00 0x94 0x1d 0x81 0x28 0xa9 0x4a                                VLDA.POP.576 ex0, [p1, lf1, r25];VLDB.POP.576 ex2, [p0, lf0, r24];                                                                                              VMAC.f dm1, dm1, ex4, ex5, r16
        1642    0xa0 0x09 0x72 0x00 0xd4 0x1d 0x84 0x82 0x69 0x4a                                VLDA.POP.576 ex1, [p1, lf1, r25];VLDB.POP.576 ex3, [p0, lf0, r24];                                                                                              VMAC.f dm4, dm4, ex1, ex3, r16
        1652    0x82 0x48 0xe9 0x48                                                                                                                                                                                                                              VMAC.f dm2, dm2, ex4, ex7, r16
        1656    0x03 0x01 0x14 0x00 0x83 0x6c 0xa9 0x62                                                                        VLDB.POP.576 ex4, [p1, lf1, r25];                                                                                                 VMAC.f dm3, dm3, ex6, ex5, r16
        1664    0x02 0x01 0x54 0x00 0x84 0x8c 0xe9 0x62                                                                        VLDB.POP.576 ex5, [p0, lf0, r24];                                                                                                 VMAC.f dm4, dm4, ex6, ex7, r16
        1672    0xa0 0x31 0x72 0x01 0xd4 0x1d 0x81 0x20 0x49 0x4a                                VLDA.POP.576 ex6, [p1, lf1, r25];VLDB.POP.576 ex7, [p0, lf0, r24];                                                                                              VMAC.f dm1, dm1, ex0, ex2, r16
        1682    0x82 0x40 0x69 0x48                                                                                                                                                                                                                              VMAC.f dm2, dm2, ex0, ex3, r16
        1686    0x03 0x00 0x14 0x00 0x83 0x62 0x49 0x62                                                                        VLDB.POP.576 ex0, [p1, lf1, r25];                                                                                                 VMAC.f dm3, dm3, ex1, ex2, r16
        1694    0x02 0x00 0x94 0x00 0x84 0x82 0x69 0x62                                                                        VLDB.POP.576 ex2, [p0, lf0, r24];                                                                                                 VMAC.f dm4, dm4, ex1, ex3, r16
        1702    0xa0 0x09 0x72 0x00 0xd4 0x1d 0x81 0x28 0xa9 0x4a                                VLDA.POP.576 ex1, [p1, lf1, r25];VLDB.POP.576 ex3, [p0, lf0, r24];                                                                                              VMAC.f dm1, dm1, ex4, ex5, r16
        1712    0x82 0x48 0xe9 0x48                                                                                                                                                                                                                              VMAC.f dm2, dm2, ex4, ex7, r16
        1716    0x03 0x01 0x14 0x00 0x83 0x6c 0xa9 0x62                                                                        VLDB.POP.576 ex4, [p1, lf1, r25];                                                                                                 VMAC.f dm3, dm3, ex6, ex5, r16
        1724    0x02 0x01 0x54 0x00 0x84 0x8c 0xe9 0x62                                                                        VLDB.POP.576 ex5, [p0, lf0, r24];                                                                                                 VMAC.f dm4, dm4, ex6, ex7, r16
        1732    0x80 0x39 0x73 0x01 0x94 0x1d 0x81 0x20 0x49 0x4a                                VLDA.POP.576 ex7, [p0, lf0, r24];VLDB.POP.576 ex6, [p1, lf1, r25];                                                                                              VMAC.f dm1, dm1, ex0, ex2, r16
        1742    0xfe 0xc8 0xf8 0x28 0x28 0x32 0x01 0x16 0xe2 0x0f 0x82 0x40 0x69 0x4e            VLDA lfh1, [sp, #-192];       VLDB.FILL.512 [p0, lf0, r24];                               MOVX r25, #0;                 MOV p1, r28;                            VMAC.f dm2, dm2, ex0, ex3, r16
        1756    0xfe 0x58 0xf4 0x05 0x28 0xc2 0xc0 0xe2 0x83 0x62 0x49 0x66                      VLDA lfl1, [sp, #-256];       VLDB.POP.576 ex10, [p0, lf0, r24];                                                        MOV dc0, p1;                            VMAC.f dm3, dm3, ex1, ex2, r16
        1768    0x22 0x81 0x72 0x02 0xd4 0x1d 0x84 0x82 0x69 0x4a                                VLDA.FILL.512 [p1, lf1, r25]; VLDB.POP.576 ex11, [p0, lf0, r24];                                                                                                VMAC.f dm4, dm4, ex1, ex3, r16
        1778    0x03 0x02 0x14 0x00 0x81 0x28 0xa9 0x62                                                                        VLDB.POP.576 ex8, [p1, lf1, r25];                                                                                                 VMAC.f dm1, dm1, ex4, ex5, r16
        1786    0x03 0x02 0x54 0x00 0x82 0x48 0xe9 0x62                                                                        VLDB.POP.576 ex9, [p1, lf1, r25];                                                                                                 VMAC.f dm2, dm2, ex4, ex7, r16
        1794    0x03 0x01 0x14 0x00 0x83 0x6c 0xa9 0x62                                                                        VLDB.POP.576 ex4, [p1, lf1, r25];                                                                                                 VMAC.f dm3, dm3, ex6, ex5, r16
        1802    0xff 0xcd 0x62 0x01 0x54 0x01 0x84 0x8c 0xe9 0x4a                                                              VLDB.POP.576 ex5, [p0, lf0, r24];VST lfh1, [sp, #-64];                                                                            VMAC.f dm4, dm4, ex6, ex7, r16
        1812    0xa0 0x31 0x74 0x03 0xab 0xfd 0x75 0x8e 0x81 0x20 0x49 0x66                      VLDA.POP.576 ex6, [p1, lf1, r25];VLDB.POP.576 ex7, [p0, lf0, r24];VST lfl1, [sp, #-128];                                                                        VMAC.f dm1, dm1, ex0, ex2, r16
        1824    0x82 0x40 0x69 0x48                                                                                                                                                                                                                              VMAC.f dm2, dm2, ex0, ex3, r16
        1828    0x83 0x62 0x49 0x48                                                                                                                                                                                                                              VMAC.f dm3, dm3, ex1, ex2, r16
        1832    0x84 0x82 0x69 0x48                                                                                                                                                                                                                              VMAC.f dm4, dm4, ex1, ex3, r16
        1836    0x81 0x28 0xa9 0x48                                                                                                                                                                                                                              VMAC.f dm1, dm1, ex4, ex5, r16
        1840    0x82 0x48 0xe9 0x48                                                                                                                                                                                                                              VMAC.f dm2, dm2, ex4, ex7, r16
        1844    0x83 0x6c 0xa9 0x48                                                                                                                                                                                                                              VMAC.f dm3, dm3, ex6, ex5, r16
        1848    0x84 0x8c 0xe9 0x48                                                                                                                                                                                                                              VMAC.f dm4, dm4, ex6, ex7, r16
        1852    0x00 0x00                                                                        NOPX
        1854    0x00 0x00                                                                        NOPX
        1856    0x0b 0x1c 0xa3 0x18                                                                                                                          VST.CONV.bf16.fp32 cml1, [p3], #64
        1860    0x0b 0x7c 0xe3 0x18                                                                                                                          VST.CONV.bf16.fp32 cmh1, [p3], #448
        1864    0x03 0x1c 0xab 0x98                                                              VLDA.CONV.fp32.bf16 cml1, [p3], #64
        1868    0x03 0x9c 0xeb 0x98                                                              VLDA.CONV.fp32.bf16 cmh1, [p3], #-448
        1872    0x60 0x42 0x86 0x3a 0x46 0x4c                                                                                  VLDB.POP.576 ex8, [p1, lf1, r25];VST.CONV.bf16.fp32 cml2, [p3], #64
        1878    0x0b 0x7d 0x63 0x18                                                                                                                          VST.CONV.bf16.fp32 cmh2, [p3], #448
        1882    0x03 0x1d 0x2b 0x98                                                              VLDA.CONV.fp32.bf16 cml2, [p3], #64
        1886    0x73 0xad 0x70 0x04 0x81 0x31 0x49 0x62                                          VLDA.CONV.fp32.bf16 cmh2, [p3], #-448;                                                                                                                          VMAC.f dm1, dm1, ex8, ex10, r16
        1894    0x40 0x52 0x86 0x3b 0x46 0x4c                                                                                  VLDB.POP.576 ex10, [p0, lf0, r24];VST.CONV.bf16.fp32 cml3, [p3], #64
        1900    0x0b 0x7d 0xe3 0x18                                                                                                                          VST.CONV.bf16.fp32 cmh3, [p3], #448
        1904    0x63 0xb5 0x70 0x04 0x81 0x28 0xa9 0x62                                          VLDA.CONV.fp32.bf16 cml3, [p3], #64;                                                                                                                            VMAC.f dm1, dm1, ex4, ex5, r16
        1912    0x73 0xbd 0x70 0x04 0x82 0x51 0x69 0x62                                          VLDA.CONV.fp32.bf16 cmh3, [p3], #-448;                                                                                                                          VMAC.f dm2, dm2, ex8, ex11, r16
        1920    0xa0 0x49 0x74 0x05 0xab 0x1e 0x23 0x32                                          VLDA.POP.576 ex9, [p1, lf1, r25];VLDB.POP.576 ex11, [p0, lf0, r24];VST.CONV.bf16.fp32 cml4, [p3], #64
        1928    0xa0 0x21 0x74 0x02 0xab 0x7e 0x63 0x32                                          VLDA.POP.576 ex4, [p1, lf1, r25];VLDB.POP.576 ex5, [p0, lf0, r24];VST.CONV.bf16.fp32 cmh4, [p3], #448
        1936    0x63 0xc5 0x70 0x04 0x82 0x48 0xe9 0x62                                          VLDA.CONV.fp32.bf16 cml4, [p3], #64;                                                                                                                            VMAC.f dm2, dm2, ex4, ex7, r16
        1944    0x73 0xcd 0x73 0x01 0x94 0x1d 0x83 0x73 0x49 0x4a                                VLDA.CONV.fp32.bf16 cmh4, [p3], #-448;VLDB.POP.576 ex6, [p1, lf1, r25];                                                                                         VMAC.f dm3, dm3, ex9, ex10, r16
        1954    0x80 0x39 0x75 0x14 0x14 0x1d 0x81 0x31 0x49 0x4a                                VLDA.POP.576 ex7, [p0, lf0, r24];VLDB.FILL.512 [p1, lf1, r25];                                                                                                  VMAC.f dm1, dm1, ex8, ex10, r16
        1964    0x02 0x81 0x76 0x04 0x28 0x3c                                                    VLDA.FILL.512 [p0, lf0, r24]; VLDB.POP.576 ex8, [p1, lf1, r25]
        1970    0x80 0x51 0x73 0x02 0x54 0x1d 0x83 0x6c 0xa9 0x4a                                VLDA.POP.576 ex10, [p0, lf0, r24];VLDB.POP.576 ex9, [p1, lf1, r25];                                                                                             VMAC.f dm3, dm3, ex6, ex5, r16
        1980    0x80 0x59 0x73 0x01 0x14 0x1d 0x84 0x93 0x69 0x4a                                VLDA.POP.576 ex11, [p0, lf0, r24];VLDB.POP.576 ex4, [p1, lf1, r25];                                                                                             VMAC.f dm4, dm4, ex9, ex11, r16
        1990    0x02 0x01 0x54 0x00 0x82 0x51 0x69 0x62                                                                        VLDB.POP.576 ex5, [p0, lf0, r24];                                                                                                 VMAC.f dm2, dm2, ex8, ex11, r16
        1998    0xa0 0x31 0x72 0x01 0xd4 0x1d 0x83 0x73 0x49 0x4a                                VLDA.POP.576 ex6, [p1, lf1, r25];VLDB.POP.576 ex7, [p0, lf0, r24];                                                                                              VMAC.f dm3, dm3, ex9, ex10, r16
        2008    0x03 0x02 0x14 0x00 0x84 0x8c 0xe9 0x62                                                                        VLDB.POP.576 ex8, [p1, lf1, r25];                                                                                                 VMAC.f dm4, dm4, ex6, ex7, r16
        2016    0x02 0x02 0x94 0x00 0x81 0x28 0xa9 0x62                                                                        VLDB.POP.576 ex10, [p0, lf0, r24];                                                                                                VMAC.f dm1, dm1, ex4, ex5, r16
        2024    0xa0 0x49 0x72 0x02 0xd4 0x1d 0x82 0x48 0xe9 0x4a                                VLDA.POP.576 ex9, [p1, lf1, r25];VLDB.POP.576 ex11, [p0, lf0, r24];                                                                                             VMAC.f dm2, dm2, ex4, ex7, r16
        2034    0x84 0x93 0x69 0x48                                                                                                                                                                                                                              VMAC.f dm4, dm4, ex9, ex11, r16
        2038    0x03 0x01 0x14 0x00 0x83 0x6c 0xa9 0x62                                                                        VLDB.POP.576 ex4, [p1, lf1, r25];                                                                                                 VMAC.f dm3, dm3, ex6, ex5, r16
        2046    0x02 0x01 0x54 0x00 0x81 0x31 0x49 0x62                                                                        VLDB.POP.576 ex5, [p0, lf0, r24];                                                                                                 VMAC.f dm1, dm1, ex8, ex10, r16
        2054    0x80 0x39 0x73 0x01 0x94 0x1d 0x84 0x8c 0xe9 0x4a                                VLDA.POP.576 ex7, [p0, lf0, r24];VLDB.POP.576 ex6, [p1, lf1, r25];                                                                                              VMAC.f dm4, dm4, ex6, ex7, r16
        2064    0xfd 0x48 0xf8 0x28 0x28 0x32 0x01 0x16 0x18 0x0f 0x82 0x51 0x69 0x4e            VLDA lfh1, [sp, #-384];       VLDB.FILL.512 [p0, lf0, r24];                               MOVX r25, #0;                 MOV p1, dc0;                            VMAC.f dm2, dm2, ex8, ex11, r16
        2078    0xfd 0xd8 0xf4 0x01 0x28 0x42 0xc0 0xe2 0x83 0x73 0x49 0x66                      VLDA lfl1, [sp, #-320];       VLDB.POP.576 ex2, [p0, lf0, r24];                                                         MOV dn0, p1;                            VMAC.f dm3, dm3, ex9, ex10, r16
        2090    0x22 0x81 0x72 0x00 0xd4 0x1d 0x84 0x93 0x69 0x4a                                VLDA.FILL.512 [p1, lf1, r25]; VLDB.POP.576 ex3, [p0, lf0, r24];                                                                                                 VMAC.f dm4, dm4, ex9, ex11, r16
        2100    0x03 0x00 0x14 0x00 0x81 0x28 0xa9 0x62                                                                        VLDB.POP.576 ex0, [p1, lf1, r25];                                                                                                 VMAC.f dm1, dm1, ex4, ex5, r16
        2108    0x03 0x00 0x54 0x00 0x82 0x48 0xe9 0x62                                                                        VLDB.POP.576 ex1, [p1, lf1, r25];                                                                                                 VMAC.f dm2, dm2, ex4, ex7, r16
        2116    0x03 0x01 0x14 0x00 0x83 0x6c 0xa9 0x62                                                                        VLDB.POP.576 ex4, [p1, lf1, r25];                                                                                                 VMAC.f dm3, dm3, ex6, ex5, r16
        2124    0xfe 0xcd 0x62 0x01 0x54 0x01 0x84 0x8c 0xe9 0x4a                                                              VLDB.POP.576 ex5, [p0, lf0, r24];VST lfh1, [sp, #-192];                                                                           VMAC.f dm4, dm4, ex6, ex7, r16
        2134    0x80 0x39 0x76 0x03 0x2b 0xf9 0x75 0x8e 0x81 0x31 0x49 0x66                      VLDA.POP.576 ex7, [p0, lf0, r24];VLDB.POP.576 ex6, [p1, lf1, r25];VST lfl1, [sp, #-256];                                                                        VMAC.f dm1, dm1, ex8, ex10, r16
        2146    0x82 0x51 0x69 0x48                                                                                                                                                                                                                              VMAC.f dm2, dm2, ex8, ex11, r16
        2150    0x83 0x73 0x49 0x48                                                                                                                                                                                                                              VMAC.f dm3, dm3, ex9, ex10, r16
        2154    0x84 0x93 0x69 0x48                                                                                                                                                                                                                              VMAC.f dm4, dm4, ex9, ex11, r16
        2158    0x81 0x28 0xa9 0x48                                                                                                                                                                                                                              VMAC.f dm1, dm1, ex4, ex5, r16
        2162    0x82 0x48 0xe9 0x48                                                                                                                                                                                                                              VMAC.f dm2, dm2, ex4, ex7, r16
        2166    0x83 0x6c 0xa9 0x48                                                                                                                                                                                                                              VMAC.f dm3, dm3, ex6, ex5, r16
        2170    0x84 0x8c 0xe9 0x48                                                                                                                                                                                                                              VMAC.f dm4, dm4, ex6, ex7, r16
        2174    0x00 0x00                                                                        NOPX
        2176    0x00 0x00                                                                        NOPX
        2178    0x0b 0x1c 0xa3 0x18                                                                                                                          VST.CONV.bf16.fp32 cml1, [p3], #64
        2182    0x0b 0x7c 0xe3 0x18                                                                                                                          VST.CONV.bf16.fp32 cmh1, [p3], #448
        2186    0x03 0x1c 0xab 0x98                                                              VLDA.CONV.fp32.bf16 cml1, [p3], #64
        2190    0x03 0x9c 0xeb 0x98                                                              VLDA.CONV.fp32.bf16 cmh1, [p3], #-448
        2194    0x60 0x02 0x86 0x3a 0x46 0x4c                                                                                  VLDB.POP.576 ex0, [p1, lf1, r25];VST.CONV.bf16.fp32 cml2, [p3], #64
        2200    0x0b 0x7d 0x63 0x18                                                                                                                          VST.CONV.bf16.fp32 cmh2, [p3], #448
        2204    0x03 0x1d 0x2b 0x98                                                              VLDA.CONV.fp32.bf16 cml2, [p3], #64
        2208    0x73 0xad 0x70 0x04 0x81 0x20 0x49 0x62                                          VLDA.CONV.fp32.bf16 cmh2, [p3], #-448;                                                                                                                          VMAC.f dm1, dm1, ex0, ex2, r16
        2216    0x40 0x12 0x86 0x3b 0x46 0x4c                                                                                  VLDB.POP.576 ex2, [p0, lf0, r24];VST.CONV.bf16.fp32 cml3, [p3], #64
        2222    0x0b 0x7d 0xe3 0x18                                                                                                                          VST.CONV.bf16.fp32 cmh3, [p3], #448
        2226    0x63 0xb5 0x70 0x04 0x81 0x28 0xa9 0x62                                          VLDA.CONV.fp32.bf16 cml3, [p3], #64;                                                                                                                            VMAC.f dm1, dm1, ex4, ex5, r16
        2234    0x73 0xbd 0x70 0x04 0x82 0x40 0x69 0x62                                          VLDA.CONV.fp32.bf16 cmh3, [p3], #-448;                                                                                                                          VMAC.f dm2, dm2, ex0, ex3, r16
        2242    0x80 0x19 0x76 0x00 0xab 0x1e 0x23 0x32                                          VLDA.POP.576 ex3, [p0, lf0, r24];VLDB.POP.576 ex1, [p1, lf1, r25];VST.CONV.bf16.fp32 cml4, [p3], #64
        2250    0xa0 0x21 0x74 0x02 0xab 0x7e 0x63 0x32                                          VLDA.POP.576 ex4, [p1, lf1, r25];VLDB.POP.576 ex5, [p0, lf0, r24];VST.CONV.bf16.fp32 cmh4, [p3], #448
        2258    0x63 0xc5 0x70 0x04 0x82 0x48 0xe9 0x62                                          VLDA.CONV.fp32.bf16 cml4, [p3], #64;                                                                                                                            VMAC.f dm2, dm2, ex4, ex7, r16
        2266    0x73 0xcd 0x73 0x01 0x94 0x1d 0x83 0x62 0x49 0x4a                                VLDA.CONV.fp32.bf16 cmh4, [p3], #-448;VLDB.POP.576 ex6, [p1, lf1, r25];                                                                                         VMAC.f dm3, dm3, ex1, ex2, r16
        2276    0x80 0x39 0x75 0x14 0x14 0x1d 0x81 0x20 0x49 0x4a                                VLDA.POP.576 ex7, [p0, lf0, r24];VLDB.FILL.512 [p1, lf1, r25];                                                                                                  VMAC.f dm1, dm1, ex0, ex2, r16
        2286    0x02 0x81 0x76 0x00 0x28 0x3c                                                    VLDA.FILL.512 [p0, lf0, r24]; VLDB.POP.576 ex0, [p1, lf1, r25]
        2292    0x80 0x11 0x73 0x00 0x54 0x1d 0x83 0x6c 0xa9 0x4a                                VLDA.POP.576 ex2, [p0, lf0, r24];VLDB.POP.576 ex1, [p1, lf1, r25];                                                                                              VMAC.f dm3, dm3, ex6, ex5, r16
        2302    0x80 0x19 0x73 0x01 0x14 0x1d 0x84 0x82 0x69 0x4a                                VLDA.POP.576 ex3, [p0, lf0, r24];VLDB.POP.576 ex4, [p1, lf1, r25];                                                                                              VMAC.f dm4, dm4, ex1, ex3, r16
        2312    0x02 0x01 0x54 0x00 0x82 0x40 0x69 0x62                                                                        VLDB.POP.576 ex5, [p0, lf0, r24];                                                                                                 VMAC.f dm2, dm2, ex0, ex3, r16
        2320    0xa0 0x31 0x72 0x01 0xd4 0x1d 0x83 0x62 0x49 0x4a                                VLDA.POP.576 ex6, [p1, lf1, r25];VLDB.POP.576 ex7, [p0, lf0, r24];                                                                                              VMAC.f dm3, dm3, ex1, ex2, r16
        2330    0x03 0x00 0x14 0x00 0x84 0x8c 0xe9 0x62                                                                        VLDB.POP.576 ex0, [p1, lf1, r25];                                                                                                 VMAC.f dm4, dm4, ex6, ex7, r16
        2338    0x02 0x00 0x94 0x00 0x81 0x28 0xa9 0x62                                                                        VLDB.POP.576 ex2, [p0, lf0, r24];                                                                                                 VMAC.f dm1, dm1, ex4, ex5, r16
        2346    0xa0 0x09 0x72 0x00 0xd4 0x1d 0x82 0x48 0xe9 0x4a                                VLDA.POP.576 ex1, [p1, lf1, r25];VLDB.POP.576 ex3, [p0, lf0, r24];                                                                                              VMAC.f dm2, dm2, ex4, ex7, r16
        2356    0xfc 0x48 0xf0 0x00 0x21 0x04 0x8b 0x01 0x90 0x0b 0xae 0x50 0x7c 0x24 0x13 0x4b  VLDA lfh1, [sp, #-512];       NOPB;                         MOVS dc1, p1;                 MOVX r25, #0;                 MOV r29, r25;                           VMAC.f dm4, dm4, ex1, ex3, r16
        2372    0xfc 0xd8 0xf1 0x60 0x80 0xe2 0x83 0x6c 0xa9 0x4a                                VLDA lfl1, [sp, #-448];                                                                                                 MOV p1, dn0;                            VMAC.f dm3, dm3, ex6, ex5, r16
        2382    0x22 0x81 0x72 0x01 0x54 0x1d 0x81 0x20 0x49 0x4a                                VLDA.FILL.512 [p1, lf1, r25]; VLDB.POP.576 ex5, [p0, lf0, r24];                                                                                                 VMAC.f dm1, dm1, ex0, ex2, r16
        2392    0x02 0x01 0xd4 0x00 0x84 0x8c 0xe9 0x62                                                                        VLDB.POP.576 ex7, [p0, lf0, r24];                                                                                                 VMAC.f dm4, dm4, ex6, ex7, r16
        2400    0x04 0x14 0x14 0x00 0x82 0x40 0x69 0x62                                                                        VLDB.FILL.512 [p0, lf0, r24];                                                                                                     VMAC.f dm2, dm2, ex0, ex3, r16
        2408    0x03 0x00 0x14 0x00 0x83 0x62 0x49 0x62                                                                        VLDB.POP.576 ex0, [p1, lf1, r25];                                                                                                 VMAC.f dm3, dm3, ex1, ex2, r16
        2416    0xfd 0x4d 0x62 0x00 0x94 0x01 0x84 0x82 0x69 0x4a                                                              VLDB.POP.576 ex2, [p0, lf0, r24];VST lfh1, [sp, #-384];                                                                           VMAC.f dm4, dm4, ex1, ex3, r16
        2426    0xa0 0x09 0x74 0x01 0xab 0xf7 0x75 0x8e 0x81 0x28 0xa9 0x66                      VLDA.POP.576 ex1, [p1, lf1, r25];VLDB.POP.576 ex3, [p0, lf0, r24];VST lfl1, [sp, #-320];                                                                        VMAC.f dm1, dm1, ex4, ex5, r16
        2438    0x03 0x02 0x54 0x00 0x82 0x48 0xe9 0x62                                                                        VLDB.POP.576 ex9, [p1, lf1, r25];                                                                                                 VMAC.f dm2, dm2, ex4, ex7, r16
        2446    0x03 0x02 0xd4 0x00 0x83 0x6c 0xa9 0x62                                                                        VLDB.POP.576 ex11, [p1, lf1, r25];                                                                                                VMAC.f dm3, dm3, ex6, ex5, r16
        2454    0xfd 0x48 0xf2 0x89 0x16 0x00 0x00 0x7c 0xe5 0x07 0x84 0x8c 0xe9 0x6e            VLDA lfh1, [sp, #-384];                                     MOVS dn1, p1;                                               MOV r30, r25;                           VMAC.f dm4, dm4, ex6, ex7, r16
        2468    0xfd 0xd8 0xf3 0x08 0x96 0x00 0x00 0x72 0xf5 0x07 0x81 0x20 0x49 0x6e            VLDA lfl1, [sp, #-320];                                     MOVS p1, dc1;                                               MOV r25, r29;                           VMAC.f dm1, dm1, ex0, ex2, r16
        2482    0x03 0x01 0x14 0x00 0x82 0x40 0x69 0x62                                                                        VLDB.POP.576 ex4, [p1, lf1, r25];                                                                                                 VMAC.f dm2, dm2, ex0, ex3, r16
        2490    0x03 0x01 0x94 0x00 0x83 0x62 0x49 0x62                                                                        VLDB.POP.576 ex6, [p1, lf1, r25];                                                                                                 VMAC.f dm3, dm3, ex1, ex2, r16
        2498    0x30 0xc9 0x66 0x5f 0x20 0xe4 0x84 0x82 0x69 0x4a                                                                                            MOVS p1, dn1;                                               MOV r25, r30;                           VMAC.f dm4, dm4, ex1, ex3, r16
        2508    0x3a 0x01 0x54 0x18                                                                                            VLDB.POP.576 ex5, [p0, lf0, r24]
        2512    0x40 0x3a 0x8f 0xc4 0xd6 0x4c                                                                                  VLDB.POP.576 ex7, [p0, lf0, r24];VST lfh1, [sp, #-512]
        2518    0x0f 0xe6 0xeb 0x18                                                                                                                          VST lfl1, [sp, #-448]
        2522    0x07 0xe2 0x47 0x98                                                              VLDA lfh1, [sp, #-512]
        2526    0x07 0xe6 0xc7 0x98                                                              VLDA lfl1, [sp, #-448]
        2530    0xfd 0x4d 0x62 0x12 0x5c 0xe4 0x81 0x28 0xa9 0x4a                                                                                            VST lfh1, [sp, #-384];                                      VMOV ex4, ex9;                          VMAC.f dm1, dm1, ex4, ex5, r16
        2540    0xfd 0xdd 0x60 0x02 0x82 0x48 0xe9 0x62                                                                                                      VST lfl1, [sp, #-320];                                                                              VMAC.f dm2, dm2, ex4, ex7, r16
        2548    0x03 0x16 0x5c 0xe6 0x83 0x6c 0xa9 0x62                                                                                                                                                                  VMOV ex6, ex11;                         VMAC.f dm3, dm3, ex6, ex5, r16
        2556    0x84 0x8c 0xe9 0x48                                                                                                                                                                                                                              VMAC.f dm4, dm4, ex6, ex7, r16
        2560    0x00 0x00                                                                        NOPX
        2562    0x00 0x00                                                                        NOPX
        2564    0x0b 0x1c 0xa3 0x18                                                                                                                          VST.CONV.bf16.fp32 cml1, [p3], #64
        2568    0x0b 0x7c 0xe3 0x18                                                                                                                          VST.CONV.bf16.fp32 cmh1, [p3], #448
        2572    0x03 0x1c 0xab 0x98                                                              VLDA.CONV.fp32.bf16 cml1, [p3], #64
        2576    0x03 0x9c 0xeb 0x98                                                              VLDA.CONV.fp32.bf16 cmh1, [p3], #-448
        2580    0x60 0x02 0x86 0x3a 0x46 0x4c                                                                                  VLDB.POP.576 ex0, [p1, lf1, r25];VST.CONV.bf16.fp32 cml2, [p3], #64
        2586    0x0b 0x7d 0x63 0x18                                                                                                                          VST.CONV.bf16.fp32 cmh2, [p3], #448
        2590    0x03 0x1d 0x2b 0x98                                                              VLDA.CONV.fp32.bf16 cml2, [p3], #64
        2594    0x73 0xad 0x70 0x04 0x81 0x20 0x49 0x62                                          VLDA.CONV.fp32.bf16 cmh2, [p3], #-448;                                                                                                                          VMAC.f dm1, dm1, ex0, ex2, r16
        2602    0x40 0x12 0x86 0x3b 0x46 0x4c                                                                                  VLDB.POP.576 ex2, [p0, lf0, r24];VST.CONV.bf16.fp32 cml3, [p3], #64
        2608    0x0b 0x7d 0xe3 0x18                                                                                                                          VST.CONV.bf16.fp32 cmh3, [p3], #448
        2612    0x63 0xb5 0x70 0x04 0x81 0x28 0xa9 0x62                                          VLDA.CONV.fp32.bf16 cml3, [p3], #64;                                                                                                                            VMAC.f dm1, dm1, ex4, ex5, r16
        2620    0x73 0xbd 0x70 0x04 0x82 0x40 0x69 0x62                                          VLDA.CONV.fp32.bf16 cmh3, [p3], #-448;                                                                                                                          VMAC.f dm2, dm2, ex0, ex3, r16
        2628    0xa0 0x09 0x74 0x01 0xab 0x1e 0x23 0x32                                          VLDA.POP.576 ex1, [p1, lf1, r25];VLDB.POP.576 ex3, [p0, lf0, r24];VST.CONV.bf16.fp32 cml4, [p3], #64
        2636    0xa0 0x21 0x74 0x02 0xab 0x7e 0x63 0x32                                          VLDA.POP.576 ex4, [p1, lf1, r25];VLDB.POP.576 ex5, [p0, lf0, r24];VST.CONV.bf16.fp32 cmh4, [p3], #448
        2644    0x63 0xc5 0x70 0x04 0x82 0x48 0xe9 0x62                                          VLDA.CONV.fp32.bf16 cml4, [p3], #64;                                                                                                                            VMAC.f dm2, dm2, ex4, ex7, r16
        2652    0x73 0xcd 0x73 0x01 0x94 0x1d 0x83 0x62 0x49 0x4a                                VLDA.CONV.fp32.bf16 cmh4, [p3], #-448;VLDB.POP.576 ex6, [p1, lf1, r25];                                                                                         VMAC.f dm3, dm3, ex1, ex2, r16
        2662    0x80 0x39 0x75 0x14 0x14 0x1d 0x81 0x20 0x49 0x4a                                VLDA.POP.576 ex7, [p0, lf0, r24];VLDB.FILL.512 [p1, lf1, r25];                                                                                                  VMAC.f dm1, dm1, ex0, ex2, r16
        2672    0x02 0x81 0x76 0x00 0x28 0x3c                                                    VLDA.FILL.512 [p0, lf0, r24]; VLDB.POP.576 ex0, [p1, lf1, r25]
        2678    0x80 0x11 0x73 0x00 0x54 0x1d 0x83 0x6c 0xa9 0x4a                                VLDA.POP.576 ex2, [p0, lf0, r24];VLDB.POP.576 ex1, [p1, lf1, r25];                                                                                              VMAC.f dm3, dm3, ex6, ex5, r16
        2688    0x80 0x19 0x73 0x01 0x14 0x1d 0x84 0x82 0x69 0x4a                                VLDA.POP.576 ex3, [p0, lf0, r24];VLDB.POP.576 ex4, [p1, lf1, r25];                                                                                              VMAC.f dm4, dm4, ex1, ex3, r16
        2698    0x02 0x01 0x54 0x00 0x82 0x40 0x69 0x62                                                                        VLDB.POP.576 ex5, [p0, lf0, r24];                                                                                                 VMAC.f dm2, dm2, ex0, ex3, r16
        2706    0xa0 0x31 0x72 0x01 0xd4 0x1d 0x83 0x62 0x49 0x4a                                VLDA.POP.576 ex6, [p1, lf1, r25];VLDB.POP.576 ex7, [p0, lf0, r24];                                                                                              VMAC.f dm3, dm3, ex1, ex2, r16
        2716    0x03 0x00 0x14 0x00 0x84 0x8c 0xe9 0x62                                                                        VLDB.POP.576 ex0, [p1, lf1, r25];                                                                                                 VMAC.f dm4, dm4, ex6, ex7, r16
        2724    0x02 0x00 0x94 0x00 0x81 0x28 0xa9 0x62                                                                        VLDB.POP.576 ex2, [p0, lf0, r24];                                                                                                 VMAC.f dm1, dm1, ex4, ex5, r16
        2732    0xa0 0x09 0x72 0x00 0xd4 0x1d 0x82 0x48 0xe9 0x4a                                VLDA.POP.576 ex1, [p1, lf1, r25];VLDB.POP.576 ex3, [p0, lf0, r24];                                                                                              VMAC.f dm2, dm2, ex4, ex7, r16
        2742    0x84 0x82 0x69 0x48                                                                                                                                                                                                                              VMAC.f dm4, dm4, ex1, ex3, r16
        2746    0x03 0x01 0x14 0x00 0x83 0x6c 0xa9 0x62                                                                        VLDB.POP.576 ex4, [p1, lf1, r25];                                                                                                 VMAC.f dm3, dm3, ex6, ex5, r16
        2754    0x02 0x01 0x54 0x00 0x81 0x20 0x49 0x62                                                                        VLDB.POP.576 ex5, [p0, lf0, r24];                                                                                                 VMAC.f dm1, dm1, ex0, ex2, r16
        2762    0x80 0x39 0x73 0x01 0x94 0x1d 0x84 0x8c 0xe9 0x4a                                VLDA.POP.576 ex7, [p0, lf0, r24];VLDB.POP.576 ex6, [p1, lf1, r25];                                                                                              VMAC.f dm4, dm4, ex6, ex7, r16
        2772    0x82 0x40 0x69 0x48                                                                                                                                                                                                                              VMAC.f dm2, dm2, ex0, ex3, r16
        2776    0x83 0x62 0x49 0x48                                                                                                                                                                                                                              VMAC.f dm3, dm3, ex1, ex2, r16
        2780    0x84 0x82 0x69 0x48                                                                                                                                                                                                                              VMAC.f dm4, dm4, ex1, ex3, r16
        2784    0x81 0x28 0xa9 0x48                                                                                                                                                                                                                              VMAC.f dm1, dm1, ex4, ex5, r16
        2788    0x82 0x48 0xe9 0x48                                                                                                                                                                                                                              VMAC.f dm2, dm2, ex4, ex7, r16
        2792    0x83 0x6c 0xa9 0x48                                                                                                                                                                                                                              VMAC.f dm3, dm3, ex6, ex5, r16
        2796    0xfc 0xdd 0x60 0x02 0x84 0x8c 0xe9 0x62                                                                                                      VST lfl1, [sp, #-448];                                                                              VMAC.f dm4, dm4, ex6, ex7, r16
        2804    0xfc 0x4d 0x60 0x02 0x81 0x20 0x49 0x62                                                                                                      VST lfh1, [sp, #-512];                                                                              VMAC.f dm1, dm1, ex0, ex2, r16
        2812    0x82 0x40 0x69 0x48                                                                                                                                                                                                                              VMAC.f dm2, dm2, ex0, ex3, r16
        2816    0x83 0x62 0x49 0x48                                                                                                                                                                                                                              VMAC.f dm3, dm3, ex1, ex2, r16
        2820    0x81 0x28 0xa9 0x48                                                                                                                                                                                                                              VMAC.f dm1, dm1, ex4, ex5, r16
        2824    0x82 0x48 0xe9 0x48                                                                                                                                                                                                                              VMAC.f dm2, dm2, ex4, ex7, r16
        2828    0x84 0x82 0x69 0x48                                                                                                                                                                                                                              VMAC.f dm4, dm4, ex1, ex3, r16
        2832    0x83 0x6c 0xa9 0x48                                                                                                                                                                                                                              VMAC.f dm3, dm3, ex6, ex5, r16
        2836    0x00 0x00                                                                        NOPX
        2838    0x84 0x8c 0xe9 0x48                                                                                                                                                                                                                              VMAC.f dm4, dm4, ex6, ex7, r16
        2842    0x0b 0x1c 0xa3 0x18                                                                                                                          VST.CONV.bf16.fp32 cml1, [p3], #64
        2846    0x0b 0x1c 0xe3 0x18                                                                                                                          VST.CONV.bf16.fp32 cmh1, [p3], #64
        2850    0x0b 0x1d 0x23 0x18                                                                                                                          VST.CONV.bf16.fp32 cml2, [p3], #64
        2854    0x0b 0x1d 0x63 0x18                                                                                                                          VST.CONV.bf16.fp32 cmh2, [p3], #64
        2858    0x0b 0x1d 0xa3 0x18                                                                                                                          VST.CONV.bf16.fp32 cml3, [p3], #64
        2862    0x0b 0x1d 0xe3 0x18                                                                                                                          VST.CONV.bf16.fp32 cmh3, [p3], #64
        2866    0x00 0x2c 0xf6 0x3c 0x46 0x00 0x00 0x40 0x1a 0x57 0x00 0x00 0x1c 0x2e            NOPA;                                                       VST.CONV.bf16.fp32 cml4, [p3], #64;                         NOPM;                                   NOPV
.label ZLE_Fmatmul_vectorized_bfp16_1568
.end_of_loop
        2880    0x00 0x2c 0xf0 0x00 0x23 0x1e 0x63 0x00 0x00 0x00 0x01 0xa5 0x78 0x00 0x00 0xe1  NOPA;                         NOPB;                         VST.CONV.bf16.fp32 cmh4, [p3], #64;NOPX;                    NOPM;                                   NOPV
.loop_nesting 0
        2896    0x20 0x1c 0x00 0x00 0x01 0xea 0xb7 0x88 0x10 0xba                                MOVA r28, #256;                                                                           MOVXM p5, #503568
        2906    0x05 0x06 0xf6 0x98                                                              LDA r23, [p5]
        2910    0x00 0x00                                                                        NOPX
        2912    0x00 0x00                                                                        NOPX
        2914    0x00 0x00                                                                        NOPX
        2916    0x00 0x00                                                                        NOPX
        2918    0x00 0x00                                                                        NOPX
        2920    0x00 0x00                                                                        NOPX
        2922    0x1d 0xdb 0x80 0x98                                                                                                                                                                                      ADD.NC r23, r23, #1
        2926    0x15 0xf9 0xc8 0x98                                                                                                                                                        NE r28, r23, r28
        2930    0xe0 0x06 0x20 0x40 0x01 0x84                                                                                                                                              JNZ r28, #3136
        2936    0x0d 0x06 0xf1 0x98                                                                                                                          ST r23, [p5]
        2940    0x00 0x00                                                                        NOPX
        2942    0x00 0x00                                                                        NOPX
        2944    0x00 0x00                                                                        NOPX
        2946    0x00 0x00                                                                        NOPX
        2948    0xa0 0x9e 0x30 0x02 0x0f 0x8a 0xb1 0x90 0x79 0x3a                                                                                            ST r7, [p5];                  MOVX lc, #124;                MOV p5, r6
        2958    0xa3 0x95 0x70 0x00 0x00 0x00 0x7e 0x00 0x10 0xba                                VLDA.CONV.fp32.bf16 cml1, [p5], #64;                                                      MOVXM ls, #3072
        2968    0xa3 0x9d 0x70 0x00 0x00 0x01 0xbe 0x08 0x10 0xba                                VLDA.CONV.fp32.bf16 cmh1, [p5], #64;                                                      MOVXM le, #3088
        2978    0xa3 0x95 0x70 0x00 0x20 0x00 0x01 0x00 0x40 0x02 0x00 0x2b 0x60 0x7e            VLDA.CONV.fp32.bf16 cml1, [p5], #64;NOPB;                   NOPS;                         MOVXM m0, #9216
        2992    0xa3 0x9d 0x74 0x17 0x20 0x01 0x5b 0x00 0x00 0x00 0x01 0xa5 0x78 0x00 0x00 0xe1  VLDA.CONV.fp32.bf16 cmh1, [p5], #64;PADDB [p2], m0;         NOPS;                         NOPX;                         NOPM;                                   NOPV
        3008    0xa3 0x95 0x70 0x00 0x20 0x01 0x5b 0x00 0x00 0x00 0x01 0xa5 0x78 0x00 0x00 0xe1  VLDA.CONV.fp32.bf16 cml1, [p5], #64;NOPB;                   NOPS;                         NOPX;                         NOPM;                                   NOPV
        3024    0xa3 0x9d 0x70 0x00 0x20 0x01 0x5b 0x00 0x00 0x00 0x01 0xa5 0x78 0x00 0x00 0xe1  VLDA.CONV.fp32.bf16 cmh1, [p5], #64;NOPB;                   NOPS;                         NOPX;                         NOPM;                                   NOPV
        3040    0xa3 0x95 0x70 0x00 0x20 0x01 0x5b 0x00 0x00 0x00 0x01 0xa5 0x78 0x00 0x00 0xe1  VLDA.CONV.fp32.bf16 cml1, [p5], #64;NOPB;                   NOPS;                         NOPX;                         NOPM;                                   NOPV
        3056    0xa3 0x9d 0x70 0x00 0x20 0x01 0x5b 0x00 0x00 0x00 0x01 0xa5 0x78 0x00 0x00 0xe1  VLDA.CONV.fp32.bf16 cmh1, [p5], #64;NOPB;                   NOPS;                         NOPX;                         NOPM;                                   NOPV
.label ZLS_Fmatmul_vectorized_bfp16_1760
.loop_nesting 1
.begin_of_loop
        3072    0xa3 0x95 0x70 0x00 0x25 0x80 0x83 0x00 0x00 0x00 0x01 0xa5 0x78 0x00 0x00 0xe1  VLDA.CONV.fp32.bf16 cml1, [p5], #64;NOPB;                   VST.PUSH.576.CONV.bfp16ebs8.fp32 dm1, [p2, sf, r26];NOPX;   NOPM;                                   NOPV
.label ZLE_Fmatmul_vectorized_bfp16_1776
.end_of_loop
        3088    0xa3 0x9d 0x70 0x00 0x21 0x00 0x03 0x00 0x00 0x00 0x01 0xa5 0x78 0x00 0x00 0xe1  VLDA.CONV.fp32.bf16 cmh1, [p5], #64;NOPB;                   VST.FLUSH.512.CONV [p2, sf, r26];NOPX;                      NOPM;                                   NOPV
.loop_nesting 0
        3104    0x0d 0x80 0x83 0x18                                                                                                                          VST.PUSH.576.CONV.bfp16ebs8.fp32 dm1, [p2, sf, r26]
        3108    0x09 0x00 0x03 0x18                                                                                                                          VST.FLUSH.512.CONV [p2, sf, r26]
        3112    0x0d 0x80 0x83 0x18                                                                                                                          VST.PUSH.576.CONV.bfp16ebs8.fp32 dm1, [p2, sf, r26]
        3116    0x09 0x00 0x03 0x18                                                                                                                          VST.FLUSH.512.CONV [p2, sf, r26]
        3120    0x0d 0x80 0x83 0x18                                                                                                                          VST.PUSH.576.CONV.bfp16ebs8.fp32 dm1, [p2, sf, r26]
        3124    0x09 0x00 0x03 0x18                                                                                                                          VST.FLUSH.512.CONV [p2, sf, r26]
        3128    0x0d 0x80 0x83 0x18                                                                                                                          VST.PUSH.576.CONV.bfp16ebs8.fp32 dm1, [p2, sf, r26]
        3132    0x09 0x00 0x03 0x18                                                                                                                          VST.FLUSH.512.CONV [p2, sf, r26]
.label TGT_Fmatmul_vectorized_bfp16_1824
        3136    0x10 0x28 0x00 0x18                                                                                                                                                        RET lr
        3140    0xff 0xc0 0x00 0x00 0x01 0xc4                                                                                                                                              PADDXM [sp], #-512
        3146    0x00 0x00                                                                        NOPX
        3148    0x00 0x00                                                                        NOPX
        3150    0x00 0x00                                                                        NOPX
        3152    0x00 0x00                                                                        NOPX
.label matmul_vectorized_bfp16__end

.text_segment PM   3168
.label zero_kernel
.function_start
        3168    0x00 0x40 0x20 0x21 0x81 0xe4                                                                                                                                              MOVX r1, #0;                  MOV r0, p0
        3174    0x00 0x00 0x41 0x20 0x00 0x44                                                                                                                                              MOVXM r2, #16384
        3180    0x10 0x40 0x10 0x0a 0xe5 0xe4                                                                                                                                              ADD r1, r2, r0;               VBCST.16 x0, r1
        3186    0x10 0x04 0x1b 0x98                                                                                                                                                        GEU r2, r0, r1
        3190    0x10 0x06 0x98 0x40 0x01 0x84                                                                                                                                              JNZ r2, #3376
        3196    0x18 0x00 0x92 0xf8                                                                                                                                                                                      VMOV bmll0, x0
        3200    0x00 0x00                                                                        NOPX
        3202    0x00 0x00                                                                        NOPX
        3204    0x00 0x00                                                                        NOPX
        3206    0x00 0x00                                                                        NOPX
        3208    0x00 0x20 0x00 0x5f 0x20 0x44 0x01 0x8d 0xff 0x2b 0x30 0x11 0x60 0x7e            MOVA r0, #1;                  PADDB [p0], #128;             MOVS p1, p0;                  SUB r2, r1, r0;               MOV r3, #-7
        3222    0x11 0x3f 0xe1 0x21 0x81 0xe4                                                                                                                                              ADD r4, r2, #-1;              MOV r2, p0
        3228    0x11 0x06 0x3e 0x98                                                                                                                                                        ASHL r3, r4, r3
        3232    0x16 0xc3 0x90 0xa3 0x01 0x24                                                                                                                                              LTU r27, r2, r1;              ADD.NC r1, r3, #1
        3238    0x10 0x00 0x12 0x18                                                                                                                                                        SEL.EQZ r0, r0, r1, r27
        3242    0x00 0x00 0x01 0xfa 0x20 0x44                                                                                                                                              MOVXM ls, #3344
        3248    0x00 0x00 0x06 0xfa 0x40 0x44                                                                                                                                              MOVXM le, #3360
        3254    0x00 0x2c 0xf0 0x00 0x10 0x02 0xb8 0x10 0x7e 0xba                                NOPA;                         NOPB;                                                                                     MOV lc, r0
        3264    0x00 0x2c 0xf0 0x00 0x20 0x01 0x5b 0x00 0x00 0x00 0x01 0xa5 0x78 0x00 0x00 0xe1  NOPA;                         NOPB;                         NOPS;                         NOPX;                         NOPM;                                   NOPV
        3280    0x00 0x2c 0xf0 0x00 0x20 0x01 0x5b 0x00 0x00 0x00 0x01 0xa5 0x78 0x00 0x00 0xe1  NOPA;                         NOPB;                         NOPS;                         NOPX;                         NOPM;                                   NOPV
        3296    0x00 0x2c 0xf0 0x00 0x20 0x01 0x5b 0x00 0x00 0x00 0x01 0xa5 0x78 0x00 0x00 0xe1  NOPA;                         NOPB;                         NOPS;                         NOPX;                         NOPM;                                   NOPV
        3312    0x00 0x2c 0xf0 0x00 0x20 0x01 0x5b 0x00 0x00 0x00 0x01 0xa5 0x78 0x00 0x00 0xe1  NOPA;                         NOPB;                         NOPS;                         NOPX;                         NOPM;                                   NOPV
        3328    0x00 0x2c 0xf0 0x00 0x20 0x01 0x5b 0x00 0x00 0x00 0x01 0xa5 0x78 0x00 0x00 0xe1  NOPA;                         NOPB;                         NOPS;                         NOPX;                         NOPM;                                   NOPV
.label ZLS_Fzero_kernel_176
.loop_nesting 1
.begin_of_loop
        3344    0x00 0x2c 0xf0 0x00 0x21 0x1c 0x06 0x80 0x00 0x00 0x01 0xa5 0x78 0x00 0x00 0xe1  NOPA;                         NOPB;                         VST bmll0, [p1], #64;         NOPX;                         NOPM;                                   NOPV
.label ZLE_Fzero_kernel_192
.end_of_loop
        3360    0x00 0x2c 0xf0 0x00 0x21 0x1c 0x06 0x80 0x00 0x00 0x01 0xa5 0x78 0x00 0x00 0xe1  NOPA;                         NOPB;                         VST bmll0, [p1], #64;         NOPX;                         NOPM;                                   NOPV
.label TGT_Fzero_kernel_208
.loop_nesting 0
        3376    0x20 0x05 0x40 0x00 0x00 0x00 0x7e 0xc8 0x10 0xba                                MOVA lc, #256;                                                                            MOVXM ls, #3472
        3386    0x00 0x00 0x06 0xfb 0x40 0x44                                                                                                                                              MOVXM le, #3488
        3392    0x00 0x2c 0xf0 0x00 0x20 0x01 0x5b 0x00 0x01 0xe8 0x37 0x8a 0x10 0x00 0x00 0xe1  NOPA;                         NOPB;                         NOPS;                         MOVXM p0, #503572;                                                    NOPV
        3408    0x00 0x2c 0xf0 0x00 0x20 0x01 0x5b 0x00 0x00 0x00 0x01 0xa5 0x78 0x00 0x00 0xe1  NOPA;                         NOPB;                         NOPS;                         NOPX;                         NOPM;                                   NOPV
        3424    0x00 0x2c 0xf0 0x00 0x20 0x01 0x5b 0x00 0x00 0x00 0x01 0xa5 0x78 0x00 0x00 0xe1  NOPA;                         NOPB;                         NOPS;                         NOPX;                         NOPM;                                   NOPV
        3440    0x00 0x2c 0xf0 0x00 0x20 0x01 0x5b 0x00 0x00 0x00 0x01 0xa5 0x78 0x00 0x00 0xe1  NOPA;                         NOPB;                         NOPS;                         NOPX;                         NOPM;                                   NOPV
        3456    0x00 0x2c 0xf0 0x00 0x20 0x01 0x5b 0x00 0x00 0x00 0x01 0xa5 0x78 0x00 0x00 0xe1  NOPA;                         NOPB;                         NOPS;                         NOPX;                         NOPM;                                   NOPV
.label ZLS_Fzero_kernel_304
.loop_nesting 1
.begin_of_loop
        3472    0x00 0x2c 0xf0 0x00 0x20 0x1c 0x06 0x80 0x00 0x00 0x01 0xa5 0x78 0x00 0x00 0xe1  NOPA;                         NOPB;                         VST bmll0, [p0], #64;         NOPX;                         NOPM;                                   NOPV
.label ZLE_Fzero_kernel_320
.end_of_loop
        3488    0x00 0x2c 0xf0 0x00 0x20 0x1c 0x06 0x80 0x00 0x00 0x01 0xa5 0x78 0x00 0x00 0xe1  NOPA;                         NOPB;                         VST bmll0, [p0], #64;         NOPX;                         NOPM;                                   NOPV
.loop_nesting 0
        3504    0x10 0x28 0x00 0x18                                                                                                                                                        RET lr
        3508    0x00 0x00                                                                        NOPX
        3510    0x00 0x00                                                                        NOPX
        3512    0x00 0x00                                                                        NOPX
        3514    0x00 0x00                                                                        NOPX
        3516    0x00 0x00                                                                        NOPX
.label zero_kernel__end

.text_segment PM   3520
.label _fini
.function_start
        3520    0x00 0x08 0x00 0x00 0x01 0xc4                                                                                                                                              PADDXM [sp], #64
        3526    0xfe 0xba 0xb0 0x00 0x00 0x02 0x08 0x00 0x11 0x3a                                                                                            ST r14, [sp, #-12];           MOVXM r16, #0
        3536    0xff 0x73 0xb0 0x00 0x00 0x01 0xc8 0x00 0x11 0x3a                                                                                            ST p7, [sp, #-8];             MOVXM r14, #0
        3546    0x74 0x20 0xfe 0xd0 0x41 0xe4                                                                                                                                              EQ r16, r14, r16;             MOV p7, r16
        3552    0x80 0x07 0x20 0x40 0x01 0x84                                                                                                                                              JNZ r16, #3648
        3558    0x0f 0xfd 0xf5 0x98                                                                                                                          ST r15, [sp, #-4]
        3562    0x0f 0xf0 0x3d 0x98                                                                                                                          ST lr, [sp, #-16]
        3566    0x00 0x00                                                                        NOPX
        3568    0x00 0x00                                                                        NOPX
        3570    0x00 0x2c 0xf0 0x02 0xb6 0x00 0x00 0x40 0x1a 0x57 0x00 0x00 0x1c 0x2e            NOPA;                                                       NOPS;                                                       NOPM;                                   NOPV
.label TGT_F_fini_64
.loop_nesting 1
        3584    0x07 0x1c 0x1e 0x98                                                              LDA p0, [p7], #4
        3588    0x00 0x00                                                                        NOPX
        3590    0x00 0x00                                                                        NOPX
        3592    0x00 0x00                                                                        NOPX
        3594    0x00 0x00                                                                        NOPX
        3596    0x00 0x00                                                                        NOPX
        3598    0x00 0x00                                                                        NOPX
.no_stack_arguments
        3600    0x10 0x30 0x00 0x18                                                                                                                                                        JL p0
        3604    0x1b 0xde 0xc0 0xf8                                                                                                                                                                                      MOV r15, p7
        3608    0x00 0x00                                                                        NOPX
        3610    0x00 0x00                                                                        NOPX
        3612    0x00 0x00                                                                        NOPX
        3614    0x00 0x00                                                                        NOPX
.return_address
        3616    0x13 0xe0 0xe8 0x98                                                                                                                                                        NE r16, r15, r14
        3620    0x80 0x07 0x00 0x40 0x01 0x84                                                                                                                                              JNZ r16, #3584
        3626    0x00 0x00                                                                        NOPX
        3628    0x00 0x00                                                                        NOPX
        3630    0x00 0x00                                                                        NOPX
        3632    0x00 0x00                                                                        NOPX
        3634    0x00 0x2c 0xf0 0x02 0xb6 0x00 0x00 0x40 0x1a 0x57 0x00 0x00 0x1c 0x2e            NOPA;                                                       NOPS;                                                       NOPM;                                   NOPV
.label TGT_F_fini_128
.loop_nesting 0
        3648    0x07 0xf0 0x39 0x18                                                              LDA lr, [sp, #-16]
        3652    0x07 0xf5 0xd1 0x18                                                              LDA r14, [sp, #-12]
        3656    0x07 0xfd 0xf1 0x18                                                              LDA r15, [sp, #-4]
        3660    0x07 0xfb 0x99 0x18                                                              LDA p7, [sp, #-8]
        3664    0x00 0x00                                                                        NOPX
        3666    0x00 0x00                                                                        NOPX
        3668    0x00 0x00                                                                        NOPX
        3670    0x10 0x28 0x00 0x18                                                                                                                                                        RET lr
        3674    0x00 0x00                                                                        NOPX
        3676    0x00 0x00                                                                        NOPX
        3678    0x00 0x00                                                                        NOPX
        3680    0x00 0x00                                                                        NOPX
        3682    0xff 0xf8 0x00 0x00 0x01 0xc4                                                                                                                                              PADDXM [sp], #-64
.label _fini__end

.text_segment PM   3696
.label __cxa_finalize
.function_start
        3696    0xff 0xa1 0x00 0x00 0x01 0xf8 0x37 0x9c 0x10 0xba                                MOVA r1, #-3;                                                                             MOVXM p0, #519992
        3706    0x00 0x8a 0xd0 0x00 0x41 0x08 0x6f 0xe0 0x78 0xba                                LDA r2, [p0];                                                                             MOVX r4, #8;                  MOV r3, srsSign1
        3716    0x00 0x92 0x30 0x00 0x02 0x00 0x00 0x00 0x71 0x3a                                                                                            ST r4, [p0];                  PADDXM [sp], #64
        3726    0xfa 0x8e 0xb0 0x00 0x6b 0xe0 0x70 0x02                                                                                                      ST r3, [sp, #-44];                                          MOV r3, srsSign0
        3734    0xfc 0x0e 0xb0 0x00 0x6d 0xe0 0x70 0x02                                                                                                      ST r3, [sp, #-32];                                          MOV r3, packSign1
        3742    0xfc 0x8e 0xb0 0x00 0x69 0xe0 0x70 0x02                                                                                                      ST r3, [sp, #-28];                                          MOV r3, packSign0
        3750    0xfd 0x8e 0xb0 0x00 0x6a 0x70 0x70 0x02                                                                                                      ST r3, [sp, #-20];                                          MOV r3, crSat
        3758    0xfe 0x0e 0xb0 0x00 0x6c 0x70 0x70 0x02                                                                                                      ST r3, [sp, #-16];                                          MOV r3, crSRSMode
        3766    0xfe 0x8e 0xb0 0x04 0x2f 0x18 0x6b 0xb0 0x79 0x3a                                                                                            ST r3, [sp, #-12];            ADD r2, r2, #-8;              MOV r3, crPackSize
        3776    0xff 0x0e 0xb0 0x04 0xd0 0xf4 0x2f 0xb0 0x79 0x3a                                                                                            ST r3, [sp, #-8];             ASHL r13, r2, r1;             MOV r1, crRnd
        3786    0xff 0x86 0xb0 0x00 0x29 0x70 0x70 0x02                                                                                                      ST r1, [sp, #-4];                                           MOV r1, crUnpackSize
        3794    0xfd 0x06 0xb0 0x00 0x2e 0x70 0x70 0x02                                                                                                      ST r1, [sp, #-24];                                          MOV r1, crUPSMode
        3802    0xfb 0x86 0xb0 0x00 0x01 0xf8 0x2f 0x8c 0x11 0x3a                                                                                            ST r1, [sp, #-36];            MOVXM r1, #519960
        3812    0xfb 0x07 0xb0 0x03 0x30 0x44 0xa0 0x02                                                                                                      ST lr, [sp, #-40];                                          ADD.NC p6, r1, r2
        3820    0x1a 0x58 0x60 0xf8                                                                                                                                                                                      MOV r9, upsSign1
        3824    0x1a 0x10 0x60 0xf8                                                                                                                                                                                      MOV r8, upsSign0
        3828    0x1a 0xda 0x60 0xf8                                                                                                                                                                                      MOV r11, vaddSign1
        3832    0x1a 0x92 0x60 0xf8                                                                                                                                                                                      MOV r10, vaddSign0
        3836    0x1b 0x1c 0x60 0xf8                                                                                                                                                                                      MOV r12, unpackSign1
        3840    0x1b 0x94 0x60 0xf8                                                                                                                                                                                      MOV r14, unpackSign0
        3844    0x00 0x2c 0xf0 0x00 0x20 0x00 0x00 0x03 0xb7 0x88 0x10 0xb6                      NOPA;                         NOPB;                                                       MOVXM p7, #3856
.label TGT_F__cxa_finalize_160
.loop_nesting 1
        3856    0x06 0x1c 0x9e 0x98                                                              LDA p1, [p6], #4
        3860    0x06 0xdc 0x1e 0x98                                                              LDA p0, [p6], #-12
        3864    0x00 0x00                                                                        NOPX
        3866    0x00 0x00                                                                        NOPX
        3868    0x00 0x00                                                                        NOPX
        3870    0x00 0x00                                                                        NOPX
        3872    0x00 0x00                                                                        NOPX
.no_stack_arguments
        3874    0x10 0x30 0x40 0x18                                                                                                                                                        JL p1
        3878    0x00 0x00                                                                        NOPX
        3880    0x00 0x00                                                                        NOPX
        3882    0x00 0x00                                                                        NOPX
        3884    0x00 0x01 0x67 0x98                                                              NOPA
        3888    0x00 0x2c 0xf0 0x00 0x20 0x01 0x5b 0x00 0x00 0x01 0xe8 0x10 0x78 0x00 0x00 0xe1  NOPA;                         NOPB;                         NOPS;                         NOPX;                         MOV r15, r0;                            NOPV
.return_address
        3904    0x13 0x5b 0xe0 0x18                                                                                                                                                        JNZD r13, r13, p7
        3908    0x18 0x17 0xa0 0xf8                                                                                                                                                                                      MOV r0, r15
        3912    0x00 0x00                                                                        NOPX
        3914    0x00 0x00                                                                        NOPX
        3916    0x00 0x00                                                                        NOPX
        3918    0x00 0x00                                                                        NOPX
.loop_nesting 0
        3920    0xfa 0x86 0x20 0x17 0xf2 0x02 0x1a 0x50 0x78 0xba                                LDA r1, [sp, #-44];                                                                       MOVX vaddSign1, r11;          MOV upsSign1, r9
        3930    0xfc 0x8e 0x20 0x15 0xd2 0x00 0x1a 0x10 0x78 0xba                                LDA r3, [sp, #-28];                                                                       MOVX vaddSign0, r10;          MOV upsSign0, r8
        3940    0xfb 0x07 0x26 0x7b 0x80 0x2c                                                    LDA lr, [sp, #-40];                                                                       MOVX unpackSign1, r12
        3946    0xfc 0x0a 0x27 0x73 0x80 0x2c                                                    LDA r2, [sp, #-32];                                                                       MOVX unpackSign0, r14
        3952    0x07 0xec 0xf1 0x18                                                              LDA r7, [sp, #-20]
        3956    0x07 0xf0 0x91 0x18                                                              LDA r4, [sp, #-16]
        3960    0x07 0xf4 0xb1 0x18                                                              LDA r5, [sp, #-12]
        3964    0xff 0x1a 0x20 0xf9 0x80 0x2c                                                    LDA r6, [sp, #-8];                                                                        MOVX srsSign1, r1
        3970    0xff 0x86 0x21 0xf8 0x80 0x2c                                                    LDA r1, [sp, #-4];                                                                        MOVX packSign1, r3
        3976    0x07 0xe8 0x51 0x18                                                              LDA r2, [sp, #-24]
        3980    0x07 0xdc 0x71 0x18                                                              LDA r3, [sp, #-36]
        3984    0x00 0x00                                                                        NOPX
        3986    0x10 0x28 0x00 0x18                                                                                                                                                        RET lr
        3990    0xff 0xf8 0x00 0x00 0x01 0xc4                                                                                                                                              PADDXM [sp], #-64
        3996    0x17 0x18 0x03 0xc7 0x41 0xe4                                                                                                                                              MOVX srsSign0, r2;            MOV packSign0, r7
        4002    0x27 0x70 0x08 0xe5 0x41 0xe4                                                                                                                                              MOVX crSat, r4;               MOV crSRSMode, r5
        4008    0x37 0x40 0x0f 0x61 0x41 0xe4                                                                                                                                              MOVX crPackSize, r6;          MOV crRnd, r1
        4014    0x17 0x90 0x0c 0xe3 0x41 0xe4                                                                                                                                              MOVX crUnpackSize, r2;        MOV crUPSMode, r3
.label __cxa_finalize__end

.bss_segment DMb 503564	    8

.bss_segment DMb 503572	    16384

.bss_segment DMb 519956	    1

.data_segment DMb 519960
.label _ZL7atexits
	0xc0
	0xd
	0x0
	0x0
	0x0
	0x0
	0x0
	0x0
	0x0
	0x0
	0x0
	0x0
	0x0
	0x0
	0x0
	0x0
	0x0
	0x0
	0x0
	0x0
	0x0
	0x0
	0x0
	0x0
	0x0
	0x0
	0x0
	0x0
	0x0
	0x0
	0x0
	0x0
.label _ZL10atexit_cnt
	0x8
	0x0
	0x0
	0x0

.stack DM_stack 458752 462080
