
// File generated by darts version U-2023.06#b8bbc031dd#240626, Mon Sep 29 02:10:03 2025
// Copyright 2014-2023 Synopsys, Inc. All rights reserved.
// darts -I/tools/ryzen_ai-1.3.0/vitis_aie_essentials/data/aie2p/lib -d -h -I/tools/ryzen_ai-1.3.0/vitis_aie_essentials/include -I/tools/ryzen_ai-1.3.0/vitis_aie_essentials/data/aie2p/lib/runtime_cxx/libcxx-lite/include -I/tools/ryzen_ai-1.3.0/vitis_aie_essentials/data/aie2p/lib/runtime_cxx/libs/libcxx-9.0.0/include-lite -I/tools/ryzen_ai-1.3.0/vitis_aie_essentials/data/aie2p/lib/runtime/include -D__AIENGINE__ -D__AIE_ARCH__=21 -D__AIEARCH__=21 -D__tct_tgt__=240628 -L +Ihex +nanno +u core_0_2.elf me

// Release: ipp U-2023.06-TGT-240628

.text_segment PM      0
.entry_point
.label __AIE_ARCH_MODEL_VERSION__21011000__inlined__1__me_basic___main_init_
.label _main_init
.function_start
           0    0x00 0x07 0x09 0xe0 0x00 0x44                                                                                                                                              MOVXM sp, #458752
           6    0x00 0x00 0x04 0x20 0x00 0x44                                                                                                                                              MOVXM r8, #0
          12    0x00 0x00 0x08 0x20 0x00 0x44                                                                                                                                              MOVXM r16, #0
          18    0x12 0x21 0x07 0x98                                                                                                                                                        EQ r16, r8, r16
          22    0x80 0x00 0x40 0x40 0x01 0x84                                                                                                                                              JNZ r16, #128
          28    0x00 0x00                                                                        NOPX
          30    0x00 0x00                                                                        NOPX
          32    0x00 0x00                                                                        NOPX
          34    0x00 0x00                                                                        NOPX
          36    0x00 0x00                                                                        NOPX
          38    0xf0 0x11 0x60 0x3f 0xff 0xff 0x37 0xfe 0x11 0x3a                                                                                            MOVS p7, p0;                  MOVXM p6, #-4
          48    0x00 0x2c 0xf0 0x00 0x20 0x01 0x5b 0x00 0x00 0x01 0x28 0x50 0x78 0x00 0x00 0xe1  NOPA;                         NOPB;                         NOPS;                         NOPX;                         MOV r9, r1;                             NOPV
.label TGT_F_main_init_64
.loop_nesting 1
          64    0xdf 0x83 0xd5 0x39 0x81 0xd4                                                    LDA p0, [p6], #-4;                                                                                                      MOV r10, p6
          70    0x00 0x00                                                                        NOPX
          72    0x00 0x00                                                                        NOPX
          74    0x00 0x00                                                                        NOPX
          76    0x00 0x00                                                                        NOPX
          78    0x00 0x00                                                                        NOPX
          80    0x00 0x00                                                                        NOPX
.no_stack_arguments
          82    0x10 0x30 0x00 0x18                                                                                                                                                        JL p0
          86    0x00 0x00                                                                        NOPX
          88    0x00 0x00                                                                        NOPX
          90    0x00 0x00                                                                        NOPX
          92    0x00 0x00                                                                        NOPX
          94    0x00 0x00                                                                        NOPX
.return_address
          96    0x12 0xa0 0x88 0x98                                                                                                                                                        NE r16, r10, r8
         100    0x80 0x00 0x20 0x40 0x01 0x84                                                                                                                                              JNZ r16, #64
         106    0x00 0x00                                                                        NOPX
         108    0x00 0x00                                                                        NOPX
         110    0x00 0x00                                                                        NOPX
         112    0x00 0x00                                                                        NOPX
         114    0x00 0x00                                                                        NOPX
.loop_nesting 0
         116    0x00 0x2c 0xf0 0x00 0x20 0x9c 0x8b 0x00 0x2a 0x50 0x70 0xf6                      NOPA;                         NOPB;                         MOVS p0, p7;                                                MOV r1, r9
.label TGT_F_main_init_128
.no_stack_arguments
         128    0x00 0x00 0x70 0x00 0x01 0x04                                                                                                                                              JL #224
         134    0x00 0x00                                                                        NOPX
         136    0x00 0x00                                                                        NOPX
         138    0x00 0x00                                                                        NOPX
         140    0x00 0x00                                                                        NOPX
         142    0x00 0x00                                                                        NOPX
.return_address
.no_stack_arguments
         144    0x00 0x05 0xf8 0x00 0x01 0x04                                                                                                                                              JL #3056
         150    0x18 0x60 0x00 0xb8                                                                                                                                                                                      MOV p0, #0
         154    0x00 0x00                                                                        NOPX
         156    0x00 0x00                                                                        NOPX
         158    0x00 0x00                                                                        NOPX
         160    0x00 0x2c 0xf0 0x00 0x20 0x01 0x5b 0x00 0x00 0x00 0x01 0xa5 0x78 0x00 0x00 0xe1  NOPA;                         NOPB;                         NOPS;                         NOPX;                         NOPM;                                   NOPV
.return_address
.swstall chess_separator_scheduler
         176    0x00 0x00                                                                        NOPX
.swstall chess_separator_scheduler
         178    0x00 0x00                                                                        NOPX
.swstall chess_separator_scheduler
         180    0x00 0x00                                                                        NOPX
.swstall chess_separator_scheduler
         182    0x00 0x00                                                                        NOPX
.swstall chess_separator_scheduler
         184    0x00 0x00                                                                        NOPX
.swstall chess_separator_scheduler
         186    0x00 0x00                                                                        NOPX
         188    0x10 0x08 0x00 0x18                                                                                                                                                        DONE
.swstall chess_separator_scheduler
         192    0x00 0x00                                                                        NOPX
.swstall chess_separator_scheduler
         194    0x00 0x00                                                                        NOPX
.swstall chess_separator_scheduler
         196    0x00 0x00                                                                        NOPX
.swstall chess_separator_scheduler
         198    0x00 0x00                                                                        NOPX
.swstall chess_separator_scheduler
         200    0x00 0x00                                                                        NOPX
.swstall chess_separator_scheduler
         202    0x00 0x00                                                                        NOPX
.swstall for_chess_exit
.exit
         204    0x00 0x01 0x67 0x98                                                              NOPA
.label TGT_F_main_init_208
.loop_nesting 1
         208    0x00 0x00 0x68 0x00 0x00 0x84                                                                                                                                              J #208
         214    0x00 0x00                                                                        NOPX
         216    0x00 0x00                                                                        NOPX
         218    0x00 0x00                                                                        NOPX
         220    0x00 0x00                                                                        NOPX
         222    0x00 0x00                                                                        NOPX
.label _main_init__end
.label core_0_2
.function_start
         224    0x00 0x18 0x02 0x9c 0x8b 0x00 0x01 0xeb 0xb7 0x80 0x10 0x76                      MOVA r24, #0;                                               MOVS p2, p7;                  MOVXM p7, #503552
         236    0x00 0x10 0x07 0x1f 0x11 0x80 0x02 0x00 0x00 0x00 0x70 0x76                      MOVA r16, #0;                                               ST r24, [p7], #4;             PADDXM [sp], #64
         248    0xe0 0xe2 0x30 0x00 0xb0 0x28 0x2a 0xd0 0x79 0x3a                                                                                            ST r24, [p7];                 MOVX r11, #1;                 MOV r1, r11
         258    0xe2 0xe2 0x30 0x3e 0xa7 0xe8 0x0a 0x90 0x79 0x3a                                                                                            ST r24, [p7, #4];             MOVX r10, #-1;                MOV r0, r10
         268    0xfa 0x62 0xb0 0x00 0xab 0xd0 0x70 0x02                                                                                                      ST r24, [sp, #-48];                                         MOV r5, r15
         276    0xfb 0x96 0xb0 0x00 0x8b 0x90 0x70 0x02                                                                                                      ST r5, [sp, #-36];                                          MOV r4, r14
         284    0xfc 0x12 0xb0 0x00 0x4b 0x10 0x70 0x02                                                                                                      ST r4, [sp, #-32];                                          MOV r2, r12
         292    0xfd 0x0a 0xb0 0x00 0x6b 0x50 0x70 0x02                                                                                                      ST r2, [sp, #-24];                                          MOV r3, r13
         300    0xfc 0x8e 0xb0 0x00 0x01 0xe9 0xcb 0x00 0x11 0x3a                                                                                            ST r3, [sp, #-28];            MOVXM r14, #501248
         310    0xfd 0x86 0xb0 0x00 0x01 0xe5 0xee 0x80 0x11 0x3a                                                                                            ST r1, [sp, #-20];            MOVXM r15, #498944
         320    0x0f 0xf0 0x15 0x98                                                                                                                          ST r0, [sp, #-16]
         324    0x0f 0xf5 0x35 0x98                                                                                                                          ST r9, [sp, #-12]
         328    0x0f 0xf9 0x15 0x98                                                                                                                          ST r8, [sp, #-8]
         332    0x0f 0xfd 0x1d 0x98                                                                                                                          ST p2, [sp, #-4]
         336    0x0f 0xdb 0x1d 0x98                                                                                                                          ST p6, [sp, #-40]
         340    0x00 0x2c 0xf0 0x00 0x20 0x00 0x00 0x03 0xea 0x1e 0xc1 0x36                      NOPA;                         NOPB;                         ST lr, [sp, #-44];            NOPX
.label TGT_Fcore_0_2_128
.loop_nesting 1
.no_stack_arguments
         352    0x00 0x02 0x70 0x00 0x01 0x04                                                                                                                                              JL #1248
         358    0xff 0xe1 0x07 0xce 0x15 0x80 0x06 0x8b 0x37 0x60 0x78 0x76                      MOVA r1, #-1;                                               ST r16, [sp, #-52];           MOVX r0, #52;                 MOV p6, p7
         370    0x00 0x00                                                                        NOPX
         372    0x00 0x00                                                                        NOPX
         374    0x00 0x00                                                                        NOPX
         376    0x00 0x2c 0xf0 0x04 0x00 0x00 0x1c 0x22                                          NOPA;                                                                                                                                                           NOPV
.return_address
.no_stack_arguments
         384    0x00 0x05 0x48 0x00 0x01 0x04                                                                                                                                              JL #2704
         390    0x00 0x07 0x00 0xda 0x00 0x44                                                                                                                                              MOVXM p0, #462080
         396    0x00 0x00                                                                        NOPX
         398    0x00 0x00                                                                        NOPX
         400    0x00 0x00                                                                        NOPX
         402    0x00 0x2c 0xf0 0x02 0xb6 0x00 0x00 0x40 0x1a 0x57 0x00 0x00 0x1c 0x2e            NOPA;                                                       NOPS;                                                       NOPM;                                   NOPV
.return_address
         416    0x00 0x2c 0xf0 0x00 0x20 0x01 0x5b 0x00 0x80 0xe8 0x01 0xa5 0x78 0x00 0x00 0xe1  NOPA;                         NOPB;                         NOPS;                         MOVX r8, #7;                  NOPM;                                   NOPV
.label TGT_Fcore_0_2_208
.loop_nesting 2
.no_stack_arguments
         432    0x00 0x02 0x70 0x00 0x01 0x04                                                                                                                                              JL #1248
         438    0xf8 0x5f 0xa0 0x20 0xcd 0x64                                                                                                                                              MOVX r1, #-1;                 MOV r0, #51
         444    0x00 0x00                                                                        NOPX
         446    0x00 0x00                                                                        NOPX
         448    0x00 0x00                                                                        NOPX
         450    0x00 0x2c 0xf0 0x02 0xb6 0x00 0x00 0x40 0x1a 0x57 0x00 0x00 0x1c 0x2e            NOPA;                                                       NOPS;                                                       NOPM;                                   NOPV
.return_address
         464    0x06 0x06 0x56 0x98                                                              LDA r18, [p6]
         468    0x00 0x00                                                                        NOPX
         470    0x00 0x00                                                                        NOPX
.no_stack_arguments
         472    0x00 0x02 0x70 0x00 0x01 0x04                                                                                                                                              JL #1248
         478    0x00 0x00                                                                        NOPX
         480    0x00 0x07 0x78 0x32 0x00 0x44                                                                                                                                              MOVXM r16, #489728
         486    0x00 0x07 0x58 0xaa 0x00 0x44                                                                                                                                              MOVXM r17, #480512
         492    0x12 0xf7 0x27 0x98                                                                                                                                                        EQ r27, r11, r18
         496    0xff 0xe1 0x00 0x00 0x20 0x01 0x5b 0x22 0x98 0x10 0x08 0x31 0x58 0x00 0x00 0xe1  MOVA r1, #-1;                 NOPB;                         NOPS;                         SEL.EQZ r9, r17, r16, r27;    MOV r0, #49;                            NOPV
.return_address
         512    0x06 0x16 0x16 0x98                                                              LDA r16, [p6, #4]
         516    0x00 0x00                                                                        NOPX
         518    0x00 0x00                                                                        NOPX
         520    0x00 0x00                                                                        NOPX
.no_stack_arguments
         522    0x00 0x02 0x90 0x00 0x01 0x04                                                                                                                                              JL #1312
         528    0x00 0x00                                                                        NOPX
         530    0x00 0x07 0x04 0xda 0x00 0x44                                                                                                                                              MOVXM p2, #462080
         536    0x12 0xf7 0x07 0x98                                                                                                                                                        EQ r27, r11, r16
         540    0x7c 0x1c 0x42 0xc9 0x41 0xe4                                                                                                                                              SEL.EQZ r16, r15, r14, r27;   MOV p1, r9
         546    0x00 0x2c 0xf1 0x20 0x16 0x00 0x00 0x7b 0x16 0x07 0x00 0x00 0x1c 0x2e            NOPA;                                                       MOVS p0, r16;                                               MOV p7, p1;                             NOPV
.return_address
.no_stack_arguments
         560    0x00 0x02 0x80 0x00 0x01 0x04                                                                                                                                              JL #1280
         566    0x00 0x18 0x20 0xa0 0x05 0x64                                                                                                                                              MOVX r0, #48;                 MOV r1, #1
         572    0x00 0x00                                                                        NOPX
         574    0x00 0x00                                                                        NOPX
         576    0x00 0x00                                                                        NOPX
         578    0x00 0x2c 0xf0 0x02 0xb6 0x00 0x00 0x40 0x1a 0x57 0x00 0x00 0x1c 0x2e            NOPA;                                                       NOPS;                                                       NOPM;                                   NOPV
.return_address
         592    0x06 0x16 0x16 0x98                                                              LDA r16, [p6, #4]
         596    0x00 0x00                                                                        NOPX
         598    0x00 0x00                                                                        NOPX
         600    0x00 0x00                                                                        NOPX
         602    0x00 0x00                                                                        NOPX
.no_stack_arguments
         604    0x00 0x02 0x70 0x00 0x01 0x04                                                                                                                                              JL #1248
         610    0x00 0x00                                                                        NOPX
         612    0x84 0x7f 0xe8 0x30 0x01 0x24                                                                                                                                              ADD r17, r16, #-1;            ADD.NC r16, r16, #1
         618    0x12 0xf7 0x0a 0x98                                                                                                                                                        LT r27, r11, r16
         622    0x14 0x21 0x12 0x18                                                                                                                                                        SEL.EQZ r16, r16, r17, r27
         626    0x00 0x2c 0xf0 0x00 0x20 0x00 0xc5 0x05 0xff 0xeb 0xc2 0xc2 0x30 0x7e            NOPA;                         NOPB;                         ST r16, [p6, #4];             MOVX r0, #49;                 MOV r1, #-1
.return_address
         640    0x06 0x16 0x16 0x98                                                              LDA r16, [p6, #4]
         644    0x00 0x00                                                                        NOPX
         646    0x00 0x00                                                                        NOPX
         648    0x00 0x00                                                                        NOPX
.no_stack_arguments
         650    0x00 0x02 0x90 0x00 0x01 0x04                                                                                                                                              JL #1312
         656    0x00 0x00                                                                        NOPX
         658    0x00 0x07 0x04 0xda 0x00 0x44                                                                                                                                              MOVXM p2, #462080
         664    0x12 0xf7 0x07 0x98                                                                                                                                                        EQ r27, r11, r16
         668    0x13 0xe0 0xe2 0x18                                                                                                                                                        SEL.EQZ r16, r15, r14, r27
         672    0x00 0x2c 0xf0 0x00 0x20 0x90 0x0b 0x00 0x00 0x00 0xb7 0x60 0x78 0x00 0x00 0xe1  NOPA;                         NOPB;                         MOVS p0, r16;                 NOPX;                         MOV p1, p7;                             NOPV
.return_address
.no_stack_arguments
         688    0x00 0x02 0x80 0x00 0x01 0x04                                                                                                                                              JL #1280
         694    0x00 0x18 0x20 0xa0 0x05 0x64                                                                                                                                              MOVX r0, #48;                 MOV r1, #1
         700    0x00 0x00                                                                        NOPX
         702    0x00 0x00                                                                        NOPX
         704    0x00 0x00                                                                        NOPX
         706    0x00 0x2c 0xf0 0x02 0xb6 0x00 0x00 0x40 0x1a 0x57 0x00 0x00 0x1c 0x2e            NOPA;                                                       NOPS;                                                       NOPM;                                   NOPV
.return_address
         720    0x06 0x16 0x16 0x98                                                              LDA r16, [p6, #4]
         724    0x00 0x00                                                                        NOPX
         726    0x00 0x00                                                                        NOPX
         728    0x00 0x00                                                                        NOPX
         730    0x00 0x00                                                                        NOPX
.no_stack_arguments
         732    0x00 0x02 0x70 0x00 0x01 0x04                                                                                                                                              JL #1248
         738    0x00 0x00                                                                        NOPX
         740    0x84 0x7f 0xe8 0x30 0x01 0x24                                                                                                                                              ADD r17, r16, #-1;            ADD.NC r16, r16, #1
         746    0x12 0xf7 0x0a 0x98                                                                                                                                                        LT r27, r11, r16
         750    0x14 0x21 0x12 0x18                                                                                                                                                        SEL.EQZ r16, r16, r17, r27
         754    0x00 0x2c 0xf0 0x00 0x20 0x00 0xc5 0x05 0xff 0xeb 0xc2 0xc2 0x30 0x7e            NOPA;                         NOPB;                         ST r16, [p6, #4];             MOVX r0, #49;                 MOV r1, #-1
.return_address
         768    0x06 0x16 0x16 0x98                                                              LDA r16, [p6, #4]
         772    0x00 0x00                                                                        NOPX
         774    0x00 0x00                                                                        NOPX
         776    0x00 0x00                                                                        NOPX
.no_stack_arguments
         778    0x00 0x02 0x90 0x00 0x01 0x04                                                                                                                                              JL #1312
         784    0x00 0x00                                                                        NOPX
         786    0x00 0x07 0x04 0xda 0x00 0x44                                                                                                                                              MOVXM p2, #462080
         792    0x12 0xf7 0x07 0x98                                                                                                                                                        EQ r27, r11, r16
         796    0x13 0xe0 0xe2 0x18                                                                                                                                                        SEL.EQZ r16, r15, r14, r27
         800    0x00 0x2c 0xf0 0x00 0x20 0x90 0x0b 0x00 0x00 0x00 0xb7 0x60 0x78 0x00 0x00 0xe1  NOPA;                         NOPB;                         MOVS p0, r16;                 NOPX;                         MOV p1, p7;                             NOPV
.return_address
.no_stack_arguments
         816    0x00 0x02 0x80 0x00 0x01 0x04                                                                                                                                              JL #1280
         822    0x00 0x18 0x20 0xa0 0x05 0x64                                                                                                                                              MOVX r0, #48;                 MOV r1, #1
         828    0x00 0x00                                                                        NOPX
         830    0x00 0x00                                                                        NOPX
         832    0x00 0x00                                                                        NOPX
         834    0x00 0x2c 0xf0 0x02 0xb6 0x00 0x00 0x40 0x1a 0x57 0x00 0x00 0x1c 0x2e            NOPA;                                                       NOPS;                                                       NOPM;                                   NOPV
.return_address
         848    0x06 0x16 0x16 0x98                                                              LDA r16, [p6, #4]
         852    0x00 0x00                                                                        NOPX
         854    0x00 0x00                                                                        NOPX
         856    0x00 0x00                                                                        NOPX
         858    0x00 0x00                                                                        NOPX
.no_stack_arguments
         860    0x00 0x02 0x70 0x00 0x01 0x04                                                                                                                                              JL #1248
         866    0x00 0x00                                                                        NOPX
         868    0x84 0x7f 0xe8 0x30 0x01 0x24                                                                                                                                              ADD r17, r16, #-1;            ADD.NC r16, r16, #1
         874    0x12 0xf7 0x0a 0x98                                                                                                                                                        LT r27, r11, r16
         878    0x14 0x21 0x12 0x18                                                                                                                                                        SEL.EQZ r16, r16, r17, r27
         882    0x00 0x2c 0xf0 0x00 0x20 0x00 0xc5 0x05 0xff 0xeb 0xc2 0xc2 0x30 0x7e            NOPA;                         NOPB;                         ST r16, [p6, #4];             MOVX r0, #49;                 MOV r1, #-1
.return_address
         896    0x06 0x16 0x16 0x98                                                              LDA r16, [p6, #4]
         900    0x00 0x00                                                                        NOPX
         902    0x00 0x00                                                                        NOPX
         904    0x00 0x00                                                                        NOPX
.no_stack_arguments
         906    0x00 0x02 0x90 0x00 0x01 0x04                                                                                                                                              JL #1312
         912    0x00 0x00                                                                        NOPX
         914    0x00 0x07 0x04 0xda 0x00 0x44                                                                                                                                              MOVXM p2, #462080
         920    0x12 0xf7 0x07 0x98                                                                                                                                                        EQ r27, r11, r16
         924    0x13 0xe0 0xe2 0x18                                                                                                                                                        SEL.EQZ r16, r15, r14, r27
         928    0x00 0x2c 0xf0 0x00 0x20 0x90 0x0b 0x00 0x00 0x00 0xb7 0x60 0x78 0x00 0x00 0xe1  NOPA;                         NOPB;                         MOVS p0, r16;                 NOPX;                         MOV p1, p7;                             NOPV
.return_address
.no_stack_arguments
         944    0x00 0x02 0x80 0x00 0x01 0x04                                                                                                                                              JL #1280
         950    0x00 0x18 0x20 0xa0 0x05 0x64                                                                                                                                              MOVX r0, #48;                 MOV r1, #1
         956    0x00 0x00                                                                        NOPX
         958    0x00 0x00                                                                        NOPX
         960    0x00 0x00                                                                        NOPX
         962    0x00 0x2c 0xf0 0x02 0xb6 0x00 0x00 0x40 0x1a 0x57 0x00 0x00 0x1c 0x2e            NOPA;                                                       NOPS;                                                       NOPM;                                   NOPV
.return_address
         976    0x06 0x16 0x16 0x98                                                              LDA r16, [p6, #4]
         980    0x00 0x00                                                                        NOPX
         982    0x00 0x00                                                                        NOPX
         984    0x00 0x00                                                                        NOPX
         986    0x00 0x00                                                                        NOPX
.no_stack_arguments
         988    0x00 0x02 0x80 0x00 0x01 0x04                                                                                                                                              JL #1280
         994    0x00 0x00                                                                        NOPX
         996    0x84 0x7f 0xe8 0x30 0x01 0x24                                                                                                                                              ADD r17, r16, #-1;            ADD.NC r16, r16, #1
        1002    0x12 0xf7 0x0a 0x98                                                                                                                                                        LT r27, r11, r16
        1006    0x14 0x21 0x12 0x18                                                                                                                                                        SEL.EQZ r16, r16, r17, r27
        1010    0x00 0x2c 0xf0 0x00 0x20 0x02 0x05 0x01 0x06 0x4b 0xc2 0xc2 0x30 0x7e            NOPA;                         NOPB;                         ST r16, [p6, #4];             MOVX r1, #1;                  MOV r0, #50
.return_address
        1024    0xc0 0xc2 0xd0 0x00 0x00 0x03 0xb0 0xd8 0x10 0xba                                LDA r16, [p6];                                                                            MOVXM p7, #432
        1034    0x00 0x00                                                                        NOPX
        1036    0x00 0x00                                                                        NOPX
        1038    0x00 0x00                                                                        NOPX
        1040    0x00 0x00                                                                        NOPX
        1042    0x12 0x11 0xe0 0x18                                                                                                                                                        JNZD r8, r8, p7
        1046    0x00 0x00                                                                        NOPX
        1048    0x84 0x7f 0xe8 0x30 0x01 0x24                                                                                                                                              ADD r17, r16, #-1;            ADD.NC r16, r16, #1
        1054    0x12 0xf7 0x0a 0x98                                                                                                                                                        LT r27, r11, r16
        1058    0x14 0x21 0x12 0x18                                                                                                                                                        SEL.EQZ r16, r16, r17, r27
        1062    0x0e 0x06 0x11 0x98                                                                                                                          ST r16, [p6]
.loop_nesting 1
        1066    0x07 0xcd 0x11 0x18                                                              LDA r8, [sp, #-52]
        1070    0x00 0x00                                                                        NOPX
.no_stack_arguments
        1072    0x00 0x02 0x80 0x00 0x01 0x04                                                                                                                                              JL #1280
        1078    0x00 0x00                                                                        NOPX
        1080    0x00 0x00                                                                        NOPX
        1082    0x00 0x00                                                                        NOPX
        1084    0x1c 0x1c 0xc0 0xf8                                                                                                                                                                                      MOV r16, p6
        1088    0x00 0x21 0x00 0x00 0x20 0x01 0x5b 0x00 0x06 0xab 0xb4 0x3f 0x08 0x00 0x00 0xe1  MOVA r1, #1;                  NOPB;                         NOPS;                         MOVX r0, #53;                 ADD.NC p7, r16, #-4;                    NOPV
.return_address
        1104    0xfa 0x4a 0x20 0x11 0x00 0x3a 0x28 0x00 0x58 0xba                                LDA r18, [sp, #-48];                                                                      ADD r16, r8, #1;              MOV r17, #0
        1114    0xde 0xce 0xd0 0x1f 0xff 0xfe 0xaf 0xff 0x10 0xba                                LDA r19, [p6, #-4];                                                                       MOVXM r21, #2147483646
        1124    0x12 0xa9 0x08 0x98                                                                                                                                                        NE r20, r10, r16
        1128    0x00 0x00                                                                        NOPX
        1130    0x00 0x00                                                                        NOPX
        1132    0x00 0x00                                                                        NOPX
        1134    0x00 0x00                                                                        NOPX
        1136    0x14 0x65 0x22 0x98                                                                                                                                                        ADC r18, r17, r18
        1140    0xfa 0x4a 0xba 0xd6 0x79 0x5c                                                                                                                ST r18, [sp, #-48];           LTU r21, r21, r19
        1146    0x14 0xa3 0x1a 0x98                                                                                                                                                        LT r17, r18, r17
        1150    0x95 0x9a 0x09 0x33 0xaa 0xa4                                                                                                                                              EQZ r22, r18;                 ADD.NC r18, r19, r21
        1156    0xe3 0xca 0x3b 0x4a 0x89 0x5c                                                                                                                ST r18, [p7], #4;             AND r18, r22, r20
        1162    0x14 0x63 0x25 0x98                                                                                                                                                        OR r17, r17, r18
        1166    0x88 0x00 0xb0 0x40 0x01 0x84                                                                                                                                              JNZ r17, #352
        1172    0x00 0x00                                                                        NOPX
        1174    0x00 0x00                                                                        NOPX
        1176    0x00 0x00                                                                        NOPX
        1178    0x00 0x00                                                                        NOPX
        1180    0x00 0x00                                                                        NOPX
.loop_nesting 0
        1182    0x07 0xd4 0x39 0x18                                                              LDA lr, [sp, #-44]
        1186    0x07 0xf9 0x11 0x18                                                              LDA r8, [sp, #-8]
        1190    0x07 0xf5 0x31 0x18                                                              LDA r9, [sp, #-12]
        1194    0x07 0xf1 0x51 0x18                                                              LDA r10, [sp, #-16]
        1198    0x07 0xed 0x71 0x18                                                              LDA r11, [sp, #-20]
        1202    0x07 0xe9 0x91 0x18                                                              LDA r12, [sp, #-24]
        1206    0x07 0xe5 0xb1 0x18                                                              LDA r13, [sp, #-28]
        1210    0x07 0xe1 0xd1 0x18                                                              LDA r14, [sp, #-32]
        1214    0x07 0xdd 0xf1 0x18                                                              LDA r15, [sp, #-36]
        1218    0x07 0xdb 0x19 0x18                                                              LDA p6, [sp, #-40]
        1222    0x07 0xff 0x99 0x18                                                              LDA p7, [sp, #-4]
        1226    0x10 0x28 0x00 0x18                                                                                                                                                        RET lr
        1230    0x00 0x00                                                                        NOPX
        1232    0x00 0x00                                                                        NOPX
        1234    0x00 0x00                                                                        NOPX
        1236    0x00 0x00                                                                        NOPX
        1238    0xff 0xf8 0x00 0x00 0x01 0xc4                                                                                                                                              PADDXM [sp], #-64
.label core_0_2__end

.text_segment PM   1248
.label llvm___aie2p___acquire
.function_start
        1248    0x10 0x12 0x18 0x18                                                                                                                                                        ACQ r0, r1
        1252    0x10 0x28 0x00 0x18                                                                                                                                                        RET lr
        1256    0x00 0x00                                                                        NOPX
        1258    0x00 0x00                                                                        NOPX
        1260    0x00 0x00                                                                        NOPX
        1262    0x00 0x00                                                                        NOPX
        1264    0x00 0x00                                                                        NOPX
.label llvm___aie2p___acquire__end

.text_segment PM   1280
.label llvm___aie2p___release
.function_start
        1280    0x10 0x10 0x18 0x18                                                                                                                                                        REL r0, r1
        1284    0x10 0x28 0x00 0x18                                                                                                                                                        RET lr
        1288    0x00 0x00                                                                        NOPX
        1290    0x00 0x00                                                                        NOPX
        1292    0x00 0x00                                                                        NOPX
        1294    0x00 0x00                                                                        NOPX
        1296    0x00 0x00                                                                        NOPX
.label llvm___aie2p___release__end

.text_segment PM   1312
.label matmul_vectorized_bfp16
.function_start
        1312    0x00 0x18 0x00 0x00 0x01 0xe9 0xb7 0x86 0x10 0xba                                MOVA r24, #0;                                                                             MOVXM p3, #503564
        1322    0x60 0x9a 0xd0 0x02 0x40 0x09 0x70 0x39 0x78 0xba                                LDA r6, [p3];                                                                             MOVX r4, #64;                 VBCST.8 x5, r24
        1332    0x00 0x62 0x00 0x20 0x10 0x08 0x28 0x08 0x10 0xba                                MOVA r2, #3;                                                                              MOVXM r1, #-2143281136
        1342    0x01 0x27 0x00 0x00 0x40 0x2a 0x88 0x39 0x78 0xba                                MOVA r7, #9;                                                                              MOVX r4, #1;                  VBCST.8 x10, r4
        1352    0x48 0x11 0x00 0x02 0x01 0x00 0x09 0x00 0x90 0xba                                MOVA r17, #576;                                                                           MOVXM r0, #134480385
        1362    0x10 0x12 0x00 0x1f 0xdf 0xdc 0xaf 0xbf 0x90 0xba                                MOVA r18, #128;                                                                           MOVXM r5, #2139062143
        1372    0x00 0x15 0x00 0x07 0xff 0xfe 0x8f 0x00 0x10 0xba                                MOVA r21, #0;                                                                             MOVXM r20, #536870400
        1382    0x00 0x07 0xa8 0xde 0x20 0x44                                                                                                                                              MOVXM p4, #503568
        1388    0x80 0xc0 0x50 0x0d 0xb1 0x3e 0x16 0x82 0x18 0xba                                LDA.s8 r16, [p4];                                                                         EQ r27, r6, r2;               VSEL.8 x8, x5, x10, r1:r0
        1398    0x09 0x01 0x00 0x00 0x1a 0x00 0x00 0x00 0x70 0xba                                MOVA r1, #72;                                                                             PADDXM [sp], #832
        1408    0xfe 0x46 0x60 0x00 0x00 0x00 0x7b 0x18 0x11 0x3a                                                                                            VST x8, [sp, #-256];          MOVXM ls, #1584
        1418    0x00 0x00 0x06 0xf4 0xa0 0x44                                                                                                                                              MOVXM le, #2640
        1424    0x61 0x86 0x00 0x0c 0x03 0xec 0x49 0x80 0x48 0xba                                MOVA r6, #780;                                                                            LSHL r0, r6, r7;              ADD.NC r2, r6, #1
        1434    0xff 0xa2 0x00 0x05 0x3c 0x12 0x02 0xce 0x78 0xba                                MOVA r2, #-3;                                                                             SEL.EQZ r19, r2, r24, r27;    MOV el8, r5
        1444    0x60 0xce 0x30 0x28 0x00 0x26 0x22 0xce 0x79 0x3a                                                                                            ST r19, [p3];                 AND r0, r20, r0;              MOV eh8, r5
        1454    0x00 0xe5 0x07 0xfe 0x2d 0x8f 0x60 0x32 0xca 0x60 0x78 0x76                      MOVA r5, #7;                                                ST el8, [sp, #-4];            MAC r22, r22, r7, r0;         MOV r22, p2
        1466    0xff 0x41 0xb0 0x21 0xd4 0x00 0xe9 0x60 0x79 0x3a                                                                                            ST eh8, [sp, #-8];            MOVX crRnd, r16;              MOV r7, p1
        1476    0x00 0x2c 0xf8 0x21 0x81 0xd4                                                    NOPA;                                                                                                                   MOV r16, p0
        1482    0x00 0x00 0x0a 0x29 0x00 0x44                                                                                                                                              MOVXM r20, #1152
        1488    0x00 0x2c 0xf0 0x00 0x20 0x01 0x5b 0x00 0x00 0x01 0xb2 0xf0 0x10 0x00 0x00 0xe1  NOPA;                         NOPB;                         NOPS;                         MOVXM p3, #1504;                                                      NOPV
.label TGT_Fmatmul_vectorized_bfp16_192
.loop_nesting 1
        1504    0x00 0x18 0x00 0x2a 0x02 0xef 0x89 0xd0 0x78 0xba                                MOVA r24, #0;                                                                             LSHL r0, r21, r5;             MOV r28, r7
        1514    0x00 0x1d 0x00 0x2b 0x6a 0x32 0xec 0x80 0xa8 0xba                                MOVA r29, #0;                                                                             MAC r22, r22, r21, r20;       ADD.NC r23, r18, r0
        1524    0x00 0x85 0x40 0x2f 0x71 0x6c 0x0d 0x90 0x78 0xba                                MOVA lc, #4;                                                                              LSHL r23, r23, r2;            MOV r0, r22
        1534    0x00 0x1a 0x00 0x56 0x0b 0x2e 0x00 0xb2 0xb5 0x90 0x78 0x76                      MOVA r26, #0;                                               MOVS dn0, r22;                MAC r0, r0, r23, r1;          MOV p5, r22
        1546    0xaf 0x22 0xcb 0x20 0x41 0xe4                                                                                                                                              MAC r28, r28, r21, r17;       MOV r22, r0
        1552    0x60 0x01 0x60 0x00 0x00 0x0a 0xec 0x10 0x79 0x3a                                                                                            MOVS dc3, r0;                 MOVX r0, #0;                  MOV r23, r16
        1562    0x00 0x1c 0x00 0x1c 0x0b 0x2b 0x78 0xb0 0xe3 0xc0 0x78 0x76                      MOVA r28, #0;                                               MOVS dc0, r28;                MAC r23, r23, r21, r17;       MOV dc1, dc3
        1574    0x00 0x2c 0xf0 0x00 0x10 0x00 0x01 0xa5 0x7e 0xba                                NOPA;                         NOPB;                                                                                     NOPM
.label ZLS_Fmatmul_vectorized_bfp16_272
.loop_nesting 2
.begin_of_loop
        1584    0xfa 0x48 0xf0 0x97 0x0b 0x01 0x80 0x0b 0x6e 0x10 0x78 0x76                      VLDA lfh1, [sp, #-768];                                     MOVS p0, r23;                 MOVX r24, #0;                 MOV r27, r24
        1596    0xfa 0xd8 0xf8 0x28 0x29 0x8c 0x4b 0x03 0x2f 0x10 0x70 0xf6                      VLDA lfl1, [sp, #-704];       VLDB.FILL.512 [p0, lf0, r24]; MOVS p1, dc3;                                               MOV r25, r28
        1608    0x80 0x21 0x7a 0x28 0x2c 0x94 0x8b 0x03 0xcf 0x50 0x70 0xf6                      VLDA.POP.576 ex4, [p0, lf0, r24];VLDB.FILL.512 [p1, lf1, r25];MOVS p4, p5;                                              MOV r30, r29
        1620    0x80 0x29 0x76 0x01 0x2a 0x90 0x8b 0x00 0x6f 0x90 0x70 0xf6                      VLDA.POP.576 ex5, [p0, lf0, r24];VLDB.POP.576 ex2, [p1, lf1, r25];MOVS p2, p4;                                          MOV r3, r30
        1632    0x80 0x41 0x75 0x14 0x14 0x02 0x6e 0xd0 0x7e 0xba                                VLDA.POP.576 ex8, [p0, lf0, r24];VLDB.FILL.512 [p1, lf1, r25];                                                          MOV r19, r27
        1642    0x80 0x49 0x73 0x00 0xd4 0x03 0x88 0x10 0x7e 0xba                                VLDA.POP.576 ex9, [p0, lf0, r24];VLDB.POP.576 ex3, [p1, lf1, r25];                                                      MOV r28, r0
        1652    0xff 0x48 0xf4 0x00 0x2a 0x04 0x8b 0x03 0xce 0x50 0x70 0xf6                      VLDA lfh1, [sp, #-128];       VLDB.POP.576 ex0, [p0, lf0, r24];MOVS dc2, p1;                                            MOV r30, r25
        1664    0xfb 0x68 0xf4 0x02 0xa9 0x82 0x4b 0x03 0x28 0xd0 0x70 0xf6                      VLDA sfh, [sp, #-640];        VLDB.POP.576 ex5, [p0, lf0, r24];MOVS p1, dn0;                                            MOV r25, r3
        1676    0xfe 0x27 0x74 0x04 0x28 0x3c                                                    VLDA x4, [sp, #-256];         VLDB.POP.576 ex8, [p0, lf0, r24]
        1682    0xff 0xa5 0x24 0x04 0xa8 0x3c                                                    LDA el4, [sp, #-4];           VLDB.POP.576 ex9, [p0, lf0, r24]
        1688    0xff 0x21 0x24 0x14 0x14 0x01 0x84 0x2e 0x7e 0xba                                LDA eh4, [sp, #-8];           VLDB.FILL.512 [p0, lf0, r24];                                                             VMOV ex6, ex4
        1698    0xfe 0xd8 0xf2 0x02 0xd4 0x02 0x85 0x2e 0x7e 0xba                                VLDA lfl1, [sp, #-192];       VLDB.POP.576 ex11, [p0, lf0, r24];                                                        VMOV ex10, ex5
        1708    0x80 0x01 0x7a 0x28 0x2f 0xd6 0x6b 0x01 0xc8 0x2e 0x70 0xf6                      VLDA.POP.576 ex0, [p0, lf0, r24];VLDB.FILL.512 [p1, lf1, r25];VST lfh1, [sp, #-704];                                    VMOV ex7, ex8
        1720    0x80 0x11 0x76 0x00 0x2f 0xda 0xeb 0x00 0x49 0x2e 0x70 0xf6                      VLDA.POP.576 ex2, [p0, lf0, r24];VLDB.POP.576 ex0, [p1, lf1, r25];VST lfl1, [sp, #-640];                                VMOV ex1, ex9
        1732    0xfb 0xb8 0xfa 0x28 0x29 0x40 0x8b 0x03 0x6e 0x10 0x70 0xf6                      VLDA sfl, [sp, #-576];        VLDB.FILL.512 [p1, lf1, r25]; MOVS dn1, p0;                                               MOV r27, r24
        1744    0xfd 0x08 0xf0 0x80 0x4b 0x03 0x0c 0xd0 0x72 0xba                                VLDA lfh0, [sp, #-384];                                     MOVS p0, dc0;                                               MOV r24, r19
        1754    0xfd 0x98 0xf2 0x00 0xb9 0xd4                                                    VLDA lfl0, [sp, #-320];                                                                                                 VMOV ex2, ex0
        1760    0x04 0x14 0x14 0x00 0x32 0xe4 0x89 0x62                                                                        VLDB.FILL.512 [p0, lf0, r24];                                                                                                     VMUL.f dm2, ex2, ex4, r6
        1768    0xfb 0x96 0x62 0x01 0x94 0x01 0x33 0xe6 0x89 0x4a                                                              VLDB.POP.576 ex6, [p0, lf0, r24];VST x2, [sp, #-576];                                                                             VMUL.f dm3, ex3, ex4, r6
        1778    0x0f 0xf4 0xad 0x98                                                                                                                          ST el2, [sp, #-12]
        1782    0xfe 0x11 0xb3 0x00 0x54 0x00 0xc0 0x2e 0x76 0xba                                                              VLDB.POP.576 ex1, [p1, lf1, r25];ST eh2, [sp, #-16];                                      VMOV ex3, ex0
        1792    0xf9 0x8d 0x6a 0x28 0x28 0x14 0x5c 0xe6 0x30 0xe0 0x89 0x66                                                    VLDB.FILL.512 [p1, lf1, r25]; VST lfh0, [sp, #-832];                                      VMOV ex0, ex10;                         VMUL.f dm0, ex0, ex4, r6
        1804    0xfa 0x1d 0x62 0x01 0xd4 0x02 0x86 0x2e 0x76 0xba                                                              VLDB.POP.576 ex7, [p0, lf0, r24];VST lfl0, [sp, #-768];                                   VMOV ex10, ex6
        1814    0x07 0xdd 0x3b 0x98                                                              VLDA x4, [sp, #-576]
        1818    0xfe 0xa5 0x24 0x05 0x28 0x3c                                                    LDA el4, [sp, #-12];          VLDB.POP.576 ex10, [p0, lf0, r24]
        1824    0x07 0xf1 0x09 0x18                                                              LDA eh4, [sp, #-16]
        1828    0xfe 0x07 0x72 0x02 0xd4 0x1d 0x30 0x14 0xc9 0x4a                                VLDA x0, [sp, #-256];         VLDB.POP.576 ex11, [p0, lf0, r24];                                                                                                VMAC.f dm0, dm0, ex10, ex6, r6
        1838    0xff 0x85 0x24 0x03 0x2b 0x02 0x5c 0xe2 0x32 0x40 0xc9 0x66                      LDA el0, [sp, #-4];           VLDB.POP.576 ex6, [p0, lf0, r24];                                                         VMOV ex6, ex1;                          VMAC.f dm2, dm2, ex0, ex6, r6
        1850    0xff 0x01 0x24 0x03 0xa8 0x96 0x5c 0xe2 0x31 0xe2 0x89 0x66                      LDA eh0, [sp, #-8];           VLDB.POP.576 ex7, [p0, lf0, r24];                                                         VMOV ex1, ex11;                         VMUL.f dm1, ex1, ex4, r6
        1862    0x40 0x52 0x8b 0x1c 0xb9 0xf4                                                                                  VLDB.POP.576 ex10, [p0, lf0, r24];                                                        VMOV ex11, ex7
        1868    0x02 0x02 0xd4 0x00 0x33 0x60 0xe9 0x62                                                                        VLDB.POP.576 ex11, [p0, lf0, r24];                                                                                                VMAC.f dm3, dm3, ex0, ex7, r6
        1876    0x02 0x81 0x73 0x00 0x14 0x1d 0x31 0x34 0xe9 0x4a                                VLDA.FILL.512 [p0, lf0, r24]; VLDB.POP.576 ex0, [p1, lf1, r25];                                                                                                 VMAC.f dm1, dm1, ex10, ex7, r6
        1886    0x80 0x31 0x75 0x14 0x14 0x1d 0x30 0x17 0x49 0x4a                                VLDA.POP.576 ex6, [p0, lf0, r24];VLDB.FILL.512 [p1, lf1, r25];                                                                                                  VMAC.f dm0, dm0, ex11, ex10, r6
        1896    0x80 0x39 0x76 0x00 0xad 0x16 0x5c 0xe2 0x32 0x4d 0x49 0x66                      VLDA.POP.576 ex7, [p0, lf0, r24];VLDB.POP.576 ex1, [p1, lf1, r25];                                                      VMOV ex10, ex11;                        VMAC.f dm2, dm2, ex6, ex10, r6
        1908    0x08 0x91 0x64 0x05 0x2f 0x5c 0xa0 0xe6 0x33 0x6d 0x69 0x66                                                    VLDB.POP.576 ex10, [p0, lf0, r24];MOVS dn0, p1;                                           MOV r29, r25;                           VMAC.f dm3, dm3, ex6, ex11, r6
        1920    0x31 0x35 0x69 0x48                                                                                                                                                                                                                              VMAC.f dm1, dm1, ex10, ex11, r6
        1924    0x02 0x02 0xd4 0x00 0x30 0x08 0xc9 0x62                                                                        VLDB.POP.576 ex11, [p0, lf0, r24];                                                                                                VMAC.f dm0, dm0, ex4, ex6, r6
        1932    0x02 0x86 0x5c 0xe6 0x32 0x4a 0xc9 0x62                                                                                                                                                                  VMOV ex5, ex3;                          VMAC.f dm2, dm2, ex5, ex6, r6
        1940    0x04 0x03 0x29 0x80 0x5c 0xe6 0x33 0x6a 0xe9 0x4a                                                              VLDB.POP.576 ex6, [p0, lf0, r24];                                                         VMOV ex3, ex0;                          VMAC.f dm3, dm3, ex5, ex7, r6
        1950    0x30 0x11 0x62 0x02 0x5c 0xe4 0x31 0x28 0xe9 0x4a                                                                                            MOVS p1, p0;                                                VMOV ex4, ex1;                          VMAC.f dm1, dm1, ex4, ex7, r6
        1960    0x10 0xc9 0x66 0x5c 0x20 0xe4 0x30 0x11 0x49 0x4a                                                                                            MOVS p0, dn1;                                               MOV r25, r24;                           VMAC.f dm0, dm0, ex8, ex10, r6
        1970    0xff 0x4d 0x66 0x1d 0xa0 0xe4 0x32 0x53 0x49 0x4a                                                                                            VST lfh1, [sp, #-128];                                      MOV r24, r27;                           VMAC.f dm2, dm2, ex9, ex10, r6
        1980    0xf9 0x88 0xf6 0x03 0xac 0x04 0x5c 0xe2 0x31 0x31 0x69 0x66                      VLDA lfh0, [sp, #-832];       VLDB.POP.576 ex7, [p1, lf1, r25];                                                         VMOV ex8, ex2;                          VMAC.f dm1, dm1, ex8, ex11, r6
        1992    0xfa 0x18 0xf0 0x04 0x33 0x73 0x69 0x62                                          VLDA lfl0, [sp, #-768];                                                                                                                                         VMAC.f dm3, dm3, ex9, ex11, r6
        2000    0xfe 0xdd 0x62 0x02 0x54 0x01 0x30 0x08 0xc9 0x4a                                                              VLDB.POP.576 ex9, [p0, lf0, r24];VST lfl1, [sp, #-192];                                                                           VMAC.f dm0, dm0, ex4, ex6, r6
        2010    0xa0 0x51 0x74 0x02 0x2d 0x65 0x92 0xe2 0x32 0x4a 0xc9 0x66                      VLDA.POP.576 ex10, [p1, lf1, r25];VLDB.POP.576 ex4, [p0, lf0, r24];                                                     VMOV lfl1, lfl0;                        VMAC.f dm2, dm2, ex5, ex6, r6
        2022    0xfa 0xc8 0xf4 0x02 0xac 0x04 0x8b 0x00 0x00 0x02 0x30 0xc9 0x79 0x89 0x47 0x4b  VLDA lfh1, [sp, #-704];       VLDB.POP.576 ex5, [p0, lf0, r24];MOVS dc4, p1;              NOPX;                         VMOV lfh1, lfh0;                        VMAC.f dm1, dm1, ex4, ex7, r6
        2038    0xfb 0x58 0xf4 0x04 0x29 0x88 0x4b 0x00 0x00 0x03 0xee 0x50 0x79 0x9b 0x57 0x4b  VLDA lfl1, [sp, #-640];       VLDB.POP.576 ex8, [p0, lf0, r24];MOVS p1, dc2;              NOPX;                         MOV r31, r25;                           VMAC.f dm3, dm3, ex5, ex7, r6
        2054    0x04 0x04 0xae 0x5f 0x20 0xe6 0x30 0x11 0x49 0x4a                                                              VLDB.POP.576 ex9, [p0, lf0, r24];                                                         MOV r25, r30;                           VMAC.f dm0, dm0, ex8, ex10, r6
        2064    0x00 0x18 0x0a 0x28 0x2d 0x77 0x16 0x6d 0x0c 0x0f 0x31 0x31 0x69 0x4e            MOVA r24, #0;                 VLDB.FILL.512 [p1, lf1, r25];                               MAC r27, r27, r21, r17;       MOV r27, p0;                            VMAC.f dm1, dm1, ex8, ex11, r6
        2078    0x3b 0x00 0x94 0x18                                                                                            VLDB.POP.576 ex2, [p1, lf1, r25]
        2082    0xa2 0x82 0x80 0xdb 0x41 0xf4                                                                                  VLDB.FILL.512 [p1, lf1, r25];                                                             MOV p0, r27
        2088    0xa0 0x19 0x78 0x28 0x2b 0xf5 0x35 0x8e 0x32 0x53 0x49 0x66                      VLDA.POP.576 ex3, [p1, lf1, r25];VLDB.FILL.512 [p0, lf0, r24];VST lfh1, [sp, #-384];                                                                            VMAC.f dm2, dm2, ex9, ex10, r6
        2100    0xfd 0xdd 0x64 0x02 0x2c 0xdc 0xa0 0xe6 0x33 0x73 0x69 0x66                                                    VLDB.POP.576 ex4, [p0, lf0, r24];VST lfl1, [sp, #-320];                                   MOV r19, r25;                           VMAC.f dm3, dm3, ex9, ex11, r6
        2112    0xfd 0x48 0xf4 0x02 0xab 0x04 0x8b 0x00 0x00 0x03 0x2f 0xd0 0x79 0x80 0x46 0x4b  VLDA lfh1, [sp, #-384];       VLDB.POP.576 ex5, [p0, lf0, r24];MOVS dc3, p1;              NOPX;                         MOV r25, r31;                           VMAC.f dm0, dm0, ex4, ex6, r6
        2128    0xfd 0xd8 0xf3 0x20 0x96 0x00 0x00 0x7e 0xcd 0x07 0x31 0x28 0xe9 0x6e            VLDA lfl1, [sp, #-320];                                     MOVS p1, dc4;                                               MOV r31, r19;                           VMAC.f dm1, dm1, ex4, ex7, r6
        2142    0x03 0x02 0xd4 0x00 0x32 0x4a 0xc9 0x62                                                                        VLDB.POP.576 ex11, [p1, lf1, r25];                                                                                                VMAC.f dm2, dm2, ex5, ex6, r6
        2150    0x05 0x14 0x14 0x00 0x33 0x6a 0xe9 0x62                                                                        VLDB.FILL.512 [p1, lf1, r25];                                                                                                     VMAC.f dm3, dm3, ex5, ex7, r6
        2158    0x06 0x03 0x2d 0x06 0x5c 0xe6 0x30 0x11 0x49 0x4a                                                              VLDB.POP.576 ex6, [p1, lf1, r25];                                                         VMOV ex10, ex3;                         VMAC.f dm0, dm0, ex8, ex10, r6
        2168    0xfa 0x4d 0x63 0x01 0xd4 0x01 0x32 0x53 0x49 0x4a                                                              VLDB.POP.576 ex7, [p1, lf1, r25];VST lfh1, [sp, #-768];                                                                           VMAC.f dm2, dm2, ex9, ex10, r6
        2178    0xfa 0xdd 0x60 0x02 0x30 0xe1 0x49 0x62                                                                                                      VST lfl1, [sp, #-704];                                                                              VMUL.f dm0, ex0, ex10, r6
        2186    0x00 0x00                                                                        NOPX
        2188    0x00 0x00                                                                        NOPX
        2190    0x00 0x00                                                                        NOPX
        2192    0xb0 0x00 0x60 0x02 0x31 0x31 0x69 0x62                                                                                                      VST.PUSH.576.CONV.bfp16ebs8.fp32 dm0, [p2, sf, r26];                                                VMAC.f dm1, dm1, ex8, ex11, r6
        2200    0x20 0x00 0x60 0x02 0x33 0x73 0x69 0x62                                                                                                      VST.FLUSH.512.CONV [p2, sf, r26];                                                                   VMAC.f dm3, dm3, ex9, ex11, r6
        2208    0x31 0xe3 0x49 0x48                                                                                                                                                                                                                              VMUL.f dm1, ex1, ex10, r6
        2212    0x30 0x08 0xc9 0x48                                                                                                                                                                                                                              VMAC.f dm0, dm0, ex4, ex6, r6
        2216    0x00 0x00                                                                        NOPX
        2218    0x31 0x28 0xe9 0x48                                                                                                                                                                                                                              VMAC.f dm1, dm1, ex4, ex7, r6
        2222    0x0d 0x80 0x83 0x18                                                                                                                          VST.PUSH.576.CONV.bfp16ebs8.fp32 dm1, [p2, sf, r26]
        2226    0xfc 0xb8 0xf2 0x00 0x06 0x0c                                                    VLDA sfl, [sp, #-448];                                      VST.FLUSH.512.CONV [p2, sf, r26]
        2232    0x49 0x11 0x64 0xdd 0x20 0xe4 0x32 0xe5 0x49 0x4a                                                                                            MOVS dn2, p2;                                               MOV r19, r26;                           VMUL.f dm2, ex2, ex10, r6
        2242    0xfc 0x68 0xf2 0x84 0x4b 0x03 0x4f 0x10 0x72 0xba                                VLDA sfh, [sp, #-512];                                      MOVS p2, dc1;                                               MOV r26, r28
        2252    0x07 0x1f 0xa0 0xe6 0x33 0xe7 0x49 0x62                                                                                                                                                                  MOV r28, r31;                           VMUL.f dm3, ex3, ex10, r6
        2260    0xfd 0xbd 0x67 0xd9 0xa0 0xe4 0x32 0x4a 0xc9 0x4a                                                                                            VST sfl, [sp, #-320];                                       MOV r31, r19;                           VMAC.f dm2, dm2, ex5, ex6, r6
        2270    0x0f 0xeb 0x6b 0x18                                                                                                                          VST sfh, [sp, #-384]
        2274    0xb0 0x20 0x60 0x02 0x33 0x6a 0xe9 0x62                                                                                                      VST.PUSH.576.CONV.bfp16ebs8.fp32 dm2, [p2, sf, r26];                                                VMAC.f dm3, dm3, ex5, ex7, r6
        2282    0xfd 0x68 0xf2 0x00 0x06 0x0c                                                    VLDA sfh, [sp, #-384];                                      VST.FLUSH.512.CONV [p2, sf, r26]
        2288    0xfd 0xb8 0xfb 0x03 0x06 0x0c                                                    VLDA sfl, [sp, #-320];                                      VST.PUSH.576.CONV.bfp16ebs8.fp32 dm3, [p2, sf, r26]
        2294    0x09 0x00 0x03 0x18                                                                                                                          VST.FLUSH.512.CONV [p2, sf, r26]
        2298    0xa1 0x11 0x60 0x02 0x6e 0x90 0x70 0x02                                                                                                      MOVS dc5, p2;                                               MOV r19, r26
        2306    0x51 0x49 0x60 0x03 0x4f 0xd0 0x70 0x02                                                                                                      MOVS p2, dn2;                                               MOV r26, r31
        2314    0x1f 0xd9 0xa0 0xf8                                                                                                                                                                                      MOV r31, r19
        2318    0x80 0x41 0x76 0x05 0x2f 0xe3 0x6b 0x32                                          VLDA.POP.576 ex8, [p0, lf0, r24];VLDB.POP.576 ex10, [p1, lf1, r25];VST sfh, [sp, #-512]
        2326    0x80 0x49 0x76 0x05 0xaf 0xe5 0xeb 0x32                                          VLDA.POP.576 ex9, [p0, lf0, r24];VLDB.POP.576 ex11, [p1, lf1, r25];VST sfl, [sp, #-448]
        2334    0x80 0x21 0x76 0x03 0x28 0x3c                                                    VLDA.POP.576 ex4, [p0, lf0, r24];VLDB.POP.576 ex6, [p1, lf1, r25]
        2340    0x80 0x29 0x76 0x03 0xa8 0x3c                                                    VLDA.POP.576 ex5, [p0, lf0, r24];VLDB.POP.576 ex7, [p1, lf1, r25]
        2346    0x80 0x41 0x76 0x05 0x28 0x3c                                                    VLDA.POP.576 ex8, [p0, lf0, r24];VLDB.POP.576 ex10, [p1, lf1, r25]
        2352    0x80 0x49 0x76 0x05 0xa8 0x3c                                                    VLDA.POP.576 ex9, [p0, lf0, r24];VLDB.POP.576 ex11, [p1, lf1, r25]
        2358    0x02 0x81 0x7a 0x28 0x28 0x3c                                                    VLDA.FILL.512 [p0, lf0, r24]; VLDB.FILL.512 [p1, lf1, r25]
        2364    0x80 0x21 0x76 0x03 0x28 0x3c                                                    VLDA.POP.576 ex4, [p0, lf0, r24];VLDB.POP.576 ex6, [p1, lf1, r25]
        2370    0x80 0x29 0x73 0x01 0xd4 0x1d 0x30 0x11 0x49 0x4a                                VLDA.POP.576 ex5, [p0, lf0, r24];VLDB.POP.576 ex7, [p1, lf1, r25];                                                                                              VMAC.f dm0, dm0, ex8, ex10, r6
        2380    0x31 0x31 0x69 0x48                                                                                                                                                                                                                              VMAC.f dm1, dm1, ex8, ex11, r6
        2384    0x02 0x02 0x14 0x00 0x32 0x53 0x49 0x62                                                                        VLDB.POP.576 ex8, [p0, lf0, r24];                                                                                                 VMAC.f dm2, dm2, ex9, ex10, r6
        2392    0x03 0x02 0x94 0x00 0x33 0x73 0x69 0x62                                                                        VLDB.POP.576 ex10, [p1, lf1, r25];                                                                                                VMAC.f dm3, dm3, ex9, ex11, r6
        2400    0x80 0x49 0x73 0x02 0xd4 0x1d 0x30 0x08 0xc9 0x4a                                VLDA.POP.576 ex9, [p0, lf0, r24];VLDB.POP.576 ex11, [p1, lf1, r25];                                                                                             VMAC.f dm0, dm0, ex4, ex6, r6
        2410    0x31 0x28 0xe9 0x48                                                                                                                                                                                                                              VMAC.f dm1, dm1, ex4, ex7, r6
        2414    0x02 0x01 0x14 0x00 0x32 0x4a 0xc9 0x62                                                                        VLDB.POP.576 ex4, [p0, lf0, r24];                                                                                                 VMAC.f dm2, dm2, ex5, ex6, r6
        2422    0x03 0x01 0x94 0x00 0x33 0x6a 0xe9 0x62                                                                        VLDB.POP.576 ex6, [p1, lf1, r25];                                                                                                 VMAC.f dm3, dm3, ex5, ex7, r6
        2430    0xa0 0x39 0x72 0x01 0x54 0x1d 0x30 0x11 0x49 0x4a                                VLDA.POP.576 ex7, [p1, lf1, r25];VLDB.POP.576 ex5, [p0, lf0, r24];                                                                                              VMAC.f dm0, dm0, ex8, ex10, r6
        2440    0x31 0x31 0x69 0x48                                                                                                                                                                                                                              VMAC.f dm1, dm1, ex8, ex11, r6
        2444    0x02 0x02 0x14 0x00 0x32 0x53 0x49 0x62                                                                        VLDB.POP.576 ex8, [p0, lf0, r24];                                                                                                 VMAC.f dm2, dm2, ex9, ex10, r6
        2452    0x03 0x02 0x94 0x00 0x33 0x73 0x69 0x62                                                                        VLDB.POP.576 ex10, [p1, lf1, r25];                                                                                                VMAC.f dm3, dm3, ex9, ex11, r6
        2460    0xa0 0x59 0x72 0x02 0x54 0x1d 0x30 0x08 0xc9 0x4a                                VLDA.POP.576 ex11, [p1, lf1, r25];VLDB.POP.576 ex9, [p0, lf0, r24];                                                                                             VMAC.f dm0, dm0, ex4, ex6, r6
        2470    0x00 0x91 0x66 0x1c 0xa0 0xe4 0x31 0x28 0xe9 0x4a                                                                                            MOVS dc0, p1;                                               MOV r24, r25;                           VMAC.f dm1, dm1, ex4, ex7, r6
        2480    0x32 0x4a 0xc9 0x48                                                                                                                                                                                                                              VMAC.f dm2, dm2, ex5, ex6, r6
        2484    0x33 0x6a 0xe9 0x48                                                                                                                                                                                                                              VMAC.f dm3, dm3, ex5, ex7, r6
        2488    0x30 0x11 0x49 0x48                                                                                                                                                                                                                              VMAC.f dm0, dm0, ex8, ex10, r6
        2492    0x31 0x31 0x69 0x48                                                                                                                                                                                                                              VMAC.f dm1, dm1, ex8, ex11, r6
        2496    0x32 0x53 0x49 0x48                                                                                                                                                                                                                              VMAC.f dm2, dm2, ex9, ex10, r6
        2500    0xfd 0xdd 0x60 0x02 0x33 0x73 0x69 0x62                                                                                                      VST lfl1, [sp, #-320];                                                                              VMAC.f dm3, dm3, ex9, ex11, r6
        2508    0xfd 0x4d 0x60 0x02 0x30 0x08 0xc9 0x62                                                                                                      VST lfh1, [sp, #-384];                                                                              VMAC.f dm0, dm0, ex4, ex6, r6
        2516    0x31 0x28 0xe9 0x48                                                                                                                                                                                                                              VMAC.f dm1, dm1, ex4, ex7, r6
        2520    0x32 0x4a 0xc9 0x48                                                                                                                                                                                                                              VMAC.f dm2, dm2, ex5, ex6, r6
        2524    0x30 0x11 0x49 0x48                                                                                                                                                                                                                              VMAC.f dm0, dm0, ex8, ex10, r6
        2528    0x31 0x31 0x69 0x48                                                                                                                                                                                                                              VMAC.f dm1, dm1, ex8, ex11, r6
        2532    0x33 0x6a 0xe9 0x48                                                                                                                                                                                                                              VMAC.f dm3, dm3, ex5, ex7, r6
        2536    0x32 0x53 0x49 0x48                                                                                                                                                                                                                              VMAC.f dm2, dm2, ex9, ex10, r6
        2540    0x00 0x00                                                                        NOPX
        2542    0x33 0x73 0x69 0x48                                                                                                                                                                                                                              VMAC.f dm3, dm3, ex9, ex11, r6
        2546    0x0d 0x80 0x03 0x18                                                                                                                          VST.PUSH.576.CONV.bfp16ebs8.fp32 dm0, [p2, sf, r26]
        2550    0x09 0x00 0x03 0x18                                                                                                                          VST.FLUSH.512.CONV [p2, sf, r26]
        2554    0xfc 0x68 0xfb 0x01 0x06 0x0c                                                    VLDA sfh, [sp, #-512];                                      VST.PUSH.576.CONV.bfp16ebs8.fp32 dm1, [p2, sf, r26]
        2560    0xfc 0xb8 0xf2 0x00 0x06 0x0c                                                    VLDA sfl, [sp, #-448];                                      VST.FLUSH.512.CONV [p2, sf, r26]
        2566    0xb1 0x11 0x60 0x00 0x0e 0x90 0x70 0x02                                                                                                      MOVS p5, p2;                                                MOV r0, r26
        2574    0x52 0x89 0x60 0x03 0x4f 0xd0 0x70 0x02                                                                                                      MOVS p2, dc5;                                               MOV r26, r31
        2582    0x1f 0xd0 0x20 0xf8                                                                                                                                                                                      MOV r31, r0
        2586    0x0f 0xdb 0x6b 0x18                                                                                                                          VST sfh, [sp, #-640]
        2590    0x0f 0xdd 0xeb 0x18                                                                                                                          VST sfl, [sp, #-576]
        2594    0x0d 0x81 0x03 0x18                                                                                                                          VST.PUSH.576.CONV.bfp16ebs8.fp32 dm2, [p2, sf, r26]
        2598    0x09 0x00 0x03 0x18                                                                                                                          VST.FLUSH.512.CONV [p2, sf, r26]
        2602    0x0d 0x81 0x83 0x18                                                                                                                          VST.PUSH.576.CONV.bfp16ebs8.fp32 dm3, [p2, sf, r26]
        2606    0x09 0x00 0x03 0x18                                                                                                                          VST.FLUSH.512.CONV [p2, sf, r26]
        2610    0x21 0x11 0x60 0x00 0x0e 0x90 0x70 0x02                                                                                                      MOVS dc1, p2;                                               MOV r0, r26
        2618    0x1e 0x9f 0xa0 0xf8                                                                                                                                                                                      MOV r26, r31
        2622    0x00 0x00                                                                        NOPX
        2624    0x00 0x2c 0xf0 0x00 0x27 0xe5 0xeb 0x00 0x00 0x00 0x01 0xa5 0x78 0x00 0x00 0xe1  NOPA;                         NOPB;                         VST sfl, [sp, #-448];         NOPX;                         NOPM;                                   NOPV
.label ZLE_Fmatmul_vectorized_bfp16_1328
.end_of_loop
        2640    0x00 0x2c 0xf0 0x00 0x27 0xe3 0x6b 0x00 0x00 0x00 0x01 0xa5 0x78 0x00 0x00 0xe1  NOPA;                         NOPB;                         VST sfh, [sp, #-512];         NOPX;                         NOPM;                                   NOPV
.loop_nesting 1
        2656    0x11 0x08 0xe0 0x18                                                                                                                                                        JNZD r4, r4, p3
        2660    0x10 0x2a 0x09 0x18                                                                                                                                                        MOVX r21, #2
        2664    0x00 0x00                                                                        NOPX
        2666    0x00 0x00                                                                        NOPX
        2668    0x00 0x00                                                                        NOPX
        2670    0x00 0x00                                                                        NOPX
.loop_nesting 0
        2672    0x10 0x28 0x00 0x18                                                                                                                                                        RET lr
        2676    0xff 0x98 0x00 0x00 0x01 0xc4                                                                                                                                              PADDXM [sp], #-832
        2682    0x00 0x00                                                                        NOPX
        2684    0x00 0x00                                                                        NOPX
        2686    0x00 0x00                                                                        NOPX
        2688    0x00 0x00                                                                        NOPX
.label matmul_vectorized_bfp16__end

.text_segment PM   2704
.label zero_kernel
.function_start
        2704    0x20 0x05 0x40 0x00 0x22 0x80 0x8b 0x00 0x01 0xe8 0x37 0x88 0x10 0x07 0x00 0xe9  MOVA lc, #256;                NOPB;                         MOVS p2, p0;                  MOVXM p0, #503568;                                                    VCLR dm0
        2720    0x00 0x80 0x50 0x00 0x00 0x00 0x7d 0x88 0x10 0xba                                LDA.s8 r0, [p0];                                                                          MOVXM ls, #2832
        2730    0x00 0x1a 0x00 0x00 0x00 0x01 0xbd 0x90 0x10 0xba                                MOVA r26, #0;                                                                             MOVXM le, #2848
        2740    0x00 0x2c 0xf0 0x00 0x20 0x00 0x00 0x00 0x00 0xad 0x81 0x36                      NOPA;                         NOPB;                         NOPS;                         NOPX
        2752    0x00 0x2c 0xf0 0x00 0x20 0x01 0x5b 0x00 0x00 0x00 0x01 0xa5 0x78 0x00 0x00 0xe1  NOPA;                         NOPB;                         NOPS;                         NOPX;                         NOPM;                                   NOPV
        2768    0x00 0x2c 0xf0 0x00 0x20 0x01 0x5b 0x00 0x00 0x00 0x01 0xa5 0x78 0x00 0x00 0xe1  NOPA;                         NOPB;                         NOPS;                         NOPX;                         NOPM;                                   NOPV
        2784    0x00 0x2c 0xf0 0x00 0x20 0x01 0x5b 0x00 0x00 0x00 0x01 0xa5 0x78 0x00 0x00 0xe1  NOPA;                         NOPB;                         NOPS;                         NOPX;                         NOPM;                                   NOPV
        2800    0x00 0x2c 0xf0 0x00 0x20 0x01 0x5b 0x00 0x00 0x00 0x01 0xa5 0x78 0x00 0x00 0xe1  NOPA;                         NOPB;                         NOPS;                         NOPX;                         NOPM;                                   NOPV
        2816    0x00 0x2c 0xf0 0x00 0x20 0x01 0x5b 0x01 0xd4 0x00 0x01 0xa5 0x78 0x00 0x00 0xe1  NOPA;                         NOPB;                         NOPS;                         MOVX crRnd, r0;               NOPM;                                   NOPV
.label ZLS_Fzero_kernel_128
.loop_nesting 1
.begin_of_loop
        2832    0x00 0x2c 0xf0 0x00 0x25 0x80 0x03 0x00 0x00 0x00 0x01 0xa5 0x78 0x00 0x00 0xe1  NOPA;                         NOPB;                         VST.PUSH.576.CONV.bfp16ebs8.fp32 dm0, [p2, sf, r26];NOPX;   NOPM;                                   NOPV
.label ZLE_Fzero_kernel_144
.end_of_loop
        2848    0x00 0x2c 0xf0 0x00 0x21 0x00 0x03 0x00 0x00 0x00 0x01 0xa5 0x78 0x00 0x00 0xe1  NOPA;                         NOPB;                         VST.FLUSH.512.CONV [p2, sf, r26];NOPX;                      NOPM;                                   NOPV
.loop_nesting 0
        2864    0x10 0x28 0x00 0x18                                                                                                                                                        RET lr
        2868    0x00 0x00                                                                        NOPX
        2870    0x00 0x00                                                                        NOPX
        2872    0x00 0x00                                                                        NOPX
        2874    0x00 0x00                                                                        NOPX
        2876    0x00 0x00                                                                        NOPX
.label zero_kernel__end

.text_segment PM   2880
.label _fini
.function_start
        2880    0x00 0x08 0x00 0x00 0x01 0xc4                                                                                                                                              PADDXM [sp], #64
        2886    0xfe 0xba 0xb0 0x00 0x00 0x02 0x08 0x00 0x11 0x3a                                                                                            ST r14, [sp, #-12];           MOVXM r16, #0
        2896    0xff 0x73 0xb0 0x00 0x00 0x01 0xc8 0x00 0x11 0x3a                                                                                            ST p7, [sp, #-8];             MOVXM r14, #0
        2906    0x74 0x20 0xfe 0xd0 0x41 0xe4                                                                                                                                              EQ r16, r14, r16;             MOV p7, r16
        2912    0x80 0x05 0xe0 0x40 0x01 0x84                                                                                                                                              JNZ r16, #3008
        2918    0x0f 0xfd 0xf5 0x98                                                                                                                          ST r15, [sp, #-4]
        2922    0x0f 0xf0 0x3d 0x98                                                                                                                          ST lr, [sp, #-16]
        2926    0x00 0x00                                                                        NOPX
        2928    0x00 0x00                                                                        NOPX
        2930    0x00 0x2c 0xf0 0x02 0xb6 0x00 0x00 0x40 0x1a 0x57 0x00 0x00 0x1c 0x2e            NOPA;                                                       NOPS;                                                       NOPM;                                   NOPV
.label TGT_F_fini_64
.loop_nesting 1
        2944    0x07 0x1c 0x1e 0x98                                                              LDA p0, [p7], #4
        2948    0x00 0x00                                                                        NOPX
        2950    0x00 0x00                                                                        NOPX
        2952    0x00 0x00                                                                        NOPX
        2954    0x00 0x00                                                                        NOPX
        2956    0x00 0x00                                                                        NOPX
        2958    0x00 0x00                                                                        NOPX
.no_stack_arguments
        2960    0x10 0x30 0x00 0x18                                                                                                                                                        JL p0
        2964    0x1b 0xde 0xc0 0xf8                                                                                                                                                                                      MOV r15, p7
        2968    0x00 0x00                                                                        NOPX
        2970    0x00 0x00                                                                        NOPX
        2972    0x00 0x00                                                                        NOPX
        2974    0x00 0x00                                                                        NOPX
.return_address
        2976    0x13 0xe0 0xe8 0x98                                                                                                                                                        NE r16, r15, r14
        2980    0x80 0x05 0xc0 0x40 0x01 0x84                                                                                                                                              JNZ r16, #2944
        2986    0x00 0x00                                                                        NOPX
        2988    0x00 0x00                                                                        NOPX
        2990    0x00 0x00                                                                        NOPX
        2992    0x00 0x00                                                                        NOPX
        2994    0x00 0x2c 0xf0 0x02 0xb6 0x00 0x00 0x40 0x1a 0x57 0x00 0x00 0x1c 0x2e            NOPA;                                                       NOPS;                                                       NOPM;                                   NOPV
.label TGT_F_fini_128
.loop_nesting 0
        3008    0x07 0xf0 0x39 0x18                                                              LDA lr, [sp, #-16]
        3012    0x07 0xf5 0xd1 0x18                                                              LDA r14, [sp, #-12]
        3016    0x07 0xfd 0xf1 0x18                                                              LDA r15, [sp, #-4]
        3020    0x07 0xfb 0x99 0x18                                                              LDA p7, [sp, #-8]
        3024    0x00 0x00                                                                        NOPX
        3026    0x00 0x00                                                                        NOPX
        3028    0x00 0x00                                                                        NOPX
        3030    0x10 0x28 0x00 0x18                                                                                                                                                        RET lr
        3034    0x00 0x00                                                                        NOPX
        3036    0x00 0x00                                                                        NOPX
        3038    0x00 0x00                                                                        NOPX
        3040    0x00 0x00                                                                        NOPX
        3042    0xff 0xf8 0x00 0x00 0x01 0xc4                                                                                                                                              PADDXM [sp], #-64
.label _fini__end

.text_segment PM   3056
.label __cxa_finalize
.function_start
        3056    0xff 0xa1 0x00 0x00 0x01 0xe8 0x37 0x9a 0x10 0xba                                MOVA r1, #-3;                                                                             MOVXM p0, #503604
        3066    0x00 0x8a 0xd0 0x00 0x41 0x08 0x6f 0xe0 0x78 0xba                                LDA r2, [p0];                                                                             MOVX r4, #8;                  MOV r3, srsSign1
        3076    0x00 0x92 0x30 0x00 0x02 0x00 0x00 0x00 0x71 0x3a                                                                                            ST r4, [p0];                  PADDXM [sp], #64
        3086    0xfa 0x8e 0xb0 0x00 0x6b 0xe0 0x70 0x02                                                                                                      ST r3, [sp, #-44];                                          MOV r3, srsSign0
        3094    0xfc 0x0e 0xb0 0x00 0x6d 0xe0 0x70 0x02                                                                                                      ST r3, [sp, #-32];                                          MOV r3, packSign1
        3102    0xfc 0x8e 0xb0 0x00 0x69 0xe0 0x70 0x02                                                                                                      ST r3, [sp, #-28];                                          MOV r3, packSign0
        3110    0xfd 0x8e 0xb0 0x00 0x6a 0x70 0x70 0x02                                                                                                      ST r3, [sp, #-20];                                          MOV r3, crSat
        3118    0xfe 0x0e 0xb0 0x00 0x6c 0x70 0x70 0x02                                                                                                      ST r3, [sp, #-16];                                          MOV r3, crSRSMode
        3126    0xfe 0x8e 0xb0 0x04 0x2f 0x18 0x6b 0xb0 0x79 0x3a                                                                                            ST r3, [sp, #-12];            ADD r2, r2, #-8;              MOV r3, crPackSize
        3136    0xff 0x0e 0xb0 0x04 0xd0 0xf4 0x2f 0xb0 0x79 0x3a                                                                                            ST r3, [sp, #-8];             ASHL r13, r2, r1;             MOV r1, crRnd
        3146    0xff 0x86 0xb0 0x00 0x29 0x70 0x70 0x02                                                                                                      ST r1, [sp, #-4];                                           MOV r1, crUnpackSize
        3154    0xfd 0x06 0xb0 0x00 0x2e 0x70 0x70 0x02                                                                                                      ST r1, [sp, #-24];                                          MOV r1, crUPSMode
        3162    0xfb 0x86 0xb0 0x00 0x01 0xe8 0x2f 0x8a 0x11 0x3a                                                                                            ST r1, [sp, #-36];            MOVXM r1, #503572
        3172    0xfb 0x07 0xb0 0x03 0x30 0x44 0xa0 0x02                                                                                                      ST lr, [sp, #-40];                                          ADD.NC p6, r1, r2
        3180    0x1a 0x58 0x60 0xf8                                                                                                                                                                                      MOV r9, upsSign1
        3184    0x1a 0x10 0x60 0xf8                                                                                                                                                                                      MOV r8, upsSign0
        3188    0x1a 0xda 0x60 0xf8                                                                                                                                                                                      MOV r11, vaddSign1
        3192    0x1a 0x92 0x60 0xf8                                                                                                                                                                                      MOV r10, vaddSign0
        3196    0x1b 0x1c 0x60 0xf8                                                                                                                                                                                      MOV r12, unpackSign1
        3200    0x1b 0x94 0x60 0xf8                                                                                                                                                                                      MOV r14, unpackSign0
        3204    0x00 0x2c 0xf0 0x00 0x20 0x00 0x00 0x03 0xb6 0x48 0x10 0xb6                      NOPA;                         NOPB;                                                       MOVXM p7, #3216
.label TGT_F__cxa_finalize_160
.loop_nesting 1
        3216    0x06 0x1c 0x9e 0x98                                                              LDA p1, [p6], #4
        3220    0x06 0xdc 0x1e 0x98                                                              LDA p0, [p6], #-12
        3224    0x00 0x00                                                                        NOPX
        3226    0x00 0x00                                                                        NOPX
        3228    0x00 0x00                                                                        NOPX
        3230    0x00 0x00                                                                        NOPX
        3232    0x00 0x00                                                                        NOPX
.no_stack_arguments
        3234    0x10 0x30 0x40 0x18                                                                                                                                                        JL p1
        3238    0x00 0x00                                                                        NOPX
        3240    0x00 0x00                                                                        NOPX
        3242    0x00 0x00                                                                        NOPX
        3244    0x00 0x01 0x67 0x98                                                              NOPA
        3248    0x00 0x2c 0xf0 0x00 0x20 0x01 0x5b 0x00 0x00 0x01 0xe8 0x10 0x78 0x00 0x00 0xe1  NOPA;                         NOPB;                         NOPS;                         NOPX;                         MOV r15, r0;                            NOPV
.return_address
        3264    0x13 0x5b 0xe0 0x18                                                                                                                                                        JNZD r13, r13, p7
        3268    0x18 0x17 0xa0 0xf8                                                                                                                                                                                      MOV r0, r15
        3272    0x00 0x00                                                                        NOPX
        3274    0x00 0x00                                                                        NOPX
        3276    0x00 0x00                                                                        NOPX
        3278    0x00 0x00                                                                        NOPX
.loop_nesting 0
        3280    0xfa 0x86 0x20 0x17 0xf2 0x02 0x1a 0x50 0x78 0xba                                LDA r1, [sp, #-44];                                                                       MOVX vaddSign1, r11;          MOV upsSign1, r9
        3290    0xfc 0x8e 0x20 0x15 0xd2 0x00 0x1a 0x10 0x78 0xba                                LDA r3, [sp, #-28];                                                                       MOVX vaddSign0, r10;          MOV upsSign0, r8
        3300    0xfb 0x07 0x26 0x7b 0x80 0x2c                                                    LDA lr, [sp, #-40];                                                                       MOVX unpackSign1, r12
        3306    0xfc 0x0a 0x27 0x73 0x80 0x2c                                                    LDA r2, [sp, #-32];                                                                       MOVX unpackSign0, r14
        3312    0x07 0xec 0xf1 0x18                                                              LDA r7, [sp, #-20]
        3316    0x07 0xf0 0x91 0x18                                                              LDA r4, [sp, #-16]
        3320    0x07 0xf4 0xb1 0x18                                                              LDA r5, [sp, #-12]
        3324    0xff 0x1a 0x20 0xf9 0x80 0x2c                                                    LDA r6, [sp, #-8];                                                                        MOVX srsSign1, r1
        3330    0xff 0x86 0x21 0xf8 0x80 0x2c                                                    LDA r1, [sp, #-4];                                                                        MOVX packSign1, r3
        3336    0x07 0xe8 0x51 0x18                                                              LDA r2, [sp, #-24]
        3340    0x07 0xdc 0x71 0x18                                                              LDA r3, [sp, #-36]
        3344    0x00 0x00                                                                        NOPX
        3346    0x10 0x28 0x00 0x18                                                                                                                                                        RET lr
        3350    0xff 0xf8 0x00 0x00 0x01 0xc4                                                                                                                                              PADDXM [sp], #-64
        3356    0x17 0x18 0x03 0xc7 0x41 0xe4                                                                                                                                              MOVX srsSign0, r2;            MOV packSign0, r7
        3362    0x27 0x70 0x08 0xe5 0x41 0xe4                                                                                                                                              MOVX crSat, r4;               MOV crSRSMode, r5
        3368    0x37 0x40 0x0f 0x61 0x41 0xe4                                                                                                                                              MOVX crPackSize, r6;          MOV crRnd, r1
        3374    0x17 0x90 0x0c 0xe3 0x41 0xe4                                                                                                                                              MOVX crUnpackSize, r2;        MOV crUPSMode, r3
.label __cxa_finalize__end

.bss_segment DMb 503564	    4

.bss_segment DMb 503568	    1

.data_segment DMb 503572
.label _ZL7atexits
	0x40
	0xb
	0x0
	0x0
	0x0
	0x0
	0x0
	0x0
	0x0
	0x0
	0x0
	0x0
	0x0
	0x0
	0x0
	0x0
	0x0
	0x0
	0x0
	0x0
	0x0
	0x0
	0x0
	0x0
	0x0
	0x0
	0x0
	0x0
	0x0
	0x0
	0x0
	0x0
.label _ZL10atexit_cnt
	0x8
	0x0
	0x0
	0x0

.stack DM_stack 458752 462080
