
// File generated by darts version U-2023.06#b8bbc031dd#240626, Mon Sep 29 01:14:16 2025
// Copyright 2014-2023 Synopsys, Inc. All rights reserved.
// darts -I/tools/ryzen_ai-1.3.0/vitis_aie_essentials/data/aie2p/lib -d -h -I/tools/ryzen_ai-1.3.0/vitis_aie_essentials/include -I/tools/ryzen_ai-1.3.0/vitis_aie_essentials/data/aie2p/lib/runtime_cxx/libcxx-lite/include -I/tools/ryzen_ai-1.3.0/vitis_aie_essentials/data/aie2p/lib/runtime_cxx/libs/libcxx-9.0.0/include-lite -I/tools/ryzen_ai-1.3.0/vitis_aie_essentials/data/aie2p/lib/runtime/include -D__AIENGINE__ -D__AIE_ARCH__=21 -D__AIEARCH__=21 -D__tct_tgt__=240628 -L +Ihex +nanno +u core_0_2.elf me

// Release: ipp U-2023.06-TGT-240628

.text_segment PM      0
.entry_point
.label __AIE_ARCH_MODEL_VERSION__21011000__inlined__1__me_basic___main_init_
.label _main_init
.function_start
           0    0x00 0x07 0x09 0xe0 0x00 0x44                                                                                                                                              MOVXM sp, #458752
           6    0x00 0x00 0x04 0x20 0x00 0x44                                                                                                                                              MOVXM r8, #0
          12    0x00 0x00 0x08 0x20 0x00 0x44                                                                                                                                              MOVXM r16, #0
          18    0x12 0x21 0x07 0x98                                                                                                                                                        EQ r16, r8, r16
          22    0x80 0x00 0x40 0x40 0x01 0x84                                                                                                                                              JNZ r16, #128
          28    0x00 0x00                                                                        NOPX
          30    0x00 0x00                                                                        NOPX
          32    0x00 0x00                                                                        NOPX
          34    0x00 0x00                                                                        NOPX
          36    0x00 0x00                                                                        NOPX
          38    0xf0 0x11 0x60 0x3f 0xff 0xff 0x37 0xfe 0x11 0x3a                                                                                            MOVS p7, p0;                  MOVXM p6, #-4
          48    0x00 0x2c 0xf0 0x00 0x20 0x01 0x5b 0x00 0x00 0x01 0x28 0x50 0x78 0x00 0x00 0xe1  NOPA;                         NOPB;                         NOPS;                         NOPX;                         MOV r9, r1;                             NOPV
.label TGT_F_main_init_64
.loop_nesting 1
          64    0xdf 0x83 0xd5 0x39 0x81 0xd4                                                    LDA p0, [p6], #-4;                                                                                                      MOV r10, p6
          70    0x00 0x00                                                                        NOPX
          72    0x00 0x00                                                                        NOPX
          74    0x00 0x00                                                                        NOPX
          76    0x00 0x00                                                                        NOPX
          78    0x00 0x00                                                                        NOPX
          80    0x00 0x00                                                                        NOPX
.no_stack_arguments
          82    0x10 0x30 0x00 0x18                                                                                                                                                        JL p0
          86    0x00 0x00                                                                        NOPX
          88    0x00 0x00                                                                        NOPX
          90    0x00 0x00                                                                        NOPX
          92    0x00 0x00                                                                        NOPX
          94    0x00 0x00                                                                        NOPX
.return_address
          96    0x12 0xa0 0x88 0x98                                                                                                                                                        NE r16, r10, r8
         100    0x80 0x00 0x20 0x40 0x01 0x84                                                                                                                                              JNZ r16, #64
         106    0x00 0x00                                                                        NOPX
         108    0x00 0x00                                                                        NOPX
         110    0x00 0x00                                                                        NOPX
         112    0x00 0x00                                                                        NOPX
         114    0x00 0x00                                                                        NOPX
.loop_nesting 0
         116    0x00 0x2c 0xf0 0x00 0x20 0x9c 0x8b 0x00 0x2a 0x50 0x70 0xf6                      NOPA;                         NOPB;                         MOVS p0, p7;                                                MOV r1, r9
.label TGT_F_main_init_128
.no_stack_arguments
         128    0x00 0x00 0x70 0x00 0x01 0x04                                                                                                                                              JL #224
         134    0x00 0x00                                                                        NOPX
         136    0x00 0x00                                                                        NOPX
         138    0x00 0x00                                                                        NOPX
         140    0x00 0x00                                                                        NOPX
         142    0x00 0x00                                                                        NOPX
.return_address
.no_stack_arguments
         144    0x00 0x06 0xe0 0x00 0x01 0x04                                                                                                                                              JL #3520
         150    0x18 0x60 0x00 0xb8                                                                                                                                                                                      MOV p0, #0
         154    0x00 0x00                                                                        NOPX
         156    0x00 0x00                                                                        NOPX
         158    0x00 0x00                                                                        NOPX
         160    0x00 0x2c 0xf0 0x00 0x20 0x01 0x5b 0x00 0x00 0x00 0x01 0xa5 0x78 0x00 0x00 0xe1  NOPA;                         NOPB;                         NOPS;                         NOPX;                         NOPM;                                   NOPV
.return_address
.swstall chess_separator_scheduler
         176    0x00 0x00                                                                        NOPX
.swstall chess_separator_scheduler
         178    0x00 0x00                                                                        NOPX
.swstall chess_separator_scheduler
         180    0x00 0x00                                                                        NOPX
.swstall chess_separator_scheduler
         182    0x00 0x00                                                                        NOPX
.swstall chess_separator_scheduler
         184    0x00 0x00                                                                        NOPX
.swstall chess_separator_scheduler
         186    0x00 0x00                                                                        NOPX
         188    0x10 0x08 0x00 0x18                                                                                                                                                        DONE
.swstall chess_separator_scheduler
         192    0x00 0x00                                                                        NOPX
.swstall chess_separator_scheduler
         194    0x00 0x00                                                                        NOPX
.swstall chess_separator_scheduler
         196    0x00 0x00                                                                        NOPX
.swstall chess_separator_scheduler
         198    0x00 0x00                                                                        NOPX
.swstall chess_separator_scheduler
         200    0x00 0x00                                                                        NOPX
.swstall chess_separator_scheduler
         202    0x00 0x00                                                                        NOPX
.swstall for_chess_exit
.exit
         204    0x00 0x01 0x67 0x98                                                              NOPA
.label TGT_F_main_init_208
.loop_nesting 1
         208    0x00 0x00 0x68 0x00 0x00 0x84                                                                                                                                              J #208
         214    0x00 0x00                                                                        NOPX
         216    0x00 0x00                                                                        NOPX
         218    0x00 0x00                                                                        NOPX
         220    0x00 0x00                                                                        NOPX
         222    0x00 0x00                                                                        NOPX
.label _main_init__end
.label core_0_2
.function_start
         224    0x00 0x18 0x02 0x9c 0x8b 0x00 0x01 0xeb 0xb7 0x80 0x10 0x76                      MOVA r24, #0;                                               MOVS p2, p7;                  MOVXM p7, #503552
         236    0x00 0x10 0x07 0x1f 0x11 0x80 0x02 0x00 0x00 0x00 0x70 0x76                      MOVA r16, #0;                                               ST r24, [p7], #4;             PADDXM [sp], #64
         248    0xe0 0xe2 0x30 0x00 0xb0 0x28 0x2a 0xd0 0x79 0x3a                                                                                            ST r24, [p7];                 MOVX r11, #1;                 MOV r1, r11
         258    0xe2 0xe2 0x30 0x3e 0xa7 0xe8 0x0a 0x90 0x79 0x3a                                                                                            ST r24, [p7, #4];             MOVX r10, #-1;                MOV r0, r10
         268    0xfa 0x62 0xb0 0x00 0xab 0xd0 0x70 0x02                                                                                                      ST r24, [sp, #-48];                                         MOV r5, r15
         276    0xfb 0x96 0xb0 0x00 0x8b 0x90 0x70 0x02                                                                                                      ST r5, [sp, #-36];                                          MOV r4, r14
         284    0xfc 0x12 0xb0 0x00 0x4b 0x10 0x70 0x02                                                                                                      ST r4, [sp, #-32];                                          MOV r2, r12
         292    0xfd 0x0a 0xb0 0x00 0x6b 0x50 0x70 0x02                                                                                                      ST r2, [sp, #-24];                                          MOV r3, r13
         300    0xfc 0x8e 0xb0 0x00 0x01 0xe9 0xcb 0x00 0x11 0x3a                                                                                            ST r3, [sp, #-28];            MOVXM r14, #501248
         310    0xfd 0x86 0xb0 0x00 0x01 0xe5 0xee 0x80 0x11 0x3a                                                                                            ST r1, [sp, #-20];            MOVXM r15, #498944
         320    0x0f 0xf0 0x15 0x98                                                                                                                          ST r0, [sp, #-16]
         324    0x0f 0xf5 0x35 0x98                                                                                                                          ST r9, [sp, #-12]
         328    0x0f 0xf9 0x15 0x98                                                                                                                          ST r8, [sp, #-8]
         332    0x0f 0xfd 0x1d 0x98                                                                                                                          ST p2, [sp, #-4]
         336    0x0f 0xdb 0x1d 0x98                                                                                                                          ST p6, [sp, #-40]
         340    0x00 0x2c 0xf0 0x00 0x20 0x00 0x00 0x03 0xea 0x1e 0xc1 0x36                      NOPA;                         NOPB;                         ST lr, [sp, #-44];            NOPX
.label TGT_Fcore_0_2_128
.loop_nesting 1
.no_stack_arguments
         352    0x00 0x02 0x70 0x00 0x01 0x04                                                                                                                                              JL #1248
         358    0xff 0xe1 0x07 0xce 0x15 0x80 0x06 0x8b 0x37 0x60 0x78 0x76                      MOVA r1, #-1;                                               ST r16, [sp, #-52];           MOVX r0, #52;                 MOV p6, p7
         370    0x00 0x00                                                                        NOPX
         372    0x00 0x00                                                                        NOPX
         374    0x00 0x00                                                                        NOPX
         376    0x00 0x2c 0xf0 0x04 0x00 0x00 0x1c 0x22                                          NOPA;                                                                                                                                                           NOPV
.return_address
.no_stack_arguments
         384    0x00 0x06 0x30 0x00 0x01 0x04                                                                                                                                              JL #3168
         390    0x00 0x07 0x00 0xda 0x00 0x44                                                                                                                                              MOVXM p0, #462080
         396    0x00 0x00                                                                        NOPX
         398    0x00 0x00                                                                        NOPX
         400    0x00 0x00                                                                        NOPX
         402    0x00 0x2c 0xf0 0x02 0xb6 0x00 0x00 0x40 0x1a 0x57 0x00 0x00 0x1c 0x2e            NOPA;                                                       NOPS;                                                       NOPM;                                   NOPV
.return_address
         416    0x00 0x2c 0xf0 0x00 0x20 0x01 0x5b 0x00 0x80 0xe8 0x01 0xa5 0x78 0x00 0x00 0xe1  NOPA;                         NOPB;                         NOPS;                         MOVX r8, #7;                  NOPM;                                   NOPV
.label TGT_Fcore_0_2_208
.loop_nesting 2
.no_stack_arguments
         432    0x00 0x02 0x70 0x00 0x01 0x04                                                                                                                                              JL #1248
         438    0xf8 0x5f 0xa0 0x20 0xcd 0x64                                                                                                                                              MOVX r1, #-1;                 MOV r0, #51
         444    0x00 0x00                                                                        NOPX
         446    0x00 0x00                                                                        NOPX
         448    0x00 0x00                                                                        NOPX
         450    0x00 0x2c 0xf0 0x02 0xb6 0x00 0x00 0x40 0x1a 0x57 0x00 0x00 0x1c 0x2e            NOPA;                                                       NOPS;                                                       NOPM;                                   NOPV
.return_address
         464    0x06 0x06 0x56 0x98                                                              LDA r18, [p6]
         468    0x00 0x00                                                                        NOPX
         470    0x00 0x00                                                                        NOPX
.no_stack_arguments
         472    0x00 0x02 0x70 0x00 0x01 0x04                                                                                                                                              JL #1248
         478    0x00 0x00                                                                        NOPX
         480    0x00 0x07 0x78 0x32 0x00 0x44                                                                                                                                              MOVXM r16, #489728
         486    0x00 0x07 0x58 0xaa 0x00 0x44                                                                                                                                              MOVXM r17, #480512
         492    0x12 0xf7 0x27 0x98                                                                                                                                                        EQ r27, r11, r18
         496    0xff 0xe1 0x00 0x00 0x20 0x01 0x5b 0x22 0x98 0x10 0x08 0x31 0x58 0x00 0x00 0xe1  MOVA r1, #-1;                 NOPB;                         NOPS;                         SEL.EQZ r9, r17, r16, r27;    MOV r0, #49;                            NOPV
.return_address
         512    0x06 0x16 0x16 0x98                                                              LDA r16, [p6, #4]
         516    0x00 0x00                                                                        NOPX
         518    0x00 0x00                                                                        NOPX
         520    0x00 0x00                                                                        NOPX
.no_stack_arguments
         522    0x00 0x02 0x90 0x00 0x01 0x04                                                                                                                                              JL #1312
         528    0x00 0x00                                                                        NOPX
         530    0x00 0x07 0x04 0xda 0x00 0x44                                                                                                                                              MOVXM p2, #462080
         536    0x12 0xf7 0x07 0x98                                                                                                                                                        EQ r27, r11, r16
         540    0x7c 0x1c 0x42 0xc9 0x41 0xe4                                                                                                                                              SEL.EQZ r16, r15, r14, r27;   MOV p1, r9
         546    0x00 0x2c 0xf1 0x20 0x16 0x00 0x00 0x7b 0x16 0x07 0x00 0x00 0x1c 0x2e            NOPA;                                                       MOVS p0, r16;                                               MOV p7, p1;                             NOPV
.return_address
.no_stack_arguments
         560    0x00 0x02 0x80 0x00 0x01 0x04                                                                                                                                              JL #1280
         566    0x00 0x18 0x20 0xa0 0x05 0x64                                                                                                                                              MOVX r0, #48;                 MOV r1, #1
         572    0x00 0x00                                                                        NOPX
         574    0x00 0x00                                                                        NOPX
         576    0x00 0x00                                                                        NOPX
         578    0x00 0x2c 0xf0 0x02 0xb6 0x00 0x00 0x40 0x1a 0x57 0x00 0x00 0x1c 0x2e            NOPA;                                                       NOPS;                                                       NOPM;                                   NOPV
.return_address
         592    0x06 0x16 0x16 0x98                                                              LDA r16, [p6, #4]
         596    0x00 0x00                                                                        NOPX
         598    0x00 0x00                                                                        NOPX
         600    0x00 0x00                                                                        NOPX
         602    0x00 0x00                                                                        NOPX
.no_stack_arguments
         604    0x00 0x02 0x70 0x00 0x01 0x04                                                                                                                                              JL #1248
         610    0x00 0x00                                                                        NOPX
         612    0x84 0x7f 0xe8 0x30 0x01 0x24                                                                                                                                              ADD r17, r16, #-1;            ADD.NC r16, r16, #1
         618    0x12 0xf7 0x0a 0x98                                                                                                                                                        LT r27, r11, r16
         622    0x14 0x21 0x12 0x18                                                                                                                                                        SEL.EQZ r16, r16, r17, r27
         626    0x00 0x2c 0xf0 0x00 0x20 0x00 0xc5 0x05 0xff 0xeb 0xc2 0xc2 0x30 0x7e            NOPA;                         NOPB;                         ST r16, [p6, #4];             MOVX r0, #49;                 MOV r1, #-1
.return_address
         640    0x06 0x16 0x16 0x98                                                              LDA r16, [p6, #4]
         644    0x00 0x00                                                                        NOPX
         646    0x00 0x00                                                                        NOPX
         648    0x00 0x00                                                                        NOPX
.no_stack_arguments
         650    0x00 0x02 0x90 0x00 0x01 0x04                                                                                                                                              JL #1312
         656    0x00 0x00                                                                        NOPX
         658    0x00 0x07 0x04 0xda 0x00 0x44                                                                                                                                              MOVXM p2, #462080
         664    0x12 0xf7 0x07 0x98                                                                                                                                                        EQ r27, r11, r16
         668    0x13 0xe0 0xe2 0x18                                                                                                                                                        SEL.EQZ r16, r15, r14, r27
         672    0x00 0x2c 0xf0 0x00 0x20 0x90 0x0b 0x00 0x00 0x00 0xb7 0x60 0x78 0x00 0x00 0xe1  NOPA;                         NOPB;                         MOVS p0, r16;                 NOPX;                         MOV p1, p7;                             NOPV
.return_address
.no_stack_arguments
         688    0x00 0x02 0x80 0x00 0x01 0x04                                                                                                                                              JL #1280
         694    0x00 0x18 0x20 0xa0 0x05 0x64                                                                                                                                              MOVX r0, #48;                 MOV r1, #1
         700    0x00 0x00                                                                        NOPX
         702    0x00 0x00                                                                        NOPX
         704    0x00 0x00                                                                        NOPX
         706    0x00 0x2c 0xf0 0x02 0xb6 0x00 0x00 0x40 0x1a 0x57 0x00 0x00 0x1c 0x2e            NOPA;                                                       NOPS;                                                       NOPM;                                   NOPV
.return_address
         720    0x06 0x16 0x16 0x98                                                              LDA r16, [p6, #4]
         724    0x00 0x00                                                                        NOPX
         726    0x00 0x00                                                                        NOPX
         728    0x00 0x00                                                                        NOPX
         730    0x00 0x00                                                                        NOPX
.no_stack_arguments
         732    0x00 0x02 0x70 0x00 0x01 0x04                                                                                                                                              JL #1248
         738    0x00 0x00                                                                        NOPX
         740    0x84 0x7f 0xe8 0x30 0x01 0x24                                                                                                                                              ADD r17, r16, #-1;            ADD.NC r16, r16, #1
         746    0x12 0xf7 0x0a 0x98                                                                                                                                                        LT r27, r11, r16
         750    0x14 0x21 0x12 0x18                                                                                                                                                        SEL.EQZ r16, r16, r17, r27
         754    0x00 0x2c 0xf0 0x00 0x20 0x00 0xc5 0x05 0xff 0xeb 0xc2 0xc2 0x30 0x7e            NOPA;                         NOPB;                         ST r16, [p6, #4];             MOVX r0, #49;                 MOV r1, #-1
.return_address
         768    0x06 0x16 0x16 0x98                                                              LDA r16, [p6, #4]
         772    0x00 0x00                                                                        NOPX
         774    0x00 0x00                                                                        NOPX
         776    0x00 0x00                                                                        NOPX
.no_stack_arguments
         778    0x00 0x02 0x90 0x00 0x01 0x04                                                                                                                                              JL #1312
         784    0x00 0x00                                                                        NOPX
         786    0x00 0x07 0x04 0xda 0x00 0x44                                                                                                                                              MOVXM p2, #462080
         792    0x12 0xf7 0x07 0x98                                                                                                                                                        EQ r27, r11, r16
         796    0x13 0xe0 0xe2 0x18                                                                                                                                                        SEL.EQZ r16, r15, r14, r27
         800    0x00 0x2c 0xf0 0x00 0x20 0x90 0x0b 0x00 0x00 0x00 0xb7 0x60 0x78 0x00 0x00 0xe1  NOPA;                         NOPB;                         MOVS p0, r16;                 NOPX;                         MOV p1, p7;                             NOPV
.return_address
.no_stack_arguments
         816    0x00 0x02 0x80 0x00 0x01 0x04                                                                                                                                              JL #1280
         822    0x00 0x18 0x20 0xa0 0x05 0x64                                                                                                                                              MOVX r0, #48;                 MOV r1, #1
         828    0x00 0x00                                                                        NOPX
         830    0x00 0x00                                                                        NOPX
         832    0x00 0x00                                                                        NOPX
         834    0x00 0x2c 0xf0 0x02 0xb6 0x00 0x00 0x40 0x1a 0x57 0x00 0x00 0x1c 0x2e            NOPA;                                                       NOPS;                                                       NOPM;                                   NOPV
.return_address
         848    0x06 0x16 0x16 0x98                                                              LDA r16, [p6, #4]
         852    0x00 0x00                                                                        NOPX
         854    0x00 0x00                                                                        NOPX
         856    0x00 0x00                                                                        NOPX
         858    0x00 0x00                                                                        NOPX
.no_stack_arguments
         860    0x00 0x02 0x70 0x00 0x01 0x04                                                                                                                                              JL #1248
         866    0x00 0x00                                                                        NOPX
         868    0x84 0x7f 0xe8 0x30 0x01 0x24                                                                                                                                              ADD r17, r16, #-1;            ADD.NC r16, r16, #1
         874    0x12 0xf7 0x0a 0x98                                                                                                                                                        LT r27, r11, r16
         878    0x14 0x21 0x12 0x18                                                                                                                                                        SEL.EQZ r16, r16, r17, r27
         882    0x00 0x2c 0xf0 0x00 0x20 0x00 0xc5 0x05 0xff 0xeb 0xc2 0xc2 0x30 0x7e            NOPA;                         NOPB;                         ST r16, [p6, #4];             MOVX r0, #49;                 MOV r1, #-1
.return_address
         896    0x06 0x16 0x16 0x98                                                              LDA r16, [p6, #4]
         900    0x00 0x00                                                                        NOPX
         902    0x00 0x00                                                                        NOPX
         904    0x00 0x00                                                                        NOPX
.no_stack_arguments
         906    0x00 0x02 0x90 0x00 0x01 0x04                                                                                                                                              JL #1312
         912    0x00 0x00                                                                        NOPX
         914    0x00 0x07 0x04 0xda 0x00 0x44                                                                                                                                              MOVXM p2, #462080
         920    0x12 0xf7 0x07 0x98                                                                                                                                                        EQ r27, r11, r16
         924    0x13 0xe0 0xe2 0x18                                                                                                                                                        SEL.EQZ r16, r15, r14, r27
         928    0x00 0x2c 0xf0 0x00 0x20 0x90 0x0b 0x00 0x00 0x00 0xb7 0x60 0x78 0x00 0x00 0xe1  NOPA;                         NOPB;                         MOVS p0, r16;                 NOPX;                         MOV p1, p7;                             NOPV
.return_address
.no_stack_arguments
         944    0x00 0x02 0x80 0x00 0x01 0x04                                                                                                                                              JL #1280
         950    0x00 0x18 0x20 0xa0 0x05 0x64                                                                                                                                              MOVX r0, #48;                 MOV r1, #1
         956    0x00 0x00                                                                        NOPX
         958    0x00 0x00                                                                        NOPX
         960    0x00 0x00                                                                        NOPX
         962    0x00 0x2c 0xf0 0x02 0xb6 0x00 0x00 0x40 0x1a 0x57 0x00 0x00 0x1c 0x2e            NOPA;                                                       NOPS;                                                       NOPM;                                   NOPV
.return_address
         976    0x06 0x16 0x16 0x98                                                              LDA r16, [p6, #4]
         980    0x00 0x00                                                                        NOPX
         982    0x00 0x00                                                                        NOPX
         984    0x00 0x00                                                                        NOPX
         986    0x00 0x00                                                                        NOPX
.no_stack_arguments
         988    0x00 0x02 0x80 0x00 0x01 0x04                                                                                                                                              JL #1280
         994    0x00 0x00                                                                        NOPX
         996    0x84 0x7f 0xe8 0x30 0x01 0x24                                                                                                                                              ADD r17, r16, #-1;            ADD.NC r16, r16, #1
        1002    0x12 0xf7 0x0a 0x98                                                                                                                                                        LT r27, r11, r16
        1006    0x14 0x21 0x12 0x18                                                                                                                                                        SEL.EQZ r16, r16, r17, r27
        1010    0x00 0x2c 0xf0 0x00 0x20 0x02 0x05 0x01 0x06 0x4b 0xc2 0xc2 0x30 0x7e            NOPA;                         NOPB;                         ST r16, [p6, #4];             MOVX r1, #1;                  MOV r0, #50
.return_address
        1024    0xc0 0xc2 0xd0 0x00 0x00 0x03 0xb0 0xd8 0x10 0xba                                LDA r16, [p6];                                                                            MOVXM p7, #432
        1034    0x00 0x00                                                                        NOPX
        1036    0x00 0x00                                                                        NOPX
        1038    0x00 0x00                                                                        NOPX
        1040    0x00 0x00                                                                        NOPX
        1042    0x12 0x11 0xe0 0x18                                                                                                                                                        JNZD r8, r8, p7
        1046    0x00 0x00                                                                        NOPX
        1048    0x84 0x7f 0xe8 0x30 0x01 0x24                                                                                                                                              ADD r17, r16, #-1;            ADD.NC r16, r16, #1
        1054    0x12 0xf7 0x0a 0x98                                                                                                                                                        LT r27, r11, r16
        1058    0x14 0x21 0x12 0x18                                                                                                                                                        SEL.EQZ r16, r16, r17, r27
        1062    0x0e 0x06 0x11 0x98                                                                                                                          ST r16, [p6]
.loop_nesting 1
        1066    0x07 0xcd 0x11 0x18                                                              LDA r8, [sp, #-52]
        1070    0x00 0x00                                                                        NOPX
.no_stack_arguments
        1072    0x00 0x02 0x80 0x00 0x01 0x04                                                                                                                                              JL #1280
        1078    0x00 0x00                                                                        NOPX
        1080    0x00 0x00                                                                        NOPX
        1082    0x00 0x00                                                                        NOPX
        1084    0x1c 0x1c 0xc0 0xf8                                                                                                                                                                                      MOV r16, p6
        1088    0x00 0x21 0x00 0x00 0x20 0x01 0x5b 0x00 0x06 0xab 0xb4 0x3f 0x08 0x00 0x00 0xe1  MOVA r1, #1;                  NOPB;                         NOPS;                         MOVX r0, #53;                 ADD.NC p7, r16, #-4;                    NOPV
.return_address
        1104    0xfa 0x4a 0x20 0x11 0x00 0x3a 0x28 0x00 0x58 0xba                                LDA r18, [sp, #-48];                                                                      ADD r16, r8, #1;              MOV r17, #0
        1114    0xde 0xce 0xd0 0x1f 0xff 0xfe 0xaf 0xff 0x10 0xba                                LDA r19, [p6, #-4];                                                                       MOVXM r21, #2147483646
        1124    0x12 0xa9 0x08 0x98                                                                                                                                                        NE r20, r10, r16
        1128    0x00 0x00                                                                        NOPX
        1130    0x00 0x00                                                                        NOPX
        1132    0x00 0x00                                                                        NOPX
        1134    0x00 0x00                                                                        NOPX
        1136    0x14 0x65 0x22 0x98                                                                                                                                                        ADC r18, r17, r18
        1140    0xfa 0x4a 0xba 0xd6 0x79 0x5c                                                                                                                ST r18, [sp, #-48];           LTU r21, r21, r19
        1146    0x14 0xa3 0x1a 0x98                                                                                                                                                        LT r17, r18, r17
        1150    0x95 0x9a 0x09 0x33 0xaa 0xa4                                                                                                                                              EQZ r22, r18;                 ADD.NC r18, r19, r21
        1156    0xe3 0xca 0x3b 0x4a 0x89 0x5c                                                                                                                ST r18, [p7], #4;             AND r18, r22, r20
        1162    0x14 0x63 0x25 0x98                                                                                                                                                        OR r17, r17, r18
        1166    0x88 0x00 0xb0 0x40 0x01 0x84                                                                                                                                              JNZ r17, #352
        1172    0x00 0x00                                                                        NOPX
        1174    0x00 0x00                                                                        NOPX
        1176    0x00 0x00                                                                        NOPX
        1178    0x00 0x00                                                                        NOPX
        1180    0x00 0x00                                                                        NOPX
.loop_nesting 0
        1182    0x07 0xd4 0x39 0x18                                                              LDA lr, [sp, #-44]
        1186    0x07 0xf9 0x11 0x18                                                              LDA r8, [sp, #-8]
        1190    0x07 0xf5 0x31 0x18                                                              LDA r9, [sp, #-12]
        1194    0x07 0xf1 0x51 0x18                                                              LDA r10, [sp, #-16]
        1198    0x07 0xed 0x71 0x18                                                              LDA r11, [sp, #-20]
        1202    0x07 0xe9 0x91 0x18                                                              LDA r12, [sp, #-24]
        1206    0x07 0xe5 0xb1 0x18                                                              LDA r13, [sp, #-28]
        1210    0x07 0xe1 0xd1 0x18                                                              LDA r14, [sp, #-32]
        1214    0x07 0xdd 0xf1 0x18                                                              LDA r15, [sp, #-36]
        1218    0x07 0xdb 0x19 0x18                                                              LDA p6, [sp, #-40]
        1222    0x07 0xff 0x99 0x18                                                              LDA p7, [sp, #-4]
        1226    0x10 0x28 0x00 0x18                                                                                                                                                        RET lr
        1230    0x00 0x00                                                                        NOPX
        1232    0x00 0x00                                                                        NOPX
        1234    0x00 0x00                                                                        NOPX
        1236    0x00 0x00                                                                        NOPX
        1238    0xff 0xf8 0x00 0x00 0x01 0xc4                                                                                                                                              PADDXM [sp], #-64
.label core_0_2__end

.text_segment PM   1248
.label llvm___aie2p___acquire
.function_start
        1248    0x10 0x12 0x18 0x18                                                                                                                                                        ACQ r0, r1
        1252    0x10 0x28 0x00 0x18                                                                                                                                                        RET lr
        1256    0x00 0x00                                                                        NOPX
        1258    0x00 0x00                                                                        NOPX
        1260    0x00 0x00                                                                        NOPX
        1262    0x00 0x00                                                                        NOPX
        1264    0x00 0x00                                                                        NOPX
.label llvm___aie2p___acquire__end

.text_segment PM   1280
.label llvm___aie2p___release
.function_start
        1280    0x10 0x10 0x18 0x18                                                                                                                                                        REL r0, r1
        1284    0x10 0x28 0x00 0x18                                                                                                                                                        RET lr
        1288    0x00 0x00                                                                        NOPX
        1290    0x00 0x00                                                                        NOPX
        1292    0x00 0x00                                                                        NOPX
        1294    0x00 0x00                                                                        NOPX
        1296    0x00 0x00                                                                        NOPX
.label llvm___aie2p___release__end

.text_segment PM   1312
.label matmul_vectorized_bfp16
.function_start
        1312    0x01 0x36 0x00 0x00 0x01 0xe9 0xb7 0x86 0x10 0xba                                MOVA r22, #9;                                                                             MOVXM p3, #503564
        1322    0x60 0x96 0xd0 0x00 0x01 0xea 0x37 0x88 0x10 0xba                                LDA r5, [p3];                                                                             MOVXM p4, #503568
        1332    0x80 0xd0 0x50 0x01 0x80 0x08 0x88 0x03 0x58 0xba                                LDA.s8 r20, [p4];                                                                         MOVX r24, #0;                 MOV r4, #3
        1342    0x08 0x02 0x00 0x07 0xff 0xfc 0xef 0x00 0x10 0xba                                MOVA r2, #64;                                                                             MOVXM r7, #536870400
        1352    0x00 0x30 0x00 0x20 0x10 0x08 0x28 0x08 0x10 0xba                                MOVA r16, #1;                                                                             MOVXM r1, #-2143281136
        1362    0x48 0x02 0x00 0x01 0x10 0xe9 0xc4 0x39 0x78 0xba                                MOVA r2, #576;                                                                            MOVX r17, #7;                 VBCST.8 x7, r2
        1372    0x1a 0xe0 0x72 0xf8                                                                                                                                                                                      VBCST.8 x5, r24
        1376    0x08 0x04 0x00 0x24 0x02 0x44                                                                                                                                              MOVXM r0, #134480385
        1382    0x2c 0xad 0xb8 0x57 0x08 0x64                                                                                                                                              LSHL r18, r5, r22;            VSEL.8 x8, x5, x7, r1:r0
        1388    0x61 0x87 0x00 0x0f 0x79 0x26 0xaa 0x60 0x78 0xba                                MOVA r7, #780;                                                                            AND r23, r7, r18;             MOV r21, p2
        1398    0xff 0xa5 0x00 0x0b 0xb2 0x3c 0x89 0x40 0x48 0xba                                MOVA r5, #-3;                                                                             EQ r27, r5, r4;               ADD.NC r4, r5, #1
        1408    0x09 0x04 0x00 0x09 0x3c 0x12 0x49 0x60 0x78 0xba                                MOVA r4, #72;                                                                             SEL.EQZ r19, r4, r24, r27;    MOV r18, p1
        1418    0x60 0xce 0x30 0x1f 0xdf 0xdc 0x6f 0xbf 0x91 0x3a                                                                                            ST r19, [p3];                 MOVXM r3, #2139062143
        1428    0x00 0x16 0x00 0x2f 0x5b 0x32 0x01 0xce 0x78 0xba                                MOVA r22, #0;                                                                             MAC r21, r21, r23, r22;       MOV el8, r3
        1438    0xa7 0x50 0x08 0x87 0x39 0xe4                                                                                                                                              MOVX crRnd, r20;              MOV eh8, r3
        1444    0x10 0x03 0x00 0x00 0x00 0x00 0x7d 0x10 0x10 0xba                                MOVA r3, #128;                                                                            MOVXM ls, #2592
        1454    0x00 0x00 0x06 0xf8 0x40 0x44                                                                                                                                              MOVXM le, #3104
        1460    0x00 0x40 0x00 0x00 0x01 0xc4                                                                                                                                              PADDXM [sp], #512
        1466    0x18 0x10 0xc0 0xf8                                                                                                                                                                                      MOV r0, p0
        1470    0x00 0x00 0x00 0xa9 0x00 0x44                                                                                                                                              MOVXM r1, #1152
        1476    0x00 0x2c 0xf0 0x00 0x20 0x00 0x00 0x01 0xb2 0xe8 0x10 0xb6                      NOPA;                         NOPB;                                                       MOVXM p3, #1488
.label TGT_Fmatmul_vectorized_bfp16_176
.loop_nesting 1
        1488    0x00 0x19 0x00 0x2d 0x48 0xee 0xed 0x50 0x78 0xba                                MOVA r25, #0;                                                                             LSHL r20, r22, r17;           MOV r23, r21
        1498    0x00 0x1d 0x00 0x03 0x5b 0x32 0x88 0xe8 0xa8 0xba                                MOVA r29, #0;                                                                             MAC r21, r21, r1, r22;        ADD.NC r20, r3, r20
        1508    0xfc 0xb8 0xf0 0x29 0x42 0xef 0x8f 0x50 0x78 0xba                                VLDA sfl, [sp, #-448];                                                                    LSHL r20, r20, r5;            MOV r28, r29
        1518    0xfc 0x68 0xf1 0x55 0x0b 0x29 0x72 0x32 0x88 0x10 0x78 0x76                      VLDA sfh, [sp, #-512];                                      MOVS dn1, r21;                MAC r23, r23, r20, r4;        MOV r20, r0
        1530    0x00 0xc5 0x40 0x06 0x4b 0x2d 0x41 0x32 0xad 0xd0 0x78 0x76                      MOVA lc, #6;                                                MOVS dc0, dn1;                MAC r20, r20, r22, r2;        MOV r21, r23
        1542    0x0a 0xe1 0x60 0x01 0x80 0x0b 0x4f 0x10 0x79 0x3a                                                                                            MOVS dn0, r23;                MOVX r24, #0;                 MOV r26, r28
        1552    0x00 0x1e 0x01 0x94 0x0b 0x01 0x70 0x08 0xe5 0xd0 0x78 0x76                      MOVA r30, #0;                                               MOVS p1, r20;                 MOVX r23, #0;                 MOV dc1, r23
        1564    0x00 0x16 0x0a 0x28 0x2d 0xb6 0x26 0x6d 0x92 0x0f 0x50 0xc9 0x60 0x7e            MOVA r22, #0;                 VLDB.FILL.512 [p1, lf1, r25]; MOVS p2, dn1;                 MAC r27, r27, r22, r2;        MOV r27, r18
        1578    0x3b 0x00 0x14 0x18                                                                                            VLDB.POP.576 ex0, [p1, lf1, r25]
        1582    0x60 0x0a 0x80 0xdb 0x41 0xf4                                                                                  VLDB.POP.576 ex1, [p1, lf1, r25];                                                         MOV p0, r27
        1588    0xa0 0x21 0x78 0x28 0x28 0x3c                                                    VLDA.POP.576 ex4, [p1, lf1, r25];VLDB.FILL.512 [p0, lf0, r24]
        1594    0x80 0x11 0x76 0x02 0xa8 0x3c                                                    VLDA.POP.576 ex2, [p0, lf0, r24];VLDB.POP.576 ex5, [p1, lf1, r25]
        1600    0xfd 0x48 0xf4 0x01 0xaa 0x44 0x8b 0x03 0x8e 0x50 0x70 0xf6                      VLDA lfh1, [sp, #-384];       VLDB.POP.576 ex3, [p0, lf0, r24];MOVS dn2, p1;                                            MOV r28, r25
        1612    0xfd 0xd8 0xf4 0x03 0x29 0x82 0x4b 0x03 0x2d 0xd0 0x70 0xf6                      VLDA lfl1, [sp, #-320];       VLDB.POP.576 ex6, [p0, lf0, r24];MOVS p1, dn0;                                            MOV r25, r23
        1624    0x22 0x81 0x74 0x03 0xa8 0x3c                                                    VLDA.FILL.512 [p1, lf1, r25]; VLDB.POP.576 ex7, [p0, lf0, r24]
        1630    0x3b 0x02 0x94 0x18                                                                                            VLDB.POP.576 ex10, [p1, lf1, r25]
        1634    0xff 0xc8 0xf5 0x84 0x8b 0x03 0xee 0x50 0x72 0xba                                VLDA lfh1, [sp, #-64];                                      MOVS p5, p1;                                                MOV r31, r25
        1644    0xff 0x58 0xf1 0x80 0x4b 0x03 0x2f 0x10 0x72 0xba                                VLDA lfl1, [sp, #-128];                                     MOVS p1, dc0;                                               MOV r25, r28
        1654    0xfc 0x4d 0x60 0x03 0x6e 0x50 0x70 0x02                                                                                                      VST lfh1, [sp, #-512];                                      MOV r27, r25
        1662    0xfc 0xdd 0x60 0x03 0x2d 0x90 0x70 0x02                                                                                                      VST lfl1, [sp, #-448];                                      MOV r25, r22
        1670    0xa2 0x82 0x89 0xbf 0x41 0xf4                                                                                  VLDB.FILL.512 [p1, lf1, r25];                                                             MOV r19, r31
        1676    0x3b 0x02 0x54 0x18                                                                                            VLDB.POP.576 ex9, [p1, lf1, r25]
        1680    0xa2 0x82 0x8f 0xd4 0xd6 0x4c                                                                                  VLDB.FILL.512 [p1, lf1, r25]; VST lfh1, [sp, #-384]
        1686    0xfd 0xdd 0x63 0x02 0xd4 0x01 0x3a 0xf5 0x09 0x4a                                                              VLDB.POP.576 ex11, [p1, lf1, r25];VST lfl1, [sp, #-320];                                                                          VMUL.f dm2, ex10, ex8, r7
        1696    0xfd 0x48 0xf0 0x04 0x8b 0x03 0xee 0x50 0x72 0xba                                VLDA lfh1, [sp, #-384];                                     MOVS dc0, p1;                                               MOV r31, r25
        1706    0xfd 0xd8 0xf4 0x01 0x29 0x94 0x8b 0x03 0x2c 0xd0 0x70 0xf6                      VLDA lfl1, [sp, #-320];       VLDB.POP.576 ex2, [p0, lf0, r24];MOVS p1, p5;                                             MOV r25, r19
        1718    0x05 0x14 0x14 0x00 0x3a 0x42 0x49 0x62                                                                        VLDB.FILL.512 [p1, lf1, r25];                                                                                                     VMAC.f dm2, dm2, ex1, ex2, r7
        1726    0x00 0x00                                                                        NOPX
        1728    0x3b 0x01 0x94 0x18                                                                                            VLDB.POP.576 ex6, [p1, lf1, r25]
        1732    0xfc 0x48 0xf0 0x89 0x16 0x00 0x00 0x6e 0xe5 0x07 0x3c 0xf3 0x09 0x6e            VLDA lfh1, [sp, #-512];                                     MOVS dn0, p1;                                               MOV r23, r25;                           VMUL.f dm4, ex9, ex8, r7
        1746    0xff 0xcd 0x66 0x5f 0xa0 0xe4 0x3a 0x4a 0xc9 0x4a                                                                                            VST lfh1, [sp, #-64];                                       MOV r25, r31;                           VMAC.f dm2, dm2, ex5, ex6, r7
        1756    0xff 0x5d 0x65 0x9c 0xa0 0xe4 0x3b 0xf7 0x09 0x4a                                                                                            VST lfl1, [sp, #-128];                                      MOV r22, r25;                           VMUL.f dm3, ex11, ex8, r7
        1766    0xfc 0xd8 0xf4 0x01 0xa9 0x8a 0x4b 0x00 0x00 0x03 0x2e 0xd0 0x79 0xe4 0x02 0x4b  VLDA lfl1, [sp, #-448];       VLDB.POP.576 ex3, [p0, lf0, r24];MOVS p1, dn2;              NOPX;                         MOV r25, r27;                           VMAC.f dm4, dm4, ex0, ex2, r7
        1782    0x80 0x31 0x76 0x00 0x28 0x3c                                                    VLDA.POP.576 ex6, [p0, lf0, r24];VLDB.POP.576 ex0, [p1, lf1, r25]
        1788    0x03 0x00 0x54 0x00 0x3b 0x60 0x69 0x62                                                                        VLDB.POP.576 ex1, [p1, lf1, r25];                                                                                                 VMAC.f dm3, dm3, ex0, ex3, r7
        1796    0xa0 0x21 0x74 0x03 0xab 0xf5 0x35 0x8e 0x3c 0x88 0xc9 0x66                      VLDA.POP.576 ex4, [p1, lf1, r25];VLDB.POP.576 ex7, [p0, lf0, r24];VST lfh1, [sp, #-384];                                                                        VMAC.f dm4, dm4, ex4, ex6, r7
        1808    0x02 0x81 0x76 0x02 0xab 0xf7 0x75 0x8e 0x39 0xed 0x09 0x66                      VLDA.FILL.512 [p0, lf0, r24]; VLDB.POP.576 ex5, [p1, lf1, r25];VST lfl1, [sp, #-320];                                                                           VMUL.f dm1, ex6, ex8, r7
        1820    0x80 0x11 0x75 0x14 0x14 0x1d 0x3b 0x68 0xe9 0x4a                                VLDA.POP.576 ex2, [p0, lf0, r24];VLDB.FILL.512 [p1, lf1, r25];                                                                                                  VMAC.f dm3, dm3, ex4, ex7, r7
        1830    0x80 0x19 0x76 0x00 0x28 0x3c                                                    VLDA.POP.576 ex3, [p0, lf0, r24];VLDB.POP.576 ex0, [p1, lf1, r25]
        1836    0x03 0x00 0x54 0x00 0x39 0x22 0x69 0x62                                                                        VLDB.POP.576 ex1, [p1, lf1, r25];                                                                                                 VMAC.f dm1, dm1, ex1, ex3, r7
        1844    0x3b 0x01 0x14 0x18                                                                                            VLDB.POP.576 ex4, [p1, lf1, r25]
        1848    0x02 0x01 0x94 0x00 0x3c 0x80 0x49 0x62                                                                        VLDB.POP.576 ex6, [p0, lf0, r24];                                                                                                 VMAC.f dm4, dm4, ex0, ex2, r7
        1856    0xa0 0x29 0x72 0x01 0xd4 0x1d 0x39 0x2a 0xe9 0x4a                                VLDA.POP.576 ex5, [p1, lf1, r25];VLDB.POP.576 ex7, [p0, lf0, r24];                                                                                              VMAC.f dm1, dm1, ex5, ex7, r7
        1866    0x3b 0x60 0x69 0x48                                                                                                                                                                                                                              VMAC.f dm3, dm3, ex0, ex3, r7
        1870    0x03 0x00 0x14 0x00 0x3a 0x42 0x49 0x62                                                                        VLDB.POP.576 ex0, [p1, lf1, r25];                                                                                                 VMAC.f dm2, dm2, ex1, ex2, r7
        1878    0x02 0x00 0x94 0x00 0x39 0x22 0x69 0x62                                                                        VLDB.POP.576 ex2, [p0, lf0, r24];                                                                                                 VMAC.f dm1, dm1, ex1, ex3, r7
        1886    0xa0 0x09 0x72 0x00 0xd4 0x1d 0x3c 0x88 0xc9 0x4a                                VLDA.POP.576 ex1, [p1, lf1, r25];VLDB.POP.576 ex3, [p0, lf0, r24];                                                                                              VMAC.f dm4, dm4, ex4, ex6, r7
        1896    0x3b 0x68 0xe9 0x48                                                                                                                                                                                                                              VMAC.f dm3, dm3, ex4, ex7, r7
        1900    0x03 0x01 0x14 0x00 0x3a 0x4a 0xc9 0x62                                                                        VLDB.POP.576 ex4, [p1, lf1, r25];                                                                                                 VMAC.f dm2, dm2, ex5, ex6, r7
        1908    0x02 0x01 0x94 0x00 0x39 0x2a 0xe9 0x62                                                                        VLDB.POP.576 ex6, [p0, lf0, r24];                                                                                                 VMAC.f dm1, dm1, ex5, ex7, r7
        1916    0x80 0x39 0x73 0x01 0x54 0x1d 0x3c 0x80 0x49 0x4a                                VLDA.POP.576 ex7, [p0, lf0, r24];VLDB.POP.576 ex5, [p1, lf1, r25];                                                                                              VMAC.f dm4, dm4, ex0, ex2, r7
        1926    0x00 0x32 0x01 0x16 0xa2 0x0f 0x3b 0x60 0x69 0x5a                                                                                                                          MOVX r25, #0;                 MOV p1, r20;                            VMAC.f dm3, dm3, ex0, ex3, r7
        1936    0x3a 0x42 0x49 0x48                                                                                                                                                                                                                              VMAC.f dm2, dm2, ex1, ex2, r7
        1940    0x39 0x22 0x69 0x48                                                                                                                                                                                                                              VMAC.f dm1, dm1, ex1, ex3, r7
        1944    0x3c 0x88 0xc9 0x48                                                                                                                                                                                                                              VMAC.f dm4, dm4, ex4, ex6, r7
        1948    0x3b 0x68 0xe9 0x48                                                                                                                                                                                                                              VMAC.f dm3, dm3, ex4, ex7, r7
        1952    0x3a 0x4a 0xc9 0x48                                                                                                                                                                                                                              VMAC.f dm2, dm2, ex5, ex6, r7
        1956    0x39 0x2a 0xe9 0x48                                                                                                                                                                                                                              VMAC.f dm1, dm1, ex5, ex7, r7
        1960    0x3c 0x80 0x49 0x48                                                                                                                                                                                                                              VMAC.f dm4, dm4, ex0, ex2, r7
        1964    0x3b 0x60 0x69 0x48                                                                                                                                                                                                                              VMAC.f dm3, dm3, ex0, ex3, r7
        1968    0x3a 0x42 0x49 0x48                                                                                                                                                                                                                              VMAC.f dm2, dm2, ex1, ex2, r7
        1972    0x3c 0x88 0xc9 0x48                                                                                                                                                                                                                              VMAC.f dm4, dm4, ex4, ex6, r7
        1976    0x3b 0x68 0xe9 0x48                                                                                                                                                                                                                              VMAC.f dm3, dm3, ex4, ex7, r7
        1980    0x39 0x22 0x69 0x48                                                                                                                                                                                                                              VMAC.f dm1, dm1, ex1, ex3, r7
        1984    0x3a 0x4a 0xc9 0x48                                                                                                                                                                                                                              VMAC.f dm2, dm2, ex5, ex6, r7
        1988    0x00 0x00                                                                        NOPX
        1990    0x39 0x2a 0xe9 0x48                                                                                                                                                                                                                              VMAC.f dm1, dm1, ex5, ex7, r7
        1994    0x0d 0x82 0x03 0x18                                                                                                                          VST.PUSH.576.CONV.bfp16ebs8.fp32 dm4, [p2, sf, r26]
        1998    0x09 0x00 0x03 0x18                                                                                                                          VST.FLUSH.512.CONV [p2, sf, r26]
        2002    0xfe 0xe8 0xfb 0x03 0x06 0x0c                                                    VLDA sfh, [sp, #-192];                                      VST.PUSH.576.CONV.bfp16ebs8.fp32 dm3, [p2, sf, r26]
        2008    0xfe 0x38 0xf2 0x00 0x06 0x0c                                                    VLDA sfl, [sp, #-256];                                      VST.FLUSH.512.CONV [p2, sf, r26]
        2014    0x29 0x11 0x60 0x03 0xae 0x90 0x70 0x02                                                                                                      MOVS dn1, p2;                                               MOV r29, r26
        2022    0x50 0x89 0x60 0x03 0x4f 0x90 0x70 0x02                                                                                                      MOVS p2, dc1;                                               MOV r26, r30
        2030    0x1f 0x1e 0xa0 0xf8                                                                                                                                                                                      MOV r28, r29
        2034    0x0f 0xe3 0x6b 0x18                                                                                                                          VST sfh, [sp, #-512]
        2038    0x0f 0xe5 0xeb 0x18                                                                                                                          VST sfl, [sp, #-448]
        2042    0x0d 0x81 0x03 0x18                                                                                                                          VST.PUSH.576.CONV.bfp16ebs8.fp32 dm2, [p2, sf, r26]
        2046    0x09 0x00 0x03 0x18                                                                                                                          VST.FLUSH.512.CONV [p2, sf, r26]
        2050    0xfc 0xb8 0xfb 0x01 0x06 0x0c                                                    VLDA sfl, [sp, #-448];                                      VST.PUSH.576.CONV.bfp16ebs8.fp32 dm1, [p2, sf, r26]
        2056    0xfc 0x68 0xf2 0x00 0x06 0x0c                                                    VLDA sfh, [sp, #-512];                                      VST.FLUSH.512.CONV [p2, sf, r26]
        2062    0x21 0x11 0x60 0x03 0xce 0x90 0x70 0x02                                                                                                      MOVS dc1, p2;                                               MOV r30, r26
        2070    0x50 0xc9 0x60 0x03 0x4f 0x10 0x70 0x02                                                                                                      MOVS p2, dn1;                                               MOV r26, r28
        2078    0x00 0x00                                                                        NOPX
        2080    0x22 0x81 0x78 0x28 0x2f 0xf1 0xeb 0x32                                          VLDA.FILL.512 [p1, lf1, r25]; VLDB.FILL.512 [p0, lf0, r24]; VST sfl, [sp, #-256]
        2088    0x80 0x11 0x76 0x00 0x2f 0xf7 0x6b 0x32                                          VLDA.POP.576 ex2, [p0, lf0, r24];VLDB.POP.576 ex0, [p1, lf1, r25];VST sfh, [sp, #-192]
        2096    0x80 0x19 0x76 0x00 0xa8 0x3c                                                    VLDA.POP.576 ex3, [p0, lf0, r24];VLDB.POP.576 ex1, [p1, lf1, r25]
        2102    0x80 0x31 0x76 0x02 0x28 0x3c                                                    VLDA.POP.576 ex6, [p0, lf0, r24];VLDB.POP.576 ex4, [p1, lf1, r25]
        2108    0x80 0x39 0x76 0x02 0xa8 0x3c                                                    VLDA.POP.576 ex7, [p0, lf0, r24];VLDB.POP.576 ex5, [p1, lf1, r25]
        2114    0xfd 0x48 0xf2 0x44 0x8b 0x03 0x8e 0x50 0x72 0xba                                VLDA lfh1, [sp, #-384];                                     MOVS dn2, p1;                                               MOV r28, r25
        2124    0xfd 0xd8 0xf1 0x82 0x4b 0x03 0x2d 0xd0 0x72 0xba                                VLDA lfl1, [sp, #-320];                                     MOVS p1, dn0;                                               MOV r25, r23
        2134    0x3d 0x14 0x14 0x18                                                                                            VLDB.FILL.512 [p1, lf1, r25]
        2138    0x3b 0x02 0x94 0x18                                                                                            VLDB.POP.576 ex10, [p1, lf1, r25]
        2142    0xff 0xc8 0xf5 0x84 0x8b 0x03 0xee 0x50 0x72 0xba                                VLDA lfh1, [sp, #-64];                                      MOVS p5, p1;                                                MOV r31, r25
        2152    0xff 0x58 0xf1 0x80 0x4b 0x03 0x2f 0x10 0x72 0xba                                VLDA lfl1, [sp, #-128];                                     MOVS p1, dc0;                                               MOV r25, r28
        2162    0xfc 0x4d 0x60 0x03 0x6e 0x50 0x70 0x02                                                                                                      VST lfh1, [sp, #-512];                                      MOV r27, r25
        2170    0xfc 0xdd 0x60 0x03 0x2d 0x90 0x70 0x02                                                                                                      VST lfl1, [sp, #-448];                                      MOV r25, r22
        2178    0xa2 0x82 0x89 0xbf 0x41 0xf4                                                                                  VLDB.FILL.512 [p1, lf1, r25];                                                             MOV r19, r31
        2184    0x3b 0x02 0x54 0x18                                                                                            VLDB.POP.576 ex9, [p1, lf1, r25]
        2188    0xa2 0x82 0x8f 0xd4 0xd6 0x4c                                                                                  VLDB.FILL.512 [p1, lf1, r25]; VST lfh1, [sp, #-384]
        2194    0xfd 0xdd 0x63 0x02 0xd4 0x01 0x3a 0xf5 0x09 0x4a                                                              VLDB.POP.576 ex11, [p1, lf1, r25];VST lfl1, [sp, #-320];                                                                          VMUL.f dm2, ex10, ex8, r7
        2204    0xfd 0x48 0xf0 0x04 0x8b 0x03 0xee 0x50 0x72 0xba                                VLDA lfh1, [sp, #-384];                                     MOVS dc0, p1;                                               MOV r31, r25
        2214    0xfd 0xd8 0xf4 0x01 0x29 0x94 0x8b 0x03 0x2c 0xd0 0x70 0xf6                      VLDA lfl1, [sp, #-320];       VLDB.POP.576 ex2, [p0, lf0, r24];MOVS p1, p5;                                             MOV r25, r19
        2226    0x05 0x14 0x14 0x00 0x3a 0x42 0x49 0x62                                                                        VLDB.FILL.512 [p1, lf1, r25];                                                                                                     VMAC.f dm2, dm2, ex1, ex2, r7
        2234    0x00 0x00                                                                        NOPX
        2236    0x3b 0x01 0x94 0x18                                                                                            VLDB.POP.576 ex6, [p1, lf1, r25]
        2240    0xfc 0x48 0xf0 0x89 0x16 0x00 0x00 0x6e 0xe5 0x07 0x3c 0xf3 0x09 0x6e            VLDA lfh1, [sp, #-512];                                     MOVS dn0, p1;                                               MOV r23, r25;                           VMUL.f dm4, ex9, ex8, r7
        2254    0xff 0xcd 0x66 0x5f 0xa0 0xe4 0x3a 0x4a 0xc9 0x4a                                                                                            VST lfh1, [sp, #-64];                                       MOV r25, r31;                           VMAC.f dm2, dm2, ex5, ex6, r7
        2264    0xff 0x5d 0x65 0x9c 0xa0 0xe4 0x3b 0xf7 0x09 0x4a                                                                                            VST lfl1, [sp, #-128];                                      MOV r22, r25;                           VMUL.f dm3, ex11, ex8, r7
        2274    0xfc 0xd8 0xf4 0x01 0xa9 0x8a 0x4b 0x00 0x00 0x03 0x2e 0xd0 0x79 0xe4 0x02 0x4b  VLDA lfl1, [sp, #-448];       VLDB.POP.576 ex3, [p0, lf0, r24];MOVS p1, dn2;              NOPX;                         MOV r25, r27;                           VMAC.f dm4, dm4, ex0, ex2, r7
        2290    0x80 0x31 0x76 0x00 0x28 0x3c                                                    VLDA.POP.576 ex6, [p0, lf0, r24];VLDB.POP.576 ex0, [p1, lf1, r25]
        2296    0x03 0x00 0x54 0x00 0x3b 0x60 0x69 0x62                                                                        VLDB.POP.576 ex1, [p1, lf1, r25];                                                                                                 VMAC.f dm3, dm3, ex0, ex3, r7
        2304    0xa0 0x21 0x74 0x03 0xab 0xf5 0x35 0x8e 0x3c 0x88 0xc9 0x66                      VLDA.POP.576 ex4, [p1, lf1, r25];VLDB.POP.576 ex7, [p0, lf0, r24];VST lfh1, [sp, #-384];                                                                        VMAC.f dm4, dm4, ex4, ex6, r7
        2316    0x02 0x81 0x76 0x02 0xab 0xf7 0x75 0x8e 0x39 0xed 0x09 0x66                      VLDA.FILL.512 [p0, lf0, r24]; VLDB.POP.576 ex5, [p1, lf1, r25];VST lfl1, [sp, #-320];                                                                           VMUL.f dm1, ex6, ex8, r7
        2328    0x80 0x11 0x75 0x14 0x14 0x1d 0x3b 0x68 0xe9 0x4a                                VLDA.POP.576 ex2, [p0, lf0, r24];VLDB.FILL.512 [p1, lf1, r25];                                                                                                  VMAC.f dm3, dm3, ex4, ex7, r7
        2338    0x80 0x19 0x76 0x00 0x28 0x3c                                                    VLDA.POP.576 ex3, [p0, lf0, r24];VLDB.POP.576 ex0, [p1, lf1, r25]
        2344    0x03 0x00 0x54 0x00 0x39 0x22 0x69 0x62                                                                        VLDB.POP.576 ex1, [p1, lf1, r25];                                                                                                 VMAC.f dm1, dm1, ex1, ex3, r7
        2352    0x3b 0x01 0x14 0x18                                                                                            VLDB.POP.576 ex4, [p1, lf1, r25]
        2356    0x02 0x01 0x94 0x00 0x3c 0x80 0x49 0x62                                                                        VLDB.POP.576 ex6, [p0, lf0, r24];                                                                                                 VMAC.f dm4, dm4, ex0, ex2, r7
        2364    0xa0 0x29 0x72 0x01 0xd4 0x1d 0x39 0x2a 0xe9 0x4a                                VLDA.POP.576 ex5, [p1, lf1, r25];VLDB.POP.576 ex7, [p0, lf0, r24];                                                                                              VMAC.f dm1, dm1, ex5, ex7, r7
        2374    0x3b 0x60 0x69 0x48                                                                                                                                                                                                                              VMAC.f dm3, dm3, ex0, ex3, r7
        2378    0x03 0x00 0x14 0x00 0x3a 0x42 0x49 0x62                                                                        VLDB.POP.576 ex0, [p1, lf1, r25];                                                                                                 VMAC.f dm2, dm2, ex1, ex2, r7
        2386    0x02 0x00 0x94 0x00 0x39 0x22 0x69 0x62                                                                        VLDB.POP.576 ex2, [p0, lf0, r24];                                                                                                 VMAC.f dm1, dm1, ex1, ex3, r7
        2394    0xa0 0x09 0x72 0x00 0xd4 0x1d 0x3c 0x88 0xc9 0x4a                                VLDA.POP.576 ex1, [p1, lf1, r25];VLDB.POP.576 ex3, [p0, lf0, r24];                                                                                              VMAC.f dm4, dm4, ex4, ex6, r7
        2404    0x3b 0x68 0xe9 0x48                                                                                                                                                                                                                              VMAC.f dm3, dm3, ex4, ex7, r7
        2408    0x03 0x01 0x14 0x00 0x3a 0x4a 0xc9 0x62                                                                        VLDB.POP.576 ex4, [p1, lf1, r25];                                                                                                 VMAC.f dm2, dm2, ex5, ex6, r7
        2416    0x02 0x01 0x94 0x00 0x39 0x2a 0xe9 0x62                                                                        VLDB.POP.576 ex6, [p0, lf0, r24];                                                                                                 VMAC.f dm1, dm1, ex5, ex7, r7
        2424    0x80 0x39 0x73 0x01 0x54 0x1d 0x3c 0x80 0x49 0x4a                                VLDA.POP.576 ex7, [p0, lf0, r24];VLDB.POP.576 ex5, [p1, lf1, r25];                                                                                              VMAC.f dm4, dm4, ex0, ex2, r7
        2434    0x3b 0x60 0x69 0x48                                                                                                                                                                                                                              VMAC.f dm3, dm3, ex0, ex3, r7
        2438    0x3a 0x42 0x49 0x48                                                                                                                                                                                                                              VMAC.f dm2, dm2, ex1, ex2, r7
        2442    0x39 0x22 0x69 0x48                                                                                                                                                                                                                              VMAC.f dm1, dm1, ex1, ex3, r7
        2446    0x3c 0x88 0xc9 0x48                                                                                                                                                                                                                              VMAC.f dm4, dm4, ex4, ex6, r7
        2450    0x3b 0x68 0xe9 0x48                                                                                                                                                                                                                              VMAC.f dm3, dm3, ex4, ex7, r7
        2454    0x3a 0x4a 0xc9 0x48                                                                                                                                                                                                                              VMAC.f dm2, dm2, ex5, ex6, r7
        2458    0x39 0x2a 0xe9 0x48                                                                                                                                                                                                                              VMAC.f dm1, dm1, ex5, ex7, r7
        2462    0x3c 0x80 0x49 0x48                                                                                                                                                                                                                              VMAC.f dm4, dm4, ex0, ex2, r7
        2466    0x3b 0x60 0x69 0x48                                                                                                                                                                                                                              VMAC.f dm3, dm3, ex0, ex3, r7
        2470    0x3a 0x42 0x49 0x48                                                                                                                                                                                                                              VMAC.f dm2, dm2, ex1, ex2, r7
        2474    0x3c 0x88 0xc9 0x48                                                                                                                                                                                                                              VMAC.f dm4, dm4, ex4, ex6, r7
        2478    0x3b 0x68 0xe9 0x48                                                                                                                                                                                                                              VMAC.f dm3, dm3, ex4, ex7, r7
        2482    0x39 0x22 0x69 0x48                                                                                                                                                                                                                              VMAC.f dm1, dm1, ex1, ex3, r7
        2486    0x3a 0x4a 0xc9 0x48                                                                                                                                                                                                                              VMAC.f dm2, dm2, ex5, ex6, r7
        2490    0x00 0x00                                                                        NOPX
        2492    0x39 0x2a 0xe9 0x48                                                                                                                                                                                                                              VMAC.f dm1, dm1, ex5, ex7, r7
        2496    0x0d 0x82 0x03 0x18                                                                                                                          VST.PUSH.576.CONV.bfp16ebs8.fp32 dm4, [p2, sf, r26]
        2500    0x09 0x00 0x03 0x18                                                                                                                          VST.FLUSH.512.CONV [p2, sf, r26]
        2504    0xfe 0xe8 0xfb 0x03 0x06 0x0c                                                    VLDA sfh, [sp, #-192];                                      VST.PUSH.576.CONV.bfp16ebs8.fp32 dm3, [p2, sf, r26]
        2510    0xfe 0x38 0xf2 0x00 0x06 0x0c                                                    VLDA sfl, [sp, #-256];                                      VST.FLUSH.512.CONV [p2, sf, r26]
        2516    0x29 0x11 0x60 0x03 0xae 0x90 0x70 0x02                                                                                                      MOVS dn1, p2;                                               MOV r29, r26
        2524    0x50 0x89 0x60 0x03 0x4f 0x90 0x70 0x02                                                                                                      MOVS p2, dc1;                                               MOV r26, r30
        2532    0x00 0x00                                                                        NOPX
        2534    0x0f 0xe3 0x6b 0x18                                                                                                                          VST sfh, [sp, #-512]
        2538    0x0f 0xe5 0xeb 0x18                                                                                                                          VST sfl, [sp, #-448]
        2542    0x0d 0x81 0x03 0x18                                                                                                                          VST.PUSH.576.CONV.bfp16ebs8.fp32 dm2, [p2, sf, r26]
        2546    0x09 0x00 0x03 0x18                                                                                                                          VST.FLUSH.512.CONV [p2, sf, r26]
        2550    0x0d 0x80 0x83 0x18                                                                                                                          VST.PUSH.576.CONV.bfp16ebs8.fp32 dm1, [p2, sf, r26]
        2554    0x09 0x00 0x03 0x18                                                                                                                          VST.FLUSH.512.CONV [p2, sf, r26]
        2558    0x21 0x11 0x60 0x03 0xce 0x90 0x70 0x02                                                                                                      MOVS dc1, p2;                                               MOV r30, r26
        2566    0x00 0x00                                                                        NOPX
        2568    0x00 0x00                                                                        NOPX
        2570    0x00 0x2c 0xff 0xe3 0xd6 0x0c                                                    NOPA;                                                       VST sfl, [sp, #-256]
        2576    0x00 0x2c 0xf0 0x00 0x27 0xf7 0x6b 0x00 0x00 0x00 0x01 0xa5 0x78 0x00 0x00 0xe1  NOPA;                         NOPB;                         VST sfh, [sp, #-192];         NOPX;                         NOPM;                                   NOPV
.label ZLS_Fmatmul_vectorized_bfp16_1280
.loop_nesting 2
.begin_of_loop
        2592    0xfc 0xb8 0xf8 0x28 0x28 0x32 0x01 0x71 0xea 0x0f 0x32 0x81 0x60 0x7e            VLDA sfl, [sp, #-448];        VLDB.FILL.512 [p0, lf0, r24]; MOVS p1, r20;                 MOVX r25, #0;                 MOV r28, r29
        2606    0xfc 0x68 0xfa 0x28 0x2a 0x86 0x4b 0x03 0x4f 0x10 0x70 0xf6                      VLDA sfh, [sp, #-512];        VLDB.FILL.512 [p1, lf1, r25]; MOVS p2, dn1;                                               MOV r26, r28
        2618    0xa0 0x01 0x74 0x01 0x28 0x3c                                                    VLDA.POP.576 ex0, [p1, lf1, r25];VLDB.POP.576 ex2, [p0, lf0, r24]
        2624    0xa0 0x09 0x74 0x01 0xa8 0x3c                                                    VLDA.POP.576 ex1, [p1, lf1, r25];VLDB.POP.576 ex3, [p0, lf0, r24]
        2630    0xa0 0x21 0x74 0x03 0x28 0x3c                                                    VLDA.POP.576 ex4, [p1, lf1, r25];VLDB.POP.576 ex6, [p0, lf0, r24]
        2636    0xa0 0x29 0x74 0x03 0xa8 0x3c                                                    VLDA.POP.576 ex5, [p1, lf1, r25];VLDB.POP.576 ex7, [p0, lf0, r24]
        2642    0xfd 0x48 0xf2 0x44 0x8b 0x03 0x8e 0x50 0x72 0xba                                VLDA lfh1, [sp, #-384];                                     MOVS dn2, p1;                                               MOV r28, r25
        2652    0xfd 0xd8 0xf1 0x82 0x4b 0x03 0x2d 0xd0 0x72 0xba                                VLDA lfl1, [sp, #-320];                                     MOVS p1, dn0;                                               MOV r25, r23
        2662    0x3d 0x14 0x14 0x18                                                                                            VLDB.FILL.512 [p1, lf1, r25]
        2666    0x3b 0x02 0x94 0x18                                                                                            VLDB.POP.576 ex10, [p1, lf1, r25]
        2670    0xff 0xc8 0xf5 0x84 0x8b 0x03 0xee 0x50 0x72 0xba                                VLDA lfh1, [sp, #-64];                                      MOVS p5, p1;                                                MOV r31, r25
        2680    0xff 0x58 0xf1 0x80 0x4b 0x03 0x2f 0x10 0x72 0xba                                VLDA lfl1, [sp, #-128];                                     MOVS p1, dc0;                                               MOV r25, r28
        2690    0xfc 0x4d 0x60 0x03 0x6e 0x50 0x70 0x02                                                                                                      VST lfh1, [sp, #-512];                                      MOV r27, r25
        2698    0xfc 0xdd 0x60 0x03 0x2d 0x90 0x70 0x02                                                                                                      VST lfl1, [sp, #-448];                                      MOV r25, r22
        2706    0xa2 0x82 0x89 0xbf 0x41 0xf4                                                                                  VLDB.FILL.512 [p1, lf1, r25];                                                             MOV r19, r31
        2712    0x3b 0x02 0x54 0x18                                                                                            VLDB.POP.576 ex9, [p1, lf1, r25]
        2716    0xa2 0x82 0x8f 0xd4 0xd6 0x4c                                                                                  VLDB.FILL.512 [p1, lf1, r25]; VST lfh1, [sp, #-384]
        2722    0xfd 0xdd 0x63 0x02 0xd4 0x01 0x3a 0xf5 0x09 0x4a                                                              VLDB.POP.576 ex11, [p1, lf1, r25];VST lfl1, [sp, #-320];                                                                          VMUL.f dm2, ex10, ex8, r7
        2732    0xfd 0x48 0xf0 0x04 0x8b 0x03 0xee 0x50 0x72 0xba                                VLDA lfh1, [sp, #-384];                                     MOVS dc0, p1;                                               MOV r31, r25
        2742    0xfd 0xd8 0xf4 0x01 0x29 0x94 0x8b 0x03 0x2c 0xd0 0x70 0xf6                      VLDA lfl1, [sp, #-320];       VLDB.POP.576 ex2, [p0, lf0, r24];MOVS p1, p5;                                             MOV r25, r19
        2754    0x05 0x14 0x14 0x00 0x3a 0x42 0x49 0x62                                                                        VLDB.FILL.512 [p1, lf1, r25];                                                                                                     VMAC.f dm2, dm2, ex1, ex2, r7
        2762    0x00 0x00                                                                        NOPX
        2764    0x3b 0x01 0x94 0x18                                                                                            VLDB.POP.576 ex6, [p1, lf1, r25]
        2768    0xfc 0x48 0xf0 0x89 0x16 0x00 0x00 0x6e 0xe5 0x07 0x3c 0xf3 0x09 0x6e            VLDA lfh1, [sp, #-512];                                     MOVS dn0, p1;                                               MOV r23, r25;                           VMUL.f dm4, ex9, ex8, r7
        2782    0xff 0xcd 0x66 0x5f 0xa0 0xe4 0x3a 0x4a 0xc9 0x4a                                                                                            VST lfh1, [sp, #-64];                                       MOV r25, r31;                           VMAC.f dm2, dm2, ex5, ex6, r7
        2792    0xff 0x5d 0x65 0x9c 0xa0 0xe4 0x3b 0xf7 0x09 0x4a                                                                                            VST lfl1, [sp, #-128];                                      MOV r22, r25;                           VMUL.f dm3, ex11, ex8, r7
        2802    0xfc 0xd8 0xf4 0x01 0xa9 0x8a 0x4b 0x00 0x00 0x03 0x2e 0xd0 0x79 0xe4 0x02 0x4b  VLDA lfl1, [sp, #-448];       VLDB.POP.576 ex3, [p0, lf0, r24];MOVS p1, dn2;              NOPX;                         MOV r25, r27;                           VMAC.f dm4, dm4, ex0, ex2, r7
        2818    0xa0 0x01 0x74 0x03 0x28 0x3c                                                    VLDA.POP.576 ex0, [p1, lf1, r25];VLDB.POP.576 ex6, [p0, lf0, r24]
        2824    0x03 0x00 0x54 0x00 0x3b 0x60 0x69 0x62                                                                        VLDB.POP.576 ex1, [p1, lf1, r25];                                                                                                 VMAC.f dm3, dm3, ex0, ex3, r7
        2832    0xa0 0x21 0x74 0x03 0xab 0xf5 0x35 0x8e 0x3c 0x88 0xc9 0x66                      VLDA.POP.576 ex4, [p1, lf1, r25];VLDB.POP.576 ex7, [p0, lf0, r24];VST lfh1, [sp, #-384];                                                                        VMAC.f dm4, dm4, ex4, ex6, r7
        2844    0xa0 0x29 0x78 0x28 0x2b 0xf7 0x75 0x8e 0x39 0xed 0x09 0x66                      VLDA.POP.576 ex5, [p1, lf1, r25];VLDB.FILL.512 [p0, lf0, r24];VST lfl1, [sp, #-320];                                                                            VMUL.f dm1, ex6, ex8, r7
        2856    0x22 0x81 0x72 0x00 0x94 0x1d 0x3b 0x68 0xe9 0x4a                                VLDA.FILL.512 [p1, lf1, r25]; VLDB.POP.576 ex2, [p0, lf0, r24];                                                                                                 VMAC.f dm3, dm3, ex4, ex7, r7
        2866    0xa0 0x01 0x74 0x01 0xa8 0x3c                                                    VLDA.POP.576 ex0, [p1, lf1, r25];VLDB.POP.576 ex3, [p0, lf0, r24]
        2872    0x03 0x00 0x54 0x00 0x39 0x22 0x69 0x62                                                                        VLDB.POP.576 ex1, [p1, lf1, r25];                                                                                                 VMAC.f dm1, dm1, ex1, ex3, r7
        2880    0x3b 0x01 0x14 0x18                                                                                            VLDB.POP.576 ex4, [p1, lf1, r25]
        2884    0x02 0x01 0x94 0x00 0x3c 0x80 0x49 0x62                                                                        VLDB.POP.576 ex6, [p0, lf0, r24];                                                                                                 VMAC.f dm4, dm4, ex0, ex2, r7
        2892    0xa0 0x29 0x72 0x01 0xd4 0x1d 0x39 0x2a 0xe9 0x4a                                VLDA.POP.576 ex5, [p1, lf1, r25];VLDB.POP.576 ex7, [p0, lf0, r24];                                                                                              VMAC.f dm1, dm1, ex5, ex7, r7
        2902    0x3b 0x60 0x69 0x48                                                                                                                                                                                                                              VMAC.f dm3, dm3, ex0, ex3, r7
        2906    0x03 0x00 0x14 0x00 0x3a 0x42 0x49 0x62                                                                        VLDB.POP.576 ex0, [p1, lf1, r25];                                                                                                 VMAC.f dm2, dm2, ex1, ex2, r7
        2914    0x02 0x00 0x94 0x00 0x39 0x22 0x69 0x62                                                                        VLDB.POP.576 ex2, [p0, lf0, r24];                                                                                                 VMAC.f dm1, dm1, ex1, ex3, r7
        2922    0xa0 0x09 0x72 0x00 0xd4 0x1d 0x3c 0x88 0xc9 0x4a                                VLDA.POP.576 ex1, [p1, lf1, r25];VLDB.POP.576 ex3, [p0, lf0, r24];                                                                                              VMAC.f dm4, dm4, ex4, ex6, r7
        2932    0x3b 0x68 0xe9 0x48                                                                                                                                                                                                                              VMAC.f dm3, dm3, ex4, ex7, r7
        2936    0x03 0x01 0x14 0x00 0x3a 0x4a 0xc9 0x62                                                                        VLDB.POP.576 ex4, [p1, lf1, r25];                                                                                                 VMAC.f dm2, dm2, ex5, ex6, r7
        2944    0x02 0x01 0x94 0x00 0x39 0x2a 0xe9 0x62                                                                        VLDB.POP.576 ex6, [p0, lf0, r24];                                                                                                 VMAC.f dm1, dm1, ex5, ex7, r7
        2952    0x80 0x39 0x73 0x01 0x54 0x1d 0x3c 0x80 0x49 0x4a                                VLDA.POP.576 ex7, [p0, lf0, r24];VLDB.POP.576 ex5, [p1, lf1, r25];                                                                                              VMAC.f dm4, dm4, ex0, ex2, r7
        2962    0x3b 0x60 0x69 0x48                                                                                                                                                                                                                              VMAC.f dm3, dm3, ex0, ex3, r7
        2966    0x3a 0x42 0x49 0x48                                                                                                                                                                                                                              VMAC.f dm2, dm2, ex1, ex2, r7
        2970    0x39 0x22 0x69 0x48                                                                                                                                                                                                                              VMAC.f dm1, dm1, ex1, ex3, r7
        2974    0x3c 0x88 0xc9 0x48                                                                                                                                                                                                                              VMAC.f dm4, dm4, ex4, ex6, r7
        2978    0x3b 0x68 0xe9 0x48                                                                                                                                                                                                                              VMAC.f dm3, dm3, ex4, ex7, r7
        2982    0x3a 0x4a 0xc9 0x48                                                                                                                                                                                                                              VMAC.f dm2, dm2, ex5, ex6, r7
        2986    0x39 0x2a 0xe9 0x48                                                                                                                                                                                                                              VMAC.f dm1, dm1, ex5, ex7, r7
        2990    0x3c 0x80 0x49 0x48                                                                                                                                                                                                                              VMAC.f dm4, dm4, ex0, ex2, r7
        2994    0x3b 0x60 0x69 0x48                                                                                                                                                                                                                              VMAC.f dm3, dm3, ex0, ex3, r7
        2998    0x3a 0x42 0x49 0x48                                                                                                                                                                                                                              VMAC.f dm2, dm2, ex1, ex2, r7
        3002    0x3c 0x88 0xc9 0x48                                                                                                                                                                                                                              VMAC.f dm4, dm4, ex4, ex6, r7
        3006    0x3b 0x68 0xe9 0x48                                                                                                                                                                                                                              VMAC.f dm3, dm3, ex4, ex7, r7
        3010    0x39 0x22 0x69 0x48                                                                                                                                                                                                                              VMAC.f dm1, dm1, ex1, ex3, r7
        3014    0x3a 0x4a 0xc9 0x48                                                                                                                                                                                                                              VMAC.f dm2, dm2, ex5, ex6, r7
        3018    0x00 0x00                                                                        NOPX
        3020    0x39 0x2a 0xe9 0x48                                                                                                                                                                                                                              VMAC.f dm1, dm1, ex5, ex7, r7
        3024    0x0d 0x82 0x03 0x18                                                                                                                          VST.PUSH.576.CONV.bfp16ebs8.fp32 dm4, [p2, sf, r26]
        3028    0x09 0x00 0x03 0x18                                                                                                                          VST.FLUSH.512.CONV [p2, sf, r26]
        3032    0xfe 0xe8 0xfb 0x03 0x06 0x0c                                                    VLDA sfh, [sp, #-192];                                      VST.PUSH.576.CONV.bfp16ebs8.fp32 dm3, [p2, sf, r26]
        3038    0xfe 0x38 0xf2 0x00 0x06 0x0c                                                    VLDA sfl, [sp, #-256];                                      VST.FLUSH.512.CONV [p2, sf, r26]
        3044    0x29 0x11 0x60 0x03 0xae 0x90 0x70 0x02                                                                                                      MOVS dn1, p2;                                               MOV r29, r26
        3052    0x50 0x89 0x60 0x03 0x4f 0x90 0x70 0x02                                                                                                      MOVS p2, dc1;                                               MOV r26, r30
        3060    0x00 0x00                                                                        NOPX
        3062    0x0f 0xe3 0x6b 0x18                                                                                                                          VST sfh, [sp, #-512]
        3066    0x0f 0xe5 0xeb 0x18                                                                                                                          VST sfl, [sp, #-448]
        3070    0x0d 0x81 0x03 0x18                                                                                                                          VST.PUSH.576.CONV.bfp16ebs8.fp32 dm2, [p2, sf, r26]
        3074    0x09 0x00 0x03 0x18                                                                                                                          VST.FLUSH.512.CONV [p2, sf, r26]
        3078    0x0d 0x80 0x83 0x18                                                                                                                          VST.PUSH.576.CONV.bfp16ebs8.fp32 dm1, [p2, sf, r26]
        3082    0x09 0x00 0x03 0x18                                                                                                                          VST.FLUSH.512.CONV [p2, sf, r26]
        3086    0x21 0x11 0x60 0x03 0xce 0x90 0x70 0x02                                                                                                      MOVS dc1, p2;                                               MOV r30, r26
        3094    0x00 0x00                                                                        NOPX
        3096    0x00 0x00                                                                        NOPX
        3098    0x00 0x2c 0xff 0xe3 0xd6 0x0c                                                    NOPA;                                                       VST sfl, [sp, #-256]
.label ZLE_Fmatmul_vectorized_bfp16_1792
.end_of_loop
        3104    0x00 0x2c 0xf0 0x00 0x27 0xf7 0x6b 0x00 0x00 0x00 0x01 0xa5 0x78 0x00 0x00 0xe1  NOPA;                         NOPB;                         VST sfh, [sp, #-192];         NOPX;                         NOPM;                                   NOPV
.loop_nesting 1
        3120    0x14 0x20 0xe0 0x18                                                                                                                                                        JNZD r16, r16, p3
        3124    0x10 0x2c 0x09 0x18                                                                                                                                                        MOVX r22, #2
        3128    0x00 0x00                                                                        NOPX
        3130    0x00 0x00                                                                        NOPX
        3132    0x00 0x00                                                                        NOPX
        3134    0x00 0x00                                                                        NOPX
.loop_nesting 0
        3136    0x10 0x28 0x00 0x18                                                                                                                                                        RET lr
        3140    0xff 0xc0 0x00 0x00 0x01 0xc4                                                                                                                                              PADDXM [sp], #-512
        3146    0x00 0x00                                                                        NOPX
        3148    0x00 0x00                                                                        NOPX
        3150    0x00 0x00                                                                        NOPX
        3152    0x00 0x00                                                                        NOPX
.label matmul_vectorized_bfp16__end

.text_segment PM   3168
.label zero_kernel
.function_start
        3168    0x20 0x05 0x40 0x00 0x22 0x80 0x8b 0x00 0x01 0xe8 0x37 0x88 0x10 0x07 0x00 0xe9  MOVA lc, #256;                NOPB;                         MOVS p2, p0;                  MOVXM p0, #503568;                                                    VCLR dm0
        3184    0x00 0x80 0x50 0x00 0x00 0x00 0x7e 0x70 0x10 0xba                                LDA.s8 r0, [p0];                                                                          MOVXM ls, #3296
        3194    0x00 0x1a 0x00 0x00 0x00 0x01 0xbe 0x78 0x10 0xba                                MOVA r26, #0;                                                                             MOVXM le, #3312
        3204    0x00 0x2c 0xf0 0x00 0x20 0x00 0x00 0x00 0x00 0xad 0x81 0x36                      NOPA;                         NOPB;                         NOPS;                         NOPX
        3216    0x00 0x2c 0xf0 0x00 0x20 0x01 0x5b 0x00 0x00 0x00 0x01 0xa5 0x78 0x00 0x00 0xe1  NOPA;                         NOPB;                         NOPS;                         NOPX;                         NOPM;                                   NOPV
        3232    0x00 0x2c 0xf0 0x00 0x20 0x01 0x5b 0x00 0x00 0x00 0x01 0xa5 0x78 0x00 0x00 0xe1  NOPA;                         NOPB;                         NOPS;                         NOPX;                         NOPM;                                   NOPV
        3248    0x00 0x2c 0xf0 0x00 0x20 0x01 0x5b 0x00 0x00 0x00 0x01 0xa5 0x78 0x00 0x00 0xe1  NOPA;                         NOPB;                         NOPS;                         NOPX;                         NOPM;                                   NOPV
        3264    0x00 0x2c 0xf0 0x00 0x20 0x01 0x5b 0x00 0x00 0x00 0x01 0xa5 0x78 0x00 0x00 0xe1  NOPA;                         NOPB;                         NOPS;                         NOPX;                         NOPM;                                   NOPV
        3280    0x00 0x2c 0xf0 0x00 0x20 0x01 0x5b 0x01 0xd4 0x00 0x01 0xa5 0x78 0x00 0x00 0xe1  NOPA;                         NOPB;                         NOPS;                         MOVX crRnd, r0;               NOPM;                                   NOPV
.label ZLS_Fzero_kernel_128
.loop_nesting 1
.begin_of_loop
        3296    0x00 0x2c 0xf0 0x00 0x25 0x80 0x03 0x00 0x00 0x00 0x01 0xa5 0x78 0x00 0x00 0xe1  NOPA;                         NOPB;                         VST.PUSH.576.CONV.bfp16ebs8.fp32 dm0, [p2, sf, r26];NOPX;   NOPM;                                   NOPV
.label ZLE_Fzero_kernel_144
.end_of_loop
        3312    0x00 0x2c 0xf0 0x00 0x21 0x00 0x03 0x00 0x00 0x00 0x01 0xa5 0x78 0x00 0x00 0xe1  NOPA;                         NOPB;                         VST.FLUSH.512.CONV [p2, sf, r26];NOPX;                      NOPM;                                   NOPV
.loop_nesting 0
        3328    0x10 0x28 0x00 0x18                                                                                                                                                        RET lr
        3332    0x00 0x00                                                                        NOPX
        3334    0x00 0x00                                                                        NOPX
        3336    0x00 0x00                                                                        NOPX
        3338    0x00 0x00                                                                        NOPX
        3340    0x00 0x00                                                                        NOPX
.label zero_kernel__end

.text_segment PM   3344
.label _fini
.function_start
        3344    0x00 0x08 0x00 0x00 0x01 0xc4                                                                                                                                              PADDXM [sp], #64
        3350    0xfe 0xba 0xb0 0x00 0x00 0x02 0x08 0x00 0x11 0x3a                                                                                            ST r14, [sp, #-12];           MOVXM r16, #0
        3360    0xff 0x73 0xb0 0x00 0x00 0x01 0xc8 0x00 0x11 0x3a                                                                                            ST p7, [sp, #-8];             MOVXM r14, #0
        3370    0x74 0x20 0xfe 0xd0 0x41 0xe4                                                                                                                                              EQ r16, r14, r16;             MOV p7, r16
        3376    0x80 0x06 0xc8 0x40 0x01 0x84                                                                                                                                              JNZ r16, #3472
        3382    0x0f 0xfd 0xf5 0x98                                                                                                                          ST r15, [sp, #-4]
        3386    0x0f 0xf0 0x3d 0x98                                                                                                                          ST lr, [sp, #-16]
        3390    0x00 0x00                                                                        NOPX
        3392    0x00 0x00                                                                        NOPX
        3394    0x00 0x2c 0xf0 0x02 0xb6 0x00 0x00 0x40 0x1a 0x57 0x00 0x00 0x1c 0x2e            NOPA;                                                       NOPS;                                                       NOPM;                                   NOPV
.label TGT_F_fini_64
.loop_nesting 1
        3408    0x07 0x1c 0x1e 0x98                                                              LDA p0, [p7], #4
        3412    0x00 0x00                                                                        NOPX
        3414    0x00 0x00                                                                        NOPX
        3416    0x00 0x00                                                                        NOPX
        3418    0x00 0x00                                                                        NOPX
        3420    0x00 0x00                                                                        NOPX
        3422    0x00 0x00                                                                        NOPX
.no_stack_arguments
        3424    0x10 0x30 0x00 0x18                                                                                                                                                        JL p0
        3428    0x1b 0xde 0xc0 0xf8                                                                                                                                                                                      MOV r15, p7
        3432    0x00 0x00                                                                        NOPX
        3434    0x00 0x00                                                                        NOPX
        3436    0x00 0x00                                                                        NOPX
        3438    0x00 0x00                                                                        NOPX
.return_address
        3440    0x13 0xe0 0xe8 0x98                                                                                                                                                        NE r16, r15, r14
        3444    0x80 0x06 0xa8 0x40 0x01 0x84                                                                                                                                              JNZ r16, #3408
        3450    0x00 0x00                                                                        NOPX
        3452    0x00 0x00                                                                        NOPX
        3454    0x00 0x00                                                                        NOPX
        3456    0x00 0x00                                                                        NOPX
        3458    0x00 0x2c 0xf0 0x02 0xb6 0x00 0x00 0x40 0x1a 0x57 0x00 0x00 0x1c 0x2e            NOPA;                                                       NOPS;                                                       NOPM;                                   NOPV
.label TGT_F_fini_128
.loop_nesting 0
        3472    0x07 0xf0 0x39 0x18                                                              LDA lr, [sp, #-16]
        3476    0x07 0xf5 0xd1 0x18                                                              LDA r14, [sp, #-12]
        3480    0x07 0xfd 0xf1 0x18                                                              LDA r15, [sp, #-4]
        3484    0x07 0xfb 0x99 0x18                                                              LDA p7, [sp, #-8]
        3488    0x00 0x00                                                                        NOPX
        3490    0x00 0x00                                                                        NOPX
        3492    0x00 0x00                                                                        NOPX
        3494    0x10 0x28 0x00 0x18                                                                                                                                                        RET lr
        3498    0x00 0x00                                                                        NOPX
        3500    0x00 0x00                                                                        NOPX
        3502    0x00 0x00                                                                        NOPX
        3504    0x00 0x00                                                                        NOPX
        3506    0xff 0xf8 0x00 0x00 0x01 0xc4                                                                                                                                              PADDXM [sp], #-64
.label _fini__end

.text_segment PM   3520
.label __cxa_finalize
.function_start
        3520    0xff 0xa1 0x00 0x00 0x01 0xe8 0x37 0x9a 0x10 0xba                                MOVA r1, #-3;                                                                             MOVXM p0, #503604
        3530    0x00 0x8a 0xd0 0x00 0x41 0x08 0x6f 0xe0 0x78 0xba                                LDA r2, [p0];                                                                             MOVX r4, #8;                  MOV r3, srsSign1
        3540    0x00 0x92 0x30 0x00 0x02 0x00 0x00 0x00 0x71 0x3a                                                                                            ST r4, [p0];                  PADDXM [sp], #64
        3550    0xfa 0x8e 0xb0 0x00 0x6b 0xe0 0x70 0x02                                                                                                      ST r3, [sp, #-44];                                          MOV r3, srsSign0
        3558    0xfc 0x0e 0xb0 0x00 0x6d 0xe0 0x70 0x02                                                                                                      ST r3, [sp, #-32];                                          MOV r3, packSign1
        3566    0xfc 0x8e 0xb0 0x00 0x69 0xe0 0x70 0x02                                                                                                      ST r3, [sp, #-28];                                          MOV r3, packSign0
        3574    0xfd 0x8e 0xb0 0x00 0x6a 0x70 0x70 0x02                                                                                                      ST r3, [sp, #-20];                                          MOV r3, crSat
        3582    0xfe 0x0e 0xb0 0x00 0x6c 0x70 0x70 0x02                                                                                                      ST r3, [sp, #-16];                                          MOV r3, crSRSMode
        3590    0xfe 0x8e 0xb0 0x04 0x2f 0x18 0x6b 0xb0 0x79 0x3a                                                                                            ST r3, [sp, #-12];            ADD r2, r2, #-8;              MOV r3, crPackSize
        3600    0xff 0x0e 0xb0 0x04 0xd0 0xf4 0x2f 0xb0 0x79 0x3a                                                                                            ST r3, [sp, #-8];             ASHL r13, r2, r1;             MOV r1, crRnd
        3610    0xff 0x86 0xb0 0x00 0x29 0x70 0x70 0x02                                                                                                      ST r1, [sp, #-4];                                           MOV r1, crUnpackSize
        3618    0xfd 0x06 0xb0 0x00 0x2e 0x70 0x70 0x02                                                                                                      ST r1, [sp, #-24];                                          MOV r1, crUPSMode
        3626    0xfb 0x86 0xb0 0x00 0x01 0xe8 0x2f 0x8a 0x11 0x3a                                                                                            ST r1, [sp, #-36];            MOVXM r1, #503572
        3636    0xfb 0x07 0xb0 0x03 0x30 0x44 0xa0 0x02                                                                                                      ST lr, [sp, #-40];                                          ADD.NC p6, r1, r2
        3644    0x1a 0x58 0x60 0xf8                                                                                                                                                                                      MOV r9, upsSign1
        3648    0x1a 0x10 0x60 0xf8                                                                                                                                                                                      MOV r8, upsSign0
        3652    0x1a 0xda 0x60 0xf8                                                                                                                                                                                      MOV r11, vaddSign1
        3656    0x1a 0x92 0x60 0xf8                                                                                                                                                                                      MOV r10, vaddSign0
        3660    0x1b 0x1c 0x60 0xf8                                                                                                                                                                                      MOV r12, unpackSign1
        3664    0x1b 0x94 0x60 0xf8                                                                                                                                                                                      MOV r14, unpackSign0
        3668    0x00 0x2c 0xf0 0x00 0x20 0x00 0x00 0x03 0xb7 0x30 0x10 0xb6                      NOPA;                         NOPB;                                                       MOVXM p7, #3680
.label TGT_F__cxa_finalize_160
.loop_nesting 1
        3680    0x06 0x1c 0x9e 0x98                                                              LDA p1, [p6], #4
        3684    0x06 0xdc 0x1e 0x98                                                              LDA p0, [p6], #-12
        3688    0x00 0x00                                                                        NOPX
        3690    0x00 0x00                                                                        NOPX
        3692    0x00 0x00                                                                        NOPX
        3694    0x00 0x00                                                                        NOPX
        3696    0x00 0x00                                                                        NOPX
.no_stack_arguments
        3698    0x10 0x30 0x40 0x18                                                                                                                                                        JL p1
        3702    0x00 0x00                                                                        NOPX
        3704    0x00 0x00                                                                        NOPX
        3706    0x00 0x00                                                                        NOPX
        3708    0x00 0x01 0x67 0x98                                                              NOPA
        3712    0x00 0x2c 0xf0 0x00 0x20 0x01 0x5b 0x00 0x00 0x01 0xe8 0x10 0x78 0x00 0x00 0xe1  NOPA;                         NOPB;                         NOPS;                         NOPX;                         MOV r15, r0;                            NOPV
.return_address
        3728    0x13 0x5b 0xe0 0x18                                                                                                                                                        JNZD r13, r13, p7
        3732    0x18 0x17 0xa0 0xf8                                                                                                                                                                                      MOV r0, r15
        3736    0x00 0x00                                                                        NOPX
        3738    0x00 0x00                                                                        NOPX
        3740    0x00 0x00                                                                        NOPX
        3742    0x00 0x00                                                                        NOPX
.loop_nesting 0
        3744    0xfa 0x86 0x20 0x17 0xf2 0x02 0x1a 0x50 0x78 0xba                                LDA r1, [sp, #-44];                                                                       MOVX vaddSign1, r11;          MOV upsSign1, r9
        3754    0xfc 0x8e 0x20 0x15 0xd2 0x00 0x1a 0x10 0x78 0xba                                LDA r3, [sp, #-28];                                                                       MOVX vaddSign0, r10;          MOV upsSign0, r8
        3764    0xfb 0x07 0x26 0x7b 0x80 0x2c                                                    LDA lr, [sp, #-40];                                                                       MOVX unpackSign1, r12
        3770    0xfc 0x0a 0x27 0x73 0x80 0x2c                                                    LDA r2, [sp, #-32];                                                                       MOVX unpackSign0, r14
        3776    0x07 0xec 0xf1 0x18                                                              LDA r7, [sp, #-20]
        3780    0x07 0xf0 0x91 0x18                                                              LDA r4, [sp, #-16]
        3784    0x07 0xf4 0xb1 0x18                                                              LDA r5, [sp, #-12]
        3788    0xff 0x1a 0x20 0xf9 0x80 0x2c                                                    LDA r6, [sp, #-8];                                                                        MOVX srsSign1, r1
        3794    0xff 0x86 0x21 0xf8 0x80 0x2c                                                    LDA r1, [sp, #-4];                                                                        MOVX packSign1, r3
        3800    0x07 0xe8 0x51 0x18                                                              LDA r2, [sp, #-24]
        3804    0x07 0xdc 0x71 0x18                                                              LDA r3, [sp, #-36]
        3808    0x00 0x00                                                                        NOPX
        3810    0x10 0x28 0x00 0x18                                                                                                                                                        RET lr
        3814    0xff 0xf8 0x00 0x00 0x01 0xc4                                                                                                                                              PADDXM [sp], #-64
        3820    0x17 0x18 0x03 0xc7 0x41 0xe4                                                                                                                                              MOVX srsSign0, r2;            MOV packSign0, r7
        3826    0x27 0x70 0x08 0xe5 0x41 0xe4                                                                                                                                              MOVX crSat, r4;               MOV crSRSMode, r5
        3832    0x37 0x40 0x0f 0x61 0x41 0xe4                                                                                                                                              MOVX crPackSize, r6;          MOV crRnd, r1
        3838    0x17 0x90 0x0c 0xe3 0x41 0xe4                                                                                                                                              MOVX crUnpackSize, r2;        MOV crUPSMode, r3
.label __cxa_finalize__end

.bss_segment DMb 503564	    4

.bss_segment DMb 503568	    1

.data_segment DMb 503572
.label _ZL7atexits
	0x10
	0xd
	0x0
	0x0
	0x0
	0x0
	0x0
	0x0
	0x0
	0x0
	0x0
	0x0
	0x0
	0x0
	0x0
	0x0
	0x0
	0x0
	0x0
	0x0
	0x0
	0x0
	0x0
	0x0
	0x0
	0x0
	0x0
	0x0
	0x0
	0x0
	0x0
	0x0
.label _ZL10atexit_cnt
	0x8
	0x0
	0x0
	0x0

.stack DM_stack 458752 462080
