
// File generated by darts version U-2023.06#b8bbc031dd#240626, Mon Sep 29 07:28:55 2025
// Copyright 2014-2023 Synopsys, Inc. All rights reserved.
// darts -I/tools/ryzen_ai-1.3.0/vitis_aie_essentials/data/aie2p/lib -d -h -I/tools/ryzen_ai-1.3.0/vitis_aie_essentials/include -I/tools/ryzen_ai-1.3.0/vitis_aie_essentials/data/aie2p/lib/runtime_cxx/libcxx-lite/include -I/tools/ryzen_ai-1.3.0/vitis_aie_essentials/data/aie2p/lib/runtime_cxx/libs/libcxx-9.0.0/include-lite -I/tools/ryzen_ai-1.3.0/vitis_aie_essentials/data/aie2p/lib/runtime/include -D__AIENGINE__ -D__AIE_ARCH__=21 -D__AIEARCH__=21 -D__tct_tgt__=240628 -L +Ihex +nanno +u core_0_2.elf me

// Release: ipp U-2023.06-TGT-240628

.text_segment PM      0
.entry_point
.label __AIE_ARCH_MODEL_VERSION__21011000__inlined__1__me_basic___main_init_
.label _main_init
.function_start
           0    0x00 0x07 0x09 0xe0 0x00 0x44                                                                                                                                              MOVXM sp, #458752
           6    0x00 0x00 0x04 0x20 0x00 0x44                                                                                                                                              MOVXM r8, #0
          12    0x00 0x00 0x08 0x20 0x00 0x44                                                                                                                                              MOVXM r16, #0
          18    0x12 0x21 0x07 0x98                                                                                                                                                        EQ r16, r8, r16
          22    0x80 0x00 0x40 0x40 0x01 0x84                                                                                                                                              JNZ r16, #128
          28    0x00 0x00                                                                        NOPX
          30    0x00 0x00                                                                        NOPX
          32    0x00 0x00                                                                        NOPX
          34    0x00 0x00                                                                        NOPX
          36    0x00 0x00                                                                        NOPX
          38    0xf0 0x11 0x60 0x3f 0xff 0xff 0x37 0xfe 0x11 0x3a                                                                                            MOVS p7, p0;                  MOVXM p6, #-4
          48    0x00 0x2c 0xf0 0x00 0x20 0x01 0x5b 0x00 0x00 0x01 0x28 0x50 0x78 0x00 0x00 0xe1  NOPA;                         NOPB;                         NOPS;                         NOPX;                         MOV r9, r1;                             NOPV
.label TGT_F_main_init_64
.loop_nesting 1
          64    0xdf 0x83 0xd5 0x39 0x81 0xd4                                                    LDA p0, [p6], #-4;                                                                                                      MOV r10, p6
          70    0x00 0x00                                                                        NOPX
          72    0x00 0x00                                                                        NOPX
          74    0x00 0x00                                                                        NOPX
          76    0x00 0x00                                                                        NOPX
          78    0x00 0x00                                                                        NOPX
          80    0x00 0x00                                                                        NOPX
.no_stack_arguments
          82    0x10 0x30 0x00 0x18                                                                                                                                                        JL p0
          86    0x00 0x00                                                                        NOPX
          88    0x00 0x00                                                                        NOPX
          90    0x00 0x00                                                                        NOPX
          92    0x00 0x00                                                                        NOPX
          94    0x00 0x00                                                                        NOPX
.return_address
          96    0x12 0xa0 0x88 0x98                                                                                                                                                        NE r16, r10, r8
         100    0x80 0x00 0x20 0x40 0x01 0x84                                                                                                                                              JNZ r16, #64
         106    0x00 0x00                                                                        NOPX
         108    0x00 0x00                                                                        NOPX
         110    0x00 0x00                                                                        NOPX
         112    0x00 0x00                                                                        NOPX
         114    0x00 0x00                                                                        NOPX
.loop_nesting 0
         116    0x00 0x2c 0xf0 0x00 0x20 0x9c 0x8b 0x00 0x2a 0x50 0x70 0xf6                      NOPA;                         NOPB;                         MOVS p0, p7;                                                MOV r1, r9
.label TGT_F_main_init_128
.no_stack_arguments
         128    0x00 0x00 0x70 0x00 0x01 0x04                                                                                                                                              JL #224
         134    0x00 0x00                                                                        NOPX
         136    0x00 0x00                                                                        NOPX
         138    0x00 0x00                                                                        NOPX
         140    0x00 0x00                                                                        NOPX
         142    0x00 0x00                                                                        NOPX
.return_address
.no_stack_arguments
         144    0x00 0x06 0x00 0x00 0x01 0x04                                                                                                                                              JL #3072
         150    0x18 0x60 0x00 0xb8                                                                                                                                                                                      MOV p0, #0
         154    0x00 0x00                                                                        NOPX
         156    0x00 0x00                                                                        NOPX
         158    0x00 0x00                                                                        NOPX
         160    0x00 0x2c 0xf0 0x00 0x20 0x01 0x5b 0x00 0x00 0x00 0x01 0xa5 0x78 0x00 0x00 0xe1  NOPA;                         NOPB;                         NOPS;                         NOPX;                         NOPM;                                   NOPV
.return_address
.swstall chess_separator_scheduler
         176    0x00 0x00                                                                        NOPX
.swstall chess_separator_scheduler
         178    0x00 0x00                                                                        NOPX
.swstall chess_separator_scheduler
         180    0x00 0x00                                                                        NOPX
.swstall chess_separator_scheduler
         182    0x00 0x00                                                                        NOPX
.swstall chess_separator_scheduler
         184    0x00 0x00                                                                        NOPX
.swstall chess_separator_scheduler
         186    0x00 0x00                                                                        NOPX
         188    0x10 0x08 0x00 0x18                                                                                                                                                        DONE
.swstall chess_separator_scheduler
         192    0x00 0x00                                                                        NOPX
.swstall chess_separator_scheduler
         194    0x00 0x00                                                                        NOPX
.swstall chess_separator_scheduler
         196    0x00 0x00                                                                        NOPX
.swstall chess_separator_scheduler
         198    0x00 0x00                                                                        NOPX
.swstall chess_separator_scheduler
         200    0x00 0x00                                                                        NOPX
.swstall chess_separator_scheduler
         202    0x00 0x00                                                                        NOPX
.swstall for_chess_exit
.exit
         204    0x00 0x01 0x67 0x98                                                              NOPA
.label TGT_F_main_init_208
.loop_nesting 1
         208    0x00 0x00 0x68 0x00 0x00 0x84                                                                                                                                              J #208
         214    0x00 0x00                                                                        NOPX
         216    0x00 0x00                                                                        NOPX
         218    0x00 0x00                                                                        NOPX
         220    0x00 0x00                                                                        NOPX
         222    0x00 0x00                                                                        NOPX
.label _main_init__end
.label core_0_2
.function_start
         224    0x00 0x18 0x02 0x9c 0x8b 0x00 0x01 0xeb 0xb7 0x80 0x10 0x76                      MOVA r24, #0;                                               MOVS p2, p7;                  MOVXM p7, #503552
         236    0x00 0x10 0x07 0x1f 0x11 0x80 0x02 0x00 0x00 0x00 0x70 0x76                      MOVA r16, #0;                                               ST r24, [p7], #4;             PADDXM [sp], #64
         248    0xe0 0xe2 0x30 0x00 0xb0 0x28 0x2a 0xd0 0x79 0x3a                                                                                            ST r24, [p7];                 MOVX r11, #1;                 MOV r1, r11
         258    0xe2 0xe2 0x30 0x3e 0xa7 0xe8 0x0a 0x90 0x79 0x3a                                                                                            ST r24, [p7, #4];             MOVX r10, #-1;                MOV r0, r10
         268    0xfa 0x62 0xb0 0x00 0xab 0xd0 0x70 0x02                                                                                                      ST r24, [sp, #-48];                                         MOV r5, r15
         276    0xfb 0x96 0xb0 0x00 0x8b 0x90 0x70 0x02                                                                                                      ST r5, [sp, #-36];                                          MOV r4, r14
         284    0xfc 0x12 0xb0 0x00 0x4b 0x10 0x70 0x02                                                                                                      ST r4, [sp, #-32];                                          MOV r2, r12
         292    0xfd 0x0a 0xb0 0x00 0x6b 0x50 0x70 0x02                                                                                                      ST r2, [sp, #-24];                                          MOV r3, r13
         300    0xfc 0x8e 0xb0 0x00 0x01 0xe9 0xcb 0x00 0x11 0x3a                                                                                            ST r3, [sp, #-28];            MOVXM r14, #501248
         310    0xfd 0x86 0xb0 0x00 0x01 0xe5 0xee 0x80 0x11 0x3a                                                                                            ST r1, [sp, #-20];            MOVXM r15, #498944
         320    0x0f 0xf0 0x15 0x98                                                                                                                          ST r0, [sp, #-16]
         324    0x0f 0xf5 0x35 0x98                                                                                                                          ST r9, [sp, #-12]
         328    0x0f 0xf9 0x15 0x98                                                                                                                          ST r8, [sp, #-8]
         332    0x0f 0xfd 0x1d 0x98                                                                                                                          ST p2, [sp, #-4]
         336    0x0f 0xdb 0x1d 0x98                                                                                                                          ST p6, [sp, #-40]
         340    0x00 0x2c 0xf0 0x00 0x20 0x00 0x00 0x03 0xea 0x1e 0xc1 0x36                      NOPA;                         NOPB;                         ST lr, [sp, #-44];            NOPX
.label TGT_Fcore_0_2_128
.loop_nesting 1
.no_stack_arguments
         352    0x00 0x02 0x70 0x00 0x01 0x04                                                                                                                                              JL #1248
         358    0xff 0xe1 0x07 0xce 0x15 0x80 0x06 0x8b 0x37 0x60 0x78 0x76                      MOVA r1, #-1;                                               ST r16, [sp, #-52];           MOVX r0, #52;                 MOV p6, p7
         370    0x00 0x00                                                                        NOPX
         372    0x00 0x00                                                                        NOPX
         374    0x00 0x00                                                                        NOPX
         376    0x00 0x2c 0xf0 0x04 0x00 0x00 0x1c 0x22                                          NOPA;                                                                                                                                                           NOPV
.return_address
.no_stack_arguments
         384    0x00 0x05 0x50 0x00 0x01 0x04                                                                                                                                              JL #2720
         390    0x00 0x07 0x00 0xda 0x00 0x44                                                                                                                                              MOVXM p0, #462080
         396    0x00 0x00                                                                        NOPX
         398    0x00 0x00                                                                        NOPX
         400    0x00 0x00                                                                        NOPX
         402    0x00 0x2c 0xf0 0x02 0xb6 0x00 0x00 0x40 0x1a 0x57 0x00 0x00 0x1c 0x2e            NOPA;                                                       NOPS;                                                       NOPM;                                   NOPV
.return_address
         416    0x00 0x2c 0xf0 0x00 0x20 0x01 0x5b 0x00 0x80 0xe8 0x01 0xa5 0x78 0x00 0x00 0xe1  NOPA;                         NOPB;                         NOPS;                         MOVX r8, #7;                  NOPM;                                   NOPV
.label TGT_Fcore_0_2_208
.loop_nesting 2
.no_stack_arguments
         432    0x00 0x02 0x70 0x00 0x01 0x04                                                                                                                                              JL #1248
         438    0xf8 0x5f 0xa0 0x20 0xcd 0x64                                                                                                                                              MOVX r1, #-1;                 MOV r0, #51
         444    0x00 0x00                                                                        NOPX
         446    0x00 0x00                                                                        NOPX
         448    0x00 0x00                                                                        NOPX
         450    0x00 0x2c 0xf0 0x02 0xb6 0x00 0x00 0x40 0x1a 0x57 0x00 0x00 0x1c 0x2e            NOPA;                                                       NOPS;                                                       NOPM;                                   NOPV
.return_address
         464    0x06 0x06 0x56 0x98                                                              LDA r18, [p6]
         468    0x00 0x00                                                                        NOPX
         470    0x00 0x00                                                                        NOPX
.no_stack_arguments
         472    0x00 0x02 0x70 0x00 0x01 0x04                                                                                                                                              JL #1248
         478    0x00 0x00                                                                        NOPX
         480    0x00 0x07 0x78 0x32 0x00 0x44                                                                                                                                              MOVXM r16, #489728
         486    0x00 0x07 0x58 0xaa 0x00 0x44                                                                                                                                              MOVXM r17, #480512
         492    0x12 0xf7 0x27 0x98                                                                                                                                                        EQ r27, r11, r18
         496    0xff 0xe1 0x00 0x00 0x20 0x01 0x5b 0x22 0x98 0x10 0x08 0x31 0x58 0x00 0x00 0xe1  MOVA r1, #-1;                 NOPB;                         NOPS;                         SEL.EQZ r9, r17, r16, r27;    MOV r0, #49;                            NOPV
.return_address
         512    0x06 0x16 0x16 0x98                                                              LDA r16, [p6, #4]
         516    0x00 0x00                                                                        NOPX
         518    0x00 0x00                                                                        NOPX
         520    0x00 0x00                                                                        NOPX
.no_stack_arguments
         522    0x00 0x02 0x90 0x00 0x01 0x04                                                                                                                                              JL #1312
         528    0x00 0x00                                                                        NOPX
         530    0x00 0x07 0x04 0xda 0x00 0x44                                                                                                                                              MOVXM p2, #462080
         536    0x12 0xf7 0x07 0x98                                                                                                                                                        EQ r27, r11, r16
         540    0x7c 0x1c 0x42 0xc9 0x41 0xe4                                                                                                                                              SEL.EQZ r16, r15, r14, r27;   MOV p1, r9
         546    0x00 0x2c 0xf1 0x20 0x16 0x00 0x00 0x7b 0x16 0x07 0x00 0x00 0x1c 0x2e            NOPA;                                                       MOVS p0, r16;                                               MOV p7, p1;                             NOPV
.return_address
.no_stack_arguments
         560    0x00 0x02 0x80 0x00 0x01 0x04                                                                                                                                              JL #1280
         566    0x00 0x18 0x20 0xa0 0x05 0x64                                                                                                                                              MOVX r0, #48;                 MOV r1, #1
         572    0x00 0x00                                                                        NOPX
         574    0x00 0x00                                                                        NOPX
         576    0x00 0x00                                                                        NOPX
         578    0x00 0x2c 0xf0 0x02 0xb6 0x00 0x00 0x40 0x1a 0x57 0x00 0x00 0x1c 0x2e            NOPA;                                                       NOPS;                                                       NOPM;                                   NOPV
.return_address
         592    0x06 0x16 0x16 0x98                                                              LDA r16, [p6, #4]
         596    0x00 0x00                                                                        NOPX
         598    0x00 0x00                                                                        NOPX
         600    0x00 0x00                                                                        NOPX
         602    0x00 0x00                                                                        NOPX
.no_stack_arguments
         604    0x00 0x02 0x70 0x00 0x01 0x04                                                                                                                                              JL #1248
         610    0x00 0x00                                                                        NOPX
         612    0x84 0x7f 0xe8 0x30 0x01 0x24                                                                                                                                              ADD r17, r16, #-1;            ADD.NC r16, r16, #1
         618    0x12 0xf7 0x0a 0x98                                                                                                                                                        LT r27, r11, r16
         622    0x14 0x21 0x12 0x18                                                                                                                                                        SEL.EQZ r16, r16, r17, r27
         626    0x00 0x2c 0xf0 0x00 0x20 0x00 0xc5 0x05 0xff 0xeb 0xc2 0xc2 0x30 0x7e            NOPA;                         NOPB;                         ST r16, [p6, #4];             MOVX r0, #49;                 MOV r1, #-1
.return_address
         640    0x06 0x16 0x16 0x98                                                              LDA r16, [p6, #4]
         644    0x00 0x00                                                                        NOPX
         646    0x00 0x00                                                                        NOPX
         648    0x00 0x00                                                                        NOPX
.no_stack_arguments
         650    0x00 0x02 0x90 0x00 0x01 0x04                                                                                                                                              JL #1312
         656    0x00 0x00                                                                        NOPX
         658    0x00 0x07 0x04 0xda 0x00 0x44                                                                                                                                              MOVXM p2, #462080
         664    0x12 0xf7 0x07 0x98                                                                                                                                                        EQ r27, r11, r16
         668    0x13 0xe0 0xe2 0x18                                                                                                                                                        SEL.EQZ r16, r15, r14, r27
         672    0x00 0x2c 0xf0 0x00 0x20 0x90 0x0b 0x00 0x00 0x00 0xb7 0x60 0x78 0x00 0x00 0xe1  NOPA;                         NOPB;                         MOVS p0, r16;                 NOPX;                         MOV p1, p7;                             NOPV
.return_address
.no_stack_arguments
         688    0x00 0x02 0x80 0x00 0x01 0x04                                                                                                                                              JL #1280
         694    0x00 0x18 0x20 0xa0 0x05 0x64                                                                                                                                              MOVX r0, #48;                 MOV r1, #1
         700    0x00 0x00                                                                        NOPX
         702    0x00 0x00                                                                        NOPX
         704    0x00 0x00                                                                        NOPX
         706    0x00 0x2c 0xf0 0x02 0xb6 0x00 0x00 0x40 0x1a 0x57 0x00 0x00 0x1c 0x2e            NOPA;                                                       NOPS;                                                       NOPM;                                   NOPV
.return_address
         720    0x06 0x16 0x16 0x98                                                              LDA r16, [p6, #4]
         724    0x00 0x00                                                                        NOPX
         726    0x00 0x00                                                                        NOPX
         728    0x00 0x00                                                                        NOPX
         730    0x00 0x00                                                                        NOPX
.no_stack_arguments
         732    0x00 0x02 0x70 0x00 0x01 0x04                                                                                                                                              JL #1248
         738    0x00 0x00                                                                        NOPX
         740    0x84 0x7f 0xe8 0x30 0x01 0x24                                                                                                                                              ADD r17, r16, #-1;            ADD.NC r16, r16, #1
         746    0x12 0xf7 0x0a 0x98                                                                                                                                                        LT r27, r11, r16
         750    0x14 0x21 0x12 0x18                                                                                                                                                        SEL.EQZ r16, r16, r17, r27
         754    0x00 0x2c 0xf0 0x00 0x20 0x00 0xc5 0x05 0xff 0xeb 0xc2 0xc2 0x30 0x7e            NOPA;                         NOPB;                         ST r16, [p6, #4];             MOVX r0, #49;                 MOV r1, #-1
.return_address
         768    0x06 0x16 0x16 0x98                                                              LDA r16, [p6, #4]
         772    0x00 0x00                                                                        NOPX
         774    0x00 0x00                                                                        NOPX
         776    0x00 0x00                                                                        NOPX
.no_stack_arguments
         778    0x00 0x02 0x90 0x00 0x01 0x04                                                                                                                                              JL #1312
         784    0x00 0x00                                                                        NOPX
         786    0x00 0x07 0x04 0xda 0x00 0x44                                                                                                                                              MOVXM p2, #462080
         792    0x12 0xf7 0x07 0x98                                                                                                                                                        EQ r27, r11, r16
         796    0x13 0xe0 0xe2 0x18                                                                                                                                                        SEL.EQZ r16, r15, r14, r27
         800    0x00 0x2c 0xf0 0x00 0x20 0x90 0x0b 0x00 0x00 0x00 0xb7 0x60 0x78 0x00 0x00 0xe1  NOPA;                         NOPB;                         MOVS p0, r16;                 NOPX;                         MOV p1, p7;                             NOPV
.return_address
.no_stack_arguments
         816    0x00 0x02 0x80 0x00 0x01 0x04                                                                                                                                              JL #1280
         822    0x00 0x18 0x20 0xa0 0x05 0x64                                                                                                                                              MOVX r0, #48;                 MOV r1, #1
         828    0x00 0x00                                                                        NOPX
         830    0x00 0x00                                                                        NOPX
         832    0x00 0x00                                                                        NOPX
         834    0x00 0x2c 0xf0 0x02 0xb6 0x00 0x00 0x40 0x1a 0x57 0x00 0x00 0x1c 0x2e            NOPA;                                                       NOPS;                                                       NOPM;                                   NOPV
.return_address
         848    0x06 0x16 0x16 0x98                                                              LDA r16, [p6, #4]
         852    0x00 0x00                                                                        NOPX
         854    0x00 0x00                                                                        NOPX
         856    0x00 0x00                                                                        NOPX
         858    0x00 0x00                                                                        NOPX
.no_stack_arguments
         860    0x00 0x02 0x70 0x00 0x01 0x04                                                                                                                                              JL #1248
         866    0x00 0x00                                                                        NOPX
         868    0x84 0x7f 0xe8 0x30 0x01 0x24                                                                                                                                              ADD r17, r16, #-1;            ADD.NC r16, r16, #1
         874    0x12 0xf7 0x0a 0x98                                                                                                                                                        LT r27, r11, r16
         878    0x14 0x21 0x12 0x18                                                                                                                                                        SEL.EQZ r16, r16, r17, r27
         882    0x00 0x2c 0xf0 0x00 0x20 0x00 0xc5 0x05 0xff 0xeb 0xc2 0xc2 0x30 0x7e            NOPA;                         NOPB;                         ST r16, [p6, #4];             MOVX r0, #49;                 MOV r1, #-1
.return_address
         896    0x06 0x16 0x16 0x98                                                              LDA r16, [p6, #4]
         900    0x00 0x00                                                                        NOPX
         902    0x00 0x00                                                                        NOPX
         904    0x00 0x00                                                                        NOPX
.no_stack_arguments
         906    0x00 0x02 0x90 0x00 0x01 0x04                                                                                                                                              JL #1312
         912    0x00 0x00                                                                        NOPX
         914    0x00 0x07 0x04 0xda 0x00 0x44                                                                                                                                              MOVXM p2, #462080
         920    0x12 0xf7 0x07 0x98                                                                                                                                                        EQ r27, r11, r16
         924    0x13 0xe0 0xe2 0x18                                                                                                                                                        SEL.EQZ r16, r15, r14, r27
         928    0x00 0x2c 0xf0 0x00 0x20 0x90 0x0b 0x00 0x00 0x00 0xb7 0x60 0x78 0x00 0x00 0xe1  NOPA;                         NOPB;                         MOVS p0, r16;                 NOPX;                         MOV p1, p7;                             NOPV
.return_address
.no_stack_arguments
         944    0x00 0x02 0x80 0x00 0x01 0x04                                                                                                                                              JL #1280
         950    0x00 0x18 0x20 0xa0 0x05 0x64                                                                                                                                              MOVX r0, #48;                 MOV r1, #1
         956    0x00 0x00                                                                        NOPX
         958    0x00 0x00                                                                        NOPX
         960    0x00 0x00                                                                        NOPX
         962    0x00 0x2c 0xf0 0x02 0xb6 0x00 0x00 0x40 0x1a 0x57 0x00 0x00 0x1c 0x2e            NOPA;                                                       NOPS;                                                       NOPM;                                   NOPV
.return_address
         976    0x06 0x16 0x16 0x98                                                              LDA r16, [p6, #4]
         980    0x00 0x00                                                                        NOPX
         982    0x00 0x00                                                                        NOPX
         984    0x00 0x00                                                                        NOPX
         986    0x00 0x00                                                                        NOPX
.no_stack_arguments
         988    0x00 0x02 0x80 0x00 0x01 0x04                                                                                                                                              JL #1280
         994    0x00 0x00                                                                        NOPX
         996    0x84 0x7f 0xe8 0x30 0x01 0x24                                                                                                                                              ADD r17, r16, #-1;            ADD.NC r16, r16, #1
        1002    0x12 0xf7 0x0a 0x98                                                                                                                                                        LT r27, r11, r16
        1006    0x14 0x21 0x12 0x18                                                                                                                                                        SEL.EQZ r16, r16, r17, r27
        1010    0x00 0x2c 0xf0 0x00 0x20 0x02 0x05 0x01 0x06 0x4b 0xc2 0xc2 0x30 0x7e            NOPA;                         NOPB;                         ST r16, [p6, #4];             MOVX r1, #1;                  MOV r0, #50
.return_address
        1024    0xc0 0xc2 0xd0 0x00 0x00 0x03 0xb0 0xd8 0x10 0xba                                LDA r16, [p6];                                                                            MOVXM p7, #432
        1034    0x00 0x00                                                                        NOPX
        1036    0x00 0x00                                                                        NOPX
        1038    0x00 0x00                                                                        NOPX
        1040    0x00 0x00                                                                        NOPX
        1042    0x12 0x11 0xe0 0x18                                                                                                                                                        JNZD r8, r8, p7
        1046    0x00 0x00                                                                        NOPX
        1048    0x84 0x7f 0xe8 0x30 0x01 0x24                                                                                                                                              ADD r17, r16, #-1;            ADD.NC r16, r16, #1
        1054    0x12 0xf7 0x0a 0x98                                                                                                                                                        LT r27, r11, r16
        1058    0x14 0x21 0x12 0x18                                                                                                                                                        SEL.EQZ r16, r16, r17, r27
        1062    0x0e 0x06 0x11 0x98                                                                                                                          ST r16, [p6]
.loop_nesting 1
        1066    0x07 0xcd 0x11 0x18                                                              LDA r8, [sp, #-52]
        1070    0x00 0x00                                                                        NOPX
.no_stack_arguments
        1072    0x00 0x02 0x80 0x00 0x01 0x04                                                                                                                                              JL #1280
        1078    0x00 0x00                                                                        NOPX
        1080    0x00 0x00                                                                        NOPX
        1082    0x00 0x00                                                                        NOPX
        1084    0x1c 0x1c 0xc0 0xf8                                                                                                                                                                                      MOV r16, p6
        1088    0x00 0x21 0x00 0x00 0x20 0x01 0x5b 0x00 0x06 0xab 0xb4 0x3f 0x08 0x00 0x00 0xe1  MOVA r1, #1;                  NOPB;                         NOPS;                         MOVX r0, #53;                 ADD.NC p7, r16, #-4;                    NOPV
.return_address
        1104    0xfa 0x4a 0x20 0x11 0x00 0x3a 0x28 0x00 0x58 0xba                                LDA r18, [sp, #-48];                                                                      ADD r16, r8, #1;              MOV r17, #0
        1114    0xde 0xce 0xd0 0x1f 0xff 0xfe 0xaf 0xff 0x10 0xba                                LDA r19, [p6, #-4];                                                                       MOVXM r21, #2147483646
        1124    0x12 0xa9 0x08 0x98                                                                                                                                                        NE r20, r10, r16
        1128    0x00 0x00                                                                        NOPX
        1130    0x00 0x00                                                                        NOPX
        1132    0x00 0x00                                                                        NOPX
        1134    0x00 0x00                                                                        NOPX
        1136    0x14 0x65 0x22 0x98                                                                                                                                                        ADC r18, r17, r18
        1140    0xfa 0x4a 0xba 0xd6 0x79 0x5c                                                                                                                ST r18, [sp, #-48];           LTU r21, r21, r19
        1146    0x14 0xa3 0x1a 0x98                                                                                                                                                        LT r17, r18, r17
        1150    0x95 0x9a 0x09 0x33 0xaa 0xa4                                                                                                                                              EQZ r22, r18;                 ADD.NC r18, r19, r21
        1156    0xe3 0xca 0x3b 0x4a 0x89 0x5c                                                                                                                ST r18, [p7], #4;             AND r18, r22, r20
        1162    0x14 0x63 0x25 0x98                                                                                                                                                        OR r17, r17, r18
        1166    0x88 0x00 0xb0 0x40 0x01 0x84                                                                                                                                              JNZ r17, #352
        1172    0x00 0x00                                                                        NOPX
        1174    0x00 0x00                                                                        NOPX
        1176    0x00 0x00                                                                        NOPX
        1178    0x00 0x00                                                                        NOPX
        1180    0x00 0x00                                                                        NOPX
.loop_nesting 0
        1182    0x07 0xd4 0x39 0x18                                                              LDA lr, [sp, #-44]
        1186    0x07 0xf9 0x11 0x18                                                              LDA r8, [sp, #-8]
        1190    0x07 0xf5 0x31 0x18                                                              LDA r9, [sp, #-12]
        1194    0x07 0xf1 0x51 0x18                                                              LDA r10, [sp, #-16]
        1198    0x07 0xed 0x71 0x18                                                              LDA r11, [sp, #-20]
        1202    0x07 0xe9 0x91 0x18                                                              LDA r12, [sp, #-24]
        1206    0x07 0xe5 0xb1 0x18                                                              LDA r13, [sp, #-28]
        1210    0x07 0xe1 0xd1 0x18                                                              LDA r14, [sp, #-32]
        1214    0x07 0xdd 0xf1 0x18                                                              LDA r15, [sp, #-36]
        1218    0x07 0xdb 0x19 0x18                                                              LDA p6, [sp, #-40]
        1222    0x07 0xff 0x99 0x18                                                              LDA p7, [sp, #-4]
        1226    0x10 0x28 0x00 0x18                                                                                                                                                        RET lr
        1230    0x00 0x00                                                                        NOPX
        1232    0x00 0x00                                                                        NOPX
        1234    0x00 0x00                                                                        NOPX
        1236    0x00 0x00                                                                        NOPX
        1238    0xff 0xf8 0x00 0x00 0x01 0xc4                                                                                                                                              PADDXM [sp], #-64
.label core_0_2__end

.text_segment PM   1248
.label llvm___aie2p___acquire
.function_start
        1248    0x10 0x12 0x18 0x18                                                                                                                                                        ACQ r0, r1
        1252    0x10 0x28 0x00 0x18                                                                                                                                                        RET lr
        1256    0x00 0x00                                                                        NOPX
        1258    0x00 0x00                                                                        NOPX
        1260    0x00 0x00                                                                        NOPX
        1262    0x00 0x00                                                                        NOPX
        1264    0x00 0x00                                                                        NOPX
.label llvm___aie2p___acquire__end

.text_segment PM   1280
.label llvm___aie2p___release
.function_start
        1280    0x10 0x10 0x18 0x18                                                                                                                                                        REL r0, r1
        1284    0x10 0x28 0x00 0x18                                                                                                                                                        RET lr
        1288    0x00 0x00                                                                        NOPX
        1290    0x00 0x00                                                                        NOPX
        1292    0x00 0x00                                                                        NOPX
        1294    0x00 0x00                                                                        NOPX
        1296    0x00 0x00                                                                        NOPX
.label llvm___aie2p___release__end

.text_segment PM   1312
.label matmul_vectorized_bfp16
.function_start
        1312    0x00 0x63 0x02 0x1f 0x20 0x00 0x01 0xea 0x37 0x88 0x10 0xb6                      MOVA r3, #3;                  PADDB [p1], #0;                                             MOVXM p4, #503568
        1324    0x80 0x90 0x50 0x00 0x01 0xe9 0xb7 0x86 0x10 0xba                                LDA.s8 r4, [p4];                                                                          MOVXM p3, #503564
        1334    0x60 0x9a 0xd0 0x00 0x00 0x01 0xbd 0x30 0x10 0xba                                LDA r6, [p3];                                                                             MOVXM le, #2656
        1344    0x08 0x05 0x00 0x00 0x40 0x00 0x00 0x00 0x70 0xba                                MOVA r5, #64;                                                                             PADDXM [sp], #2048
        1354    0x01 0x31 0x00 0x00 0x00 0x00 0x7b 0x08 0x10 0xba                                MOVA r17, #9;                                                                             MOVXM ls, #1552
        1364    0x00 0x19 0x00 0x1f 0xdf 0xdc 0x4f 0xbf 0x90 0xba                                MOVA r25, #0;                                                                             MOVXM r2, #2139062143
        1374    0x48 0x07 0x00 0x05 0x00 0x09 0xe1 0x4e 0x78 0xba                                MOVA r7, #576;                                                                            MOVX r16, #128;               MOV eh7, r2
        1384    0x00 0x83 0xa7 0x05 0x39 0xe4                                                                                                                                              MOVX r2, #7;                  MOV el7, r2
        1390    0xff 0x39 0xb0 0x09 0xd4 0x00 0x89 0x60 0x79 0x3a                                                                                            ST eh7, [sp, #-8];            MOVX crRnd, r4;               MOV r4, p1
        1400    0x00 0x12 0x07 0xfd 0xed 0x87 0xb3 0x3c 0x69 0x80 0x48 0x76                      MOVA r18, #0;                                               ST el7, [sp, #-4];            EQ r27, r3, r6;               ADD.NC r3, r6, #1
        1412    0xff 0xa3 0x00 0x07 0x3c 0x92 0x72 0x39 0x78 0xba                                MOVA r3, #-3;                                                                             SEL.EQZ r19, r3, r25, r27;    VBCST.8 x9, r25
        1422    0x60 0xce 0x30 0x00 0x00 0x01 0xb2 0xf0 0x11 0x3a                                                                                            ST r19, [p3];                 MOVXM p3, #1504
        1432    0x1f 0xff 0xf9 0xbc 0x00 0x44                                                                                                                                              MOVXM r19, #536870400
        1438    0x80 0x40 0x20 0xa0 0x20 0x44                                                                                                                                              MOVXM r1, #-2143281136
        1444    0x08 0x04 0x00 0x24 0x02 0x44                                                                                                                                              MOVXM r0, #134480385
        1450    0x01 0x40 0xa5 0x28 0xe5 0xe4                                                                                                                                              MOVX r5, #1;                  VBCST.8 x5, r5
        1456    0x61 0x86 0x00 0x0c 0x18 0xed 0xe5 0x42 0x18 0xba                                MOVA r6, #780;                                                                            LSHL r1, r6, r17;             VSEL.8 x7, x9, x5, r1:r0
        1466    0x09 0x00 0x00 0x26 0x10 0xa6 0x6a 0x60 0x78 0xba                                MOVA r0, #72;                                                                             AND r1, r19, r1;              MOV r19, p2
        1476    0x00 0x2c 0xf7 0xf1 0xf3 0x23 0x30 0xb0 0x28 0x60 0x78 0x76                      NOPA;                                                       VST x7, [sp, #-256];          MAC r19, r19, r17, r1;        MOV r1, p0
        1488    0x00 0x2c 0xf0 0x00 0x20 0x01 0x5b 0x00 0x00 0x02 0x2a 0x40 0x10 0x00 0x00 0xe1  NOPA;                         NOPB;                         NOPS;                         MOVXM r17, #1152;                                                     NOPV
.label TGT_Fmatmul_vectorized_bfp16_192
.loop_nesting 1
        1504    0x01 0x05 0x40 0x25 0x61 0x6e 0xa8 0x50 0x78 0xba                                MOVA lc, #8;                                                                              LSHL r22, r18, r2;            MOV r21, r1
        1514    0x3d 0x64 0xcb 0x36 0x82 0xa4                                                                                                                                              MAC r21, r21, r7, r18;        ADD.NC r22, r22, r16
        1520    0xb7 0x47 0xbb 0x33 0x41 0xe4                                                                                                                                              LSHL r29, r22, r3;            MOV r22, r19
        1526    0x32 0xa1 0x60 0x23 0x69 0x32 0xec 0xd0 0x79 0x3a                                                                                            MOVS p1, r21;                 MAC r22, r22, r17, r18;       MOV r23, r19
        1536    0x17 0x6e 0x06 0x18                                                                                                                                                        MAC r23, r23, r29, r0
        1540    0x18 0xcb 0x20 0xf8                                                                                                                                                                                      MOV dc0, r22
        1544    0x00 0x2b 0x60 0x00 0x25 0xd0 0x70 0x02                                                                                                      NOPS;                                                       MOV dn0, r23
.label ZLS_Fmatmul_vectorized_bfp16_240
.loop_nesting 2
.begin_of_loop
        1552    0xfc 0xb8 0xf0 0x82 0x4b 0x01 0x80 0x0b 0x28 0x00 0x58 0x76                      VLDA sfl, [sp, #-448];                                      MOVS p0, dn0;                 MOVX r24, #0;                 MOV r25, #0
        1564    0xfc 0x68 0xfa 0x28 0x28 0x01 0xa0 0x09 0x30 0xc0 0x78 0xb6                      VLDA sfh, [sp, #-512];        VLDB.FILL.512 [p1, lf1, r25];                               MOVX r26, #0;                 MOV p2, dc0
        1576    0xa0 0x21 0x78 0x28 0x28 0x3c                                                    VLDA.POP.576 ex4, [p1, lf1, r25];VLDB.FILL.512 [p0, lf0, r24]
        1582    0x3b 0x01 0x54 0x18                                                                                            VLDB.POP.576 ex5, [p1, lf1, r25]
        1586    0x3b 0x02 0x14 0x18                                                                                            VLDB.POP.576 ex8, [p1, lf1, r25]
        1590    0x3b 0x02 0x54 0x18                                                                                            VLDB.POP.576 ex9, [p1, lf1, r25]
        1594    0x3b 0x02 0xd4 0x18                                                                                            VLDB.POP.576 ex11, [p1, lf1, r25]
        1598    0x3b 0x01 0x94 0x18                                                                                            VLDB.POP.576 ex6, [p1, lf1, r25]
        1602    0x3b 0x00 0xd4 0x18                                                                                            VLDB.POP.576 ex3, [p1, lf1, r25]
        1606    0x3b 0x01 0xd4 0x18                                                                                            VLDB.POP.576 ex7, [p1, lf1, r25]
        1610    0xa2 0x82 0x8f 0xca 0x66 0x4c                                                                                  VLDB.FILL.512 [p1, lf1, r25]; VST x4, [sp, #-448]
        1616    0x60 0x52 0x8f 0xea 0x5b 0x4c                                                                                  VLDB.POP.576 ex10, [p1, lf1, r25];ST el4, [sp, #-12]
        1622    0x60 0x22 0x8f 0xe2 0x1b 0x4c                                                                                  VLDB.POP.576 ex4, [p1, lf1, r25];ST eh4, [sp, #-16]
        1628    0x60 0x02 0x8f 0xa4 0xe6 0x4c                                                                                  VLDB.POP.576 ex0, [p1, lf1, r25];VST x9, [sp, #-768]
        1634    0x60 0x12 0x8f 0xbc 0xdb 0x4c                                                                                  VLDB.POP.576 ex2, [p1, lf1, r25];ST el9, [sp, #-36]
        1640    0x60 0x0a 0x8f 0xb4 0x9b 0x4c                                                                                  VLDB.POP.576 ex1, [p1, lf1, r25];ST eh9, [sp, #-40]
        1646    0xfd 0x48 0xf1 0x04 0x8b 0x01 0x90 0x0b 0x8e 0x50 0x78 0x76                      VLDA lfh1, [sp, #-384];                                     MOVS dc1, p1;                 MOVX r25, #0;                 MOV r28, r25
        1658    0xfd 0xd8 0xf1 0x84 0x0b 0x02 0x43 0x2e 0x72 0xba                                VLDA lfl1, [sp, #-320];                                     MOVS p1, r4;                                                VMOV ex9, ex3
        1668    0xfc 0x2e 0x65 0x14 0x14 0x00 0xc6 0x2e 0x76 0xba                                                              VLDB.FILL.512 [p1, lf1, r25]; VST x5, [sp, #-512];                                        VMOV ex3, ex6
        1678    0xfd 0xad 0xb3 0x01 0x94 0x01 0x47 0x2e 0x76 0xba                                                              VLDB.POP.576 ex6, [p1, lf1, r25];ST el5, [sp, #-20];                                      VMOV ex5, ex7
        1688    0x60 0x3a 0x8f 0xd2 0x9b 0x4c                                                                                  VLDB.POP.576 ex7, [p1, lf1, r25];ST eh5, [sp, #-24]
        1694    0x0f 0xd6 0x33 0x18                                                                                                                          VST x8, [sp, #-704]
        1698    0x0f 0xca 0x6b 0x18                                                                                                                          VST lfh1, [sp, #-896]
        1702    0x60 0x52 0x8f 0x9d 0xd6 0x4c                                                                                  VLDB.POP.576 ex10, [p1, lf1, r25];VST lfl1, [sp, #-832]
        1708    0x60 0x5a 0x8f 0xcc 0x5b 0x4c                                                                                  VLDB.POP.576 ex11, [p1, lf1, r25];ST el8, [sp, #-28]
        1714    0x60 0x1a 0x8f 0xdd 0xe6 0x4c                                                                                  VLDB.POP.576 ex3, [p1, lf1, r25];VST x11, [sp, #-320]
        1720    0x0f 0xd6 0xed 0x98                                                                                                                          ST el11, [sp, #-44]
        1724    0x0f 0xd2 0xcd 0x98                                                                                                                          ST eh11, [sp, #-48]
        1728    0x0f 0xe8 0xf3 0x18                                                                                                                          VST x3, [sp, #-384]
        1732    0x0f 0xcc 0xed 0x98                                                                                                                          ST el3, [sp, #-52]
        1736    0xf9 0x19 0xb0 0x02 0x0a 0x2e 0x70 0x02                                                                                                      ST eh3, [sp, #-56];                                         VMOV ex8, ex10
        1744    0x0f 0xe2 0x0d 0x98                                                                                                                          ST eh8, [sp, #-32]
        1748    0x60 0x3a 0x8f 0x8c 0xe6 0x4c                                                                                  VLDB.POP.576 ex7, [p1, lf1, r25];VST x9, [sp, #-960]
        1754    0x60 0x0a 0x8f 0x8c 0xdb 0x4c                                                                                  VLDB.POP.576 ex1, [p1, lf1, r25];ST el9, [sp, #-60]
        1760    0x0f 0xc0 0x73 0x18                                                                                                                          VST x1, [sp, #-1024]
        1764    0x0b 0xfc 0x6d 0x98                                                                                                                          ST el1, [sp, #-1028]
        1768    0x0b 0xf8 0x4d 0x98                                                                                                                          ST eh1, [sp, #-1032]
        1772    0x60 0x5a 0x8f 0x84 0x9b 0x4c                                                                                  VLDB.POP.576 ex11, [p1, lf1, r25];ST eh9, [sp, #-64]
        1778    0xa2 0x82 0x8f 0x72 0xe6 0x4c                                                                                  VLDB.FILL.512 [p1, lf1, r25]; VST x5, [sp, #-1152]
        1784    0x7e 0xad 0xb3 0x02 0x14 0x02 0x47 0x2e 0x76 0xba                                                              VLDB.POP.576 ex8, [p1, lf1, r25];ST el5, [sp, #-1036];                                    VMOV ex9, ex7
        1794    0x60 0x32 0x8f 0x6c 0x66 0x4c                                                                                  VLDB.POP.576 ex6, [p1, lf1, r25];VST x8, [sp, #-1216]
        1800    0x0b 0xee 0x2d 0x98                                                                                                                          ST el8, [sp, #-1044]
        1804    0x60 0x0a 0x87 0xd4 0x1b 0x4c                                                                                  VLDB.POP.576 ex1, [p1, lf1, r25];ST eh8, [sp, #-1048]
        1810    0x0f 0xb1 0xb3 0x18                                                                                                                          VST x6, [sp, #-1280]
        1814    0x7c 0xb5 0xb0 0x01 0x4b 0x2e 0x70 0x02                                                                                                      ST el6, [sp, #-1052];                                       VMOV ex5, ex11
        1822    0x60 0x1a 0x87 0xe2 0x9b 0x4c                                                                                  VLDB.POP.576 ex3, [p1, lf1, r25];ST eh5, [sp, #-1040]
        1828    0x0b 0xe1 0x8d 0x98                                                                                                                          ST eh6, [sp, #-1056]
        1832    0x0f 0xac 0x73 0x18                                                                                                                          VST x1, [sp, #-1344]
        1836    0x0b 0xdc 0x6d 0x98                                                                                                                          ST el1, [sp, #-1060]
        1840    0x0b 0xd8 0x4d 0x98                                                                                                                          ST eh1, [sp, #-1064]
        1844    0x60 0x42 0x8f 0x51 0xe6 0x4c                                                                                  VLDB.POP.576 ex8, [p1, lf1, r25];VST x3, [sp, #-1408]
        1850    0x7a 0x9d 0xb0 0x03 0x6e 0x50 0x70 0x02                                                                                                      ST el3, [sp, #-1068];                                       MOV r27, r25
        1858    0x7a 0x19 0xb0 0x03 0xc9 0x60 0x70 0x02                                                                                                      ST eh3, [sp, #-1072];                                       MOV r30, p1
        1866    0xf9 0x48 0xf1 0x84 0x4b 0x03 0x2f 0x10 0x72 0xba                                VLDA lfh1, [sp, #-896];                                     MOVS p1, dc1;                                               MOV r25, r28
        1876    0x07 0xce 0xc7 0x98                                                              VLDA lfl1, [sp, #-832]
        1880    0x0f 0xa6 0xb3 0x18                                                                                                                          VST x10, [sp, #-1472]
        1884    0x0b 0xce 0xad 0x98                                                                                                                          ST el10, [sp, #-1076]
        1888    0xf2 0x4d 0x60 0x02 0x88 0x2e 0x70 0x02                                                                                                      VST lfh1, [sp, #-1792];                                     VMOV ex10, ex8
        1896    0x0b 0xca 0x8d 0x98                                                                                                                          ST eh10, [sp, #-1080]
        1900    0x0f 0x96 0xeb 0x18                                                                                                                          VST lfl1, [sp, #-1728]
        1904    0x60 0x32 0x8f 0x40 0x66 0x4c                                                                                  VLDB.POP.576 ex6, [p1, lf1, r25];VST x0, [sp, #-1536]
        1910    0x60 0x42 0x87 0x88 0x5b 0x4c                                                                                  VLDB.POP.576 ex8, [p1, lf1, r25];ST el0, [sp, #-1084]
        1916    0xf9 0xc6 0x60 0x00 0xa1 0x60 0x70 0x02                                                                                                      VST x8, [sp, #-832];                                        MOV dn1, p1
        1924    0x97 0xc5 0xb0 0x01 0x90 0x0b 0xee 0x50 0x79 0x3a                                                                                            ST el8, [sp, #-836];          MOVX r25, #0;                 MOV r31, r25
        1934    0x97 0x41 0xb0 0x00 0xb0 0xc0 0x70 0x02                                                                                                      ST eh8, [sp, #-840];                                        MOV p1, dc0
        1942    0x07 0xde 0xc7 0x98                                                              VLDA lfl1, [sp, #-576]
        1946    0x07 0xda 0x47 0x98                                                              VLDA lfh1, [sp, #-640]
        1950    0xfe 0x37 0x75 0x14 0x14 0x00 0x06 0x2e 0x7e 0xba                                VLDA x6, [sp, #-256];         VLDB.FILL.512 [p1, lf1, r25];                                                             VMOV ex0, ex6
        1960    0x0b 0xc0 0x0d 0x98                                                                                                                          ST eh0, [sp, #-1088]
        1964    0x0f 0x8a 0xeb 0x18                                                                                                                          VST lfl1, [sp, #-1920]
        1968    0x0f 0x86 0x6b 0x18                                                                                                                          VST lfh1, [sp, #-1984]
        1972    0x0f 0x8d 0xb3 0x18                                                                                                                          VST x6, [sp, #-1856]
        1976    0x0c 0xb1 0xad 0x98                                                                                                                          ST el6, [sp, #-848]
        1980    0x0c 0xad 0x8d 0x98                                                                                                                          ST eh6, [sp, #-852]
        1984    0x07 0xfd 0xa9 0x18                                                              LDA el6, [sp, #-4]
        1988    0x07 0xf9 0x89 0x18                                                              LDA eh6, [sp, #-8]
        1992    0x07 0xf1 0x3b 0x98                                                              VLDA x4, [sp, #-256]
        1996    0x0f 0x9d 0x33 0x18                                                                                                                          VST x4, [sp, #-1600]
        2000    0x09 0xbd 0x2d 0x98                                                                                                                          ST el4, [sp, #-1604]
        2004    0x0c 0xb5 0x0d 0x98                                                                                                                          ST eh4, [sp, #-844]
        2008    0x07 0xfd 0x29 0x18                                                              LDA el4, [sp, #-4]
        2012    0xff 0x21 0x26 0x00 0x28 0x3c                                                    LDA eh4, [sp, #-8];           VLDB.POP.576 ex0, [p1, lf1, r25]
        2018    0x0f 0x82 0x33 0x18                                                                                                                          VST x8, [sp, #-2048]
        2022    0x60 0x0a 0x89 0x54 0x5b 0x4c                                                                                  VLDB.POP.576 ex1, [p1, lf1, r25];ST el8, [sp, #-856]
        2028    0x0c 0xa6 0x0d 0x98                                                                                                                          ST eh8, [sp, #-860]
        2032    0x07 0xe4 0x7b 0x98                                                              VLDA x1, [sp, #-448]
        2036    0x07 0xf4 0x69 0x18                                                              LDA el1, [sp, #-12]
        2040    0x07 0xf0 0x49 0x18                                                              LDA eh1, [sp, #-16]
        2044    0xfc 0xb5 0x28 0x00 0xb9 0xd4                                                    LDA el6, [sp, #-28];                                                                                                    VMOV ex8, ex0
        2050    0xfc 0x31 0x20 0x02 0x5c 0xe2 0x30 0xe0 0xc9 0x4a                                LDA eh6, [sp, #-32];                                                                                                    VMOV ex0, ex1;                          VMUL.f dm0, ex0, ex6, r6
        2060    0x07 0xd5 0xbb 0x98                                                              VLDA x6, [sp, #-704]
        2064    0xfc 0xbe 0x60 0x02 0x31 0xe2 0xc9 0x62                                                                                                      VST x7, [sp, #-448];                                                                                VMUL.f dm1, ex1, ex6, r6
        2072    0x0f 0xf5 0xed 0x98                                                                                                                          ST el7, [sp, #-12]
        2076    0x0f 0xf1 0xcd 0x98                                                                                                                          ST eh7, [sp, #-16]
        2080    0xfb 0xde 0x60 0x02 0x31 0x23 0x29 0x62                                                                                                      VST x11, [sp, #-576];                                                                               VMAC.f dm1, dm1, ex1, ex9, r6
        2088    0x07 0xb2 0x7b 0x98                                                              VLDA x9, [sp, #-1280]
        2092    0x7c 0xcd 0x24 0x01 0x28 0x3c                                                    LDA el9, [sp, #-1052];        VLDB.POP.576 ex2, [p0, lf0, r24]
        2098    0x7c 0x49 0x22 0x00 0xd4 0x1d 0x31 0x2c 0xa9 0x4a                                LDA eh9, [sp, #-1056];        VLDB.POP.576 ex3, [p0, lf0, r24];                                                                                                 VMAC.f dm1, dm1, ex6, ex5, r6
        2108    0x0f 0xe6 0xed 0x98                                                                                                                          ST el11, [sp, #-28]
        2112    0x07 0xa5 0x7b 0x98                                                              VLDA x5, [sp, #-1472]
        2116    0x03 0xcd 0x69 0x18                                                              LDA el5, [sp, #-1076]
        2120    0x79 0x29 0x27 0x24 0xb9 0xd4                                                    LDA eh5, [sp, #-1080];                                                                                                  VMOV ex7, ex9
        2126    0x07 0xe1 0xbb 0x98                                                              VLDA x6, [sp, #-512]
        2130    0xfd 0xb5 0x21 0x08 0xb9 0xd4                                                    LDA el6, [sp, #-20];                                                                                                    VMOV ex1, ex2
        2136    0xfd 0x31 0x21 0x06 0x5c 0xe2 0x30 0x03 0x29 0x4a                                LDA eh6, [sp, #-24];                                                                                                    VMOV ex2, ex3;                          VMAC.f dm0, dm0, ex1, ex9, r6
        2146    0xfa 0x3f 0x75 0x8a 0x5c 0xe2 0x32 0xe4 0x89 0x4a                                VLDA x7, [sp, #-768];                                                                                                   VMOV ex11, ex5;                         VMUL.f dm2, ex2, ex4, r6
        2156    0xfc 0x59 0xb1 0x94 0x5c 0xe4 0x33 0xe6 0x89 0x4a                                                                                            ST eh11, [sp, #-32];                                        VMOV ex3, ex10;                         VMUL.f dm3, ex3, ex4, r6
        2166    0x07 0xdd 0xe9 0x18                                                              LDA el7, [sp, #-36]
        2170    0xfb 0x39 0x20 0x04 0x30 0x0c 0xa9 0x62                                          LDA eh7, [sp, #-40];                                                                                                                                            VMAC.f dm0, dm0, ex6, ex5, r6
        2178    0xf5 0x37 0x76 0x05 0xa8 0x3c                                                    VLDA x6, [sp, #-1408];        VLDB.POP.576 ex11, [p1, lf1, r25]
        2184    0x7a 0xb5 0x26 0x05 0xa8 0x3c                                                    LDA el6, [sp, #-1068];        VLDB.POP.576 ex11, [p1, lf1, r25]
        2190    0x7a 0x31 0x23 0x0c 0x96 0x00 0x00 0x72 0xfd 0x07 0x33 0x6c 0xe9 0x6e            LDA eh6, [sp, #-1072];                                      MOVS p1, dn1;                                               MOV r25, r31;                           VMAC.f dm3, dm3, ex6, ex7, r6
        2204    0xfc 0xcf 0x70 0x04 0x32 0x4d 0x29 0x62                                          VLDA x9, [sp, #-448];                                                                                                                                           VMAC.f dm2, dm2, ex6, ex9, r6
        2212    0x07 0xf6 0x69 0x18                                                              LDA el9, [sp, #-12]
        2216    0x07 0xf2 0x49 0x18                                                              LDA eh9, [sp, #-16]
        2220    0xfd 0x2f 0x73 0x90 0x5c 0xe2 0x33 0x6f 0x69 0x4a                                VLDA x5, [sp, #-384];                                                                                                   VMOV ex7, ex8;                          VMAC.f dm3, dm3, ex7, ex11, r6
        2230    0xf9 0xad 0x20 0x04 0x32 0x4e 0xa9 0x62                                          LDA el5, [sp, #-52];                                                                                                                                            VMAC.f dm2, dm2, ex7, ex5, r6
        2238    0x07 0xc9 0x49 0x18                                                              LDA eh5, [sp, #-56]
        2242    0x07 0xed 0x3b 0x98                                                              VLDA x4, [sp, #-320]
        2246    0x07 0xd5 0x29 0x18                                                              LDA el4, [sp, #-44]
        2250    0x07 0xd1 0x09 0x18                                                              LDA eh4, [sp, #-48]
        2254    0x07 0xde 0xfb 0x98                                                              VLDA x11, [sp, #-576]
        2258    0x07 0xe6 0xe9 0x18                                                              LDA el11, [sp, #-28]
        2262    0x07 0xe2 0xc9 0x18                                                              LDA eh11, [sp, #-32]
        2266    0xf5 0xd7 0x70 0x04 0x32 0x4a 0xc9 0x62                                          VLDA x10, [sp, #-1344];                                                                                                                                         VMAC.f dm2, dm2, ex5, ex6, r6
        2274    0x7b 0xd5 0x20 0x04 0x33 0x6b 0x29 0x62                                          LDA el10, [sp, #-1060];                                                                                                                                         VMAC.f dm3, dm3, ex5, ex9, r6
        2282    0x7b 0x51 0x26 0x0c 0xb9 0xd4                                                    LDA eh10, [sp, #-1064];                                                                                                 VMOV ex6, ex3
        2288    0xf7 0x4f 0x70 0x04 0x30 0x08 0xc9 0x62                                          VLDA x9, [sp, #-1152];                                                                                                                                          VMAC.f dm0, dm0, ex4, ex6, r6
        2296    0x7e 0xcd 0x20 0x04 0x31 0x29 0x29 0x62                                          LDA el9, [sp, #-1036];                                                                                                                                          VMAC.f dm1, dm1, ex4, ex9, r6
        2304    0x7e 0x49 0x24 0x00 0xa8 0x3c                                                    LDA eh9, [sp, #-1040];        VLDB.POP.576 ex1, [p0, lf0, r24]
        2310    0xf8 0xc7 0x74 0x00 0xa8 0x3c                                                    VLDA x8, [sp, #-960];         VLDB.POP.576 ex1, [p0, lf0, r24]
        2316    0x07 0xc6 0x29 0x18                                                              LDA el8, [sp, #-60]
        2320    0x07 0xc2 0x09 0x18                                                              LDA eh8, [sp, #-64]
        2324    0x07 0x9d 0x7b 0x98                                                              VLDA x5, [sp, #-1600]
        2328    0x01 0xbd 0x69 0x18                                                              LDA el5, [sp, #-1604]
        2332    0x04 0xb5 0x49 0x18                                                              LDA eh5, [sp, #-844]
        2336    0xf6 0xa7 0x74 0x82 0x5c 0xe2 0x32 0x53 0x49 0x4a                                VLDA x4, [sp, #-1216];                                                                                                  VMOV ex9, ex1;                          VMAC.f dm2, dm2, ex9, ex10, r6
        2346    0x7d 0xa5 0x20 0x04 0x33 0x73 0x69 0x62                                          LDA el4, [sp, #-1044];                                                                                                                                          VMAC.f dm3, dm3, ex9, ex11, r6
        2354    0x7d 0x21 0x2a 0x00 0xb9 0xd4                                                    LDA eh4, [sp, #-1048];                                                                                                  VMOV ex10, ex0
        2360    0xf0 0xc8 0xf5 0x84 0x5c 0xe2 0x30 0x11 0x49 0x4a                                VLDA lfh1, [sp, #-1984];                                                                                                VMOV ex11, ex2;                         VMAC.f dm0, dm0, ex8, ex10, r6
        2370    0xfb 0x4d 0x60 0x02 0x31 0x31 0x69 0x62                                                                                                      VST lfh1, [sp, #-640];                                                                              VMAC.f dm1, dm1, ex8, ex11, r6
        2378    0x0f 0xde 0xeb 0x18                                                                                                                          VST lfl1, [sp, #-576]
        2382    0xf1 0x58 0xf0 0x04 0x32 0x4a 0xc9 0x62                                          VLDA lfl1, [sp, #-1920];                                                                                                                                        VMAC.f dm2, dm2, ex5, ex6, r6
        2390    0xf4 0x47 0x73 0x02 0x54 0x1d 0x33 0x6a 0xe9 0x4a                                VLDA x8, [sp, #-1536];        VLDB.POP.576 ex9, [p1, lf1, r25];                                                                                                 VMAC.f dm3, dm3, ex5, ex7, r6
        2400    0xf2 0x48 0xf1 0x9e 0x0b 0x0f 0xd9 0x33 0xa9 0x60 0x78 0x76                      VLDA lfh1, [sp, #-1792];                                    MOVS p1, r30;                 MAC r29, r29, r7, r18;        MOV r29, p1
        2412    0xf2 0xd8 0xf6 0x5d 0xa0 0xe2 0x32 0x53 0x49 0x4a                                VLDA lfl1, [sp, #-1728];                                                                                                MOV r25, r27;                           VMAC.f dm2, dm2, ex9, ex10, r6
        2422    0x78 0xc5 0x23 0x01 0xd4 0x1d 0x33 0x73 0x69 0x4a                                LDA el8, [sp, #-1084];        VLDB.POP.576 ex7, [p1, lf1, r25];                                                                                                 VMAC.f dm3, dm3, ex9, ex11, r6
        2432    0x78 0x41 0x23 0x02 0x94 0x1d 0x31 0x28 0xe9 0x4a                                LDA eh8, [sp, #-1088];        VLDB.POP.576 ex10, [p1, lf1, r25];                                                                                                VMAC.f dm1, dm1, ex4, ex7, r6
        2442    0xf8 0x27 0x73 0x02 0xd4 0x1d 0x30 0x08 0xc9 0x4a                                VLDA x4, [sp, #-1024];        VLDB.POP.576 ex11, [p1, lf1, r25];                                                                                                VMAC.f dm0, dm0, ex4, ex6, r6
        2452    0x7f 0xa5 0x2a 0x28 0x28 0x3c                                                    LDA el4, [sp, #-1028];        VLDB.FILL.512 [p1, lf1, r25]
        2458    0x60 0x0a 0x8f 0xc4 0xd6 0x4c                                                                                  VLDB.POP.576 ex1, [p1, lf1, r25];VST lfh1, [sp, #-512]
        2464    0x60 0x1a 0x8f 0xcd 0xd6 0x4c                                                                                  VLDB.POP.576 ex3, [p1, lf1, r25];VST lfl1, [sp, #-448]
        2470    0xf0 0x17 0x70 0x01 0x90 0x08 0xb7 0x50 0x78 0xba                                VLDA x2, [sp, #-2048];                                                                    MOVX r25, #0;                 MOV p1, r29
        2480    0x04 0xa8 0xa9 0x18                                                              LDA el2, [sp, #-856]
        2484    0x94 0x91 0x20 0x04 0x30 0x11 0x49 0x62                                          LDA eh2, [sp, #-860];                                                                                                                                           VMAC.f dm0, dm0, ex8, ex10, r6
        2492    0x7f 0x21 0x20 0x04 0x31 0x31 0x69 0x62                                          LDA eh4, [sp, #-1032];                                                                                                                                          VMAC.f dm1, dm1, ex8, ex11, r6
        2500    0x07 0xcd 0xbb 0x98                                                              VLDA x6, [sp, #-832]
        2504    0x04 0xbd 0xa9 0x18                                                              LDA el6, [sp, #-836]
        2508    0x04 0xb9 0x89 0x18                                                              LDA eh6, [sp, #-840]
        2512    0x07 0x8d 0x7b 0x98                                                              VLDA x5, [sp, #-1856]
        2516    0x04 0xb1 0x69 0x18                                                              LDA el5, [sp, #-848]
        2520    0x95 0xa9 0x21 0x08 0xb9 0xd4                                                    LDA eh5, [sp, #-852];                                                                                                   VMOV ex1, ex2
        2526    0xfc 0x48 0xf0 0x04 0x31 0x28 0xe9 0x62                                          VLDA lfh1, [sp, #-512];                                                                                                                                         VMAC.f dm1, dm1, ex4, ex7, r6
        2534    0x0f 0xea 0x6b 0x18                                                                                                                          VST lfh1, [sp, #-384]
        2538    0x0f 0xee 0xeb 0x18                                                                                                                          VST lfl1, [sp, #-320]
        2542    0xfc 0xd8 0xf0 0x04 0x30 0x08 0xc9 0x62                                          VLDA lfl1, [sp, #-448];                                                                                                                                         VMAC.f dm0, dm0, ex4, ex6, r6
        2550    0x05 0x14 0x14 0x00 0x31 0x23 0x69 0x62                                                                        VLDB.FILL.512 [p1, lf1, r25];                                                                                                     VMAC.f dm1, dm1, ex1, ex11, r6
        2558    0x3b 0x00 0x54 0x18                                                                                            VLDB.POP.576 ex1, [p1, lf1, r25]
        2562    0x03 0x00 0x54 0x00 0x30 0x03 0x49 0x62                                                                        VLDB.POP.576 ex1, [p1, lf1, r25];                                                                                                 VMAC.f dm0, dm0, ex1, ex10, r6
        2570    0x01 0x6a 0xa0 0xe6 0x32 0x4a 0xc9 0x62                                                                                                                                                                  MOV p1, r21;                            VMAC.f dm2, dm2, ex5, ex6, r6
        2578    0x33 0x6a 0xe9 0x48                                                                                                                                                                                                                              VMAC.f dm3, dm3, ex5, ex7, r6
        2582    0x00 0x00                                                                        NOPX
        2584    0x32 0x53 0x49 0x48                                                                                                                                                                                                                              VMAC.f dm2, dm2, ex9, ex10, r6
        2588    0x33 0x73 0x69 0x48                                                                                                                                                                                                                              VMAC.f dm3, dm3, ex9, ex11, r6
        2592    0x0d 0x80 0x03 0x18                                                                                                                          VST.PUSH.576.CONV.bfp16ebs8.fp32 dm0, [p2, sf, r26]
        2596    0x09 0x00 0x03 0x18                                                                                                                          VST.FLUSH.512.CONV [p2, sf, r26]
        2600    0xff 0x68 0xfb 0x01 0x06 0x0c                                                    VLDA sfh, [sp, #-128];                                      VST.PUSH.576.CONV.bfp16ebs8.fp32 dm1, [p2, sf, r26]
        2606    0xfe 0xb8 0xf2 0x00 0x06 0x0c                                                    VLDA sfl, [sp, #-192];                                      VST.FLUSH.512.CONV [p2, sf, r26]
        2612    0x06 0x80 0x24 0xc1 0x01 0xe4                                                                                                                                              MOVX r26, #0;                 MOV p2, dn0
        2618    0x00 0x00                                                                        NOPX
        2620    0x00 0x00                                                                        NOPX
        2622    0x0f 0xe3 0x6b 0x18                                                                                                                          VST sfh, [sp, #-512]
        2626    0x0f 0xe5 0xeb 0x18                                                                                                                          VST sfl, [sp, #-448]
        2630    0x0d 0x81 0x03 0x18                                                                                                                          VST.PUSH.576.CONV.bfp16ebs8.fp32 dm2, [p2, sf, r26]
        2634    0x09 0x00 0x03 0x18                                                                                                                          VST.FLUSH.512.CONV [p2, sf, r26]
        2638    0x0d 0x81 0x83 0x18                                                                                                                          VST.PUSH.576.CONV.bfp16ebs8.fp32 dm3, [p2, sf, r26]
        2642    0x09 0x00 0x03 0x18                                                                                                                          VST.FLUSH.512.CONV [p2, sf, r26]
        2646    0x00 0x00                                                                        NOPX
        2648    0x00 0x00                                                                        NOPX
        2650    0x00 0x00                                                                        NOPX
        2652    0x0f 0xf5 0xeb 0x18                                                                                                                          VST sfl, [sp, #-192]
.label ZLE_Fmatmul_vectorized_bfp16_1344
.end_of_loop
        2656    0x00 0x2c 0xf0 0x00 0x27 0xfb 0x6b 0x00 0x00 0x00 0x01 0xa5 0x78 0x00 0x00 0xe1  NOPA;                         NOPB;                         VST sfh, [sp, #-128];         NOPX;                         NOPM;                                   NOPV
.loop_nesting 1
        2672    0x11 0x4a 0xe0 0x18                                                                                                                                                        JNZD r5, r5, p3
        2676    0x10 0x24 0x09 0x18                                                                                                                                                        MOVX r18, #2
        2680    0x00 0x00                                                                        NOPX
        2682    0x00 0x00                                                                        NOPX
        2684    0x00 0x00                                                                        NOPX
        2686    0x00 0x00                                                                        NOPX
.loop_nesting 0
        2688    0x10 0x28 0x00 0x18                                                                                                                                                        RET lr
        2692    0xff 0x00 0x00 0x00 0x01 0xc4                                                                                                                                              PADDXM [sp], #-2048
        2698    0x00 0x00                                                                        NOPX
        2700    0x00 0x00                                                                        NOPX
        2702    0x00 0x00                                                                        NOPX
        2704    0x00 0x00                                                                        NOPX
.label matmul_vectorized_bfp16__end

.text_segment PM   2720
.label zero_kernel
.function_start
        2720    0x20 0x05 0x40 0x00 0x22 0x80 0x8b 0x00 0x01 0xe8 0x37 0x88 0x10 0x07 0x00 0xe9  MOVA lc, #256;                NOPB;                         MOVS p2, p0;                  MOVXM p0, #503568;                                                    VCLR dm0
        2736    0x00 0x80 0x50 0x00 0x00 0x00 0x7d 0x90 0x10 0xba                                LDA.s8 r0, [p0];                                                                          MOVXM ls, #2848
        2746    0x00 0x1a 0x00 0x00 0x00 0x01 0xbd 0x98 0x10 0xba                                MOVA r26, #0;                                                                             MOVXM le, #2864
        2756    0x00 0x2c 0xf0 0x00 0x20 0x00 0x00 0x00 0x00 0xad 0x81 0x36                      NOPA;                         NOPB;                         NOPS;                         NOPX
        2768    0x00 0x2c 0xf0 0x00 0x20 0x01 0x5b 0x00 0x00 0x00 0x01 0xa5 0x78 0x00 0x00 0xe1  NOPA;                         NOPB;                         NOPS;                         NOPX;                         NOPM;                                   NOPV
        2784    0x00 0x2c 0xf0 0x00 0x20 0x01 0x5b 0x00 0x00 0x00 0x01 0xa5 0x78 0x00 0x00 0xe1  NOPA;                         NOPB;                         NOPS;                         NOPX;                         NOPM;                                   NOPV
        2800    0x00 0x2c 0xf0 0x00 0x20 0x01 0x5b 0x00 0x00 0x00 0x01 0xa5 0x78 0x00 0x00 0xe1  NOPA;                         NOPB;                         NOPS;                         NOPX;                         NOPM;                                   NOPV
        2816    0x00 0x2c 0xf0 0x00 0x20 0x01 0x5b 0x00 0x00 0x00 0x01 0xa5 0x78 0x00 0x00 0xe1  NOPA;                         NOPB;                         NOPS;                         NOPX;                         NOPM;                                   NOPV
        2832    0x00 0x2c 0xf0 0x00 0x20 0x01 0x5b 0x01 0xd4 0x00 0x01 0xa5 0x78 0x00 0x00 0xe1  NOPA;                         NOPB;                         NOPS;                         MOVX crRnd, r0;               NOPM;                                   NOPV
.label ZLS_Fzero_kernel_128
.loop_nesting 1
.begin_of_loop
        2848    0x00 0x2c 0xf0 0x00 0x25 0x80 0x03 0x00 0x00 0x00 0x01 0xa5 0x78 0x00 0x00 0xe1  NOPA;                         NOPB;                         VST.PUSH.576.CONV.bfp16ebs8.fp32 dm0, [p2, sf, r26];NOPX;   NOPM;                                   NOPV
.label ZLE_Fzero_kernel_144
.end_of_loop
        2864    0x00 0x2c 0xf0 0x00 0x21 0x00 0x03 0x00 0x00 0x00 0x01 0xa5 0x78 0x00 0x00 0xe1  NOPA;                         NOPB;                         VST.FLUSH.512.CONV [p2, sf, r26];NOPX;                      NOPM;                                   NOPV
.loop_nesting 0
        2880    0x10 0x28 0x00 0x18                                                                                                                                                        RET lr
        2884    0x00 0x00                                                                        NOPX
        2886    0x00 0x00                                                                        NOPX
        2888    0x00 0x00                                                                        NOPX
        2890    0x00 0x00                                                                        NOPX
        2892    0x00 0x00                                                                        NOPX
.label zero_kernel__end

.text_segment PM   2896
.label _fini
.function_start
        2896    0x00 0x08 0x00 0x00 0x01 0xc4                                                                                                                                              PADDXM [sp], #64
        2902    0xfe 0xba 0xb0 0x00 0x00 0x02 0x08 0x00 0x11 0x3a                                                                                            ST r14, [sp, #-12];           MOVXM r16, #0
        2912    0xff 0x73 0xb0 0x00 0x00 0x01 0xc8 0x00 0x11 0x3a                                                                                            ST p7, [sp, #-8];             MOVXM r14, #0
        2922    0x74 0x20 0xfe 0xd0 0x41 0xe4                                                                                                                                              EQ r16, r14, r16;             MOV p7, r16
        2928    0x80 0x05 0xe8 0x40 0x01 0x84                                                                                                                                              JNZ r16, #3024
        2934    0x0f 0xfd 0xf5 0x98                                                                                                                          ST r15, [sp, #-4]
        2938    0x0f 0xf0 0x3d 0x98                                                                                                                          ST lr, [sp, #-16]
        2942    0x00 0x00                                                                        NOPX
        2944    0x00 0x00                                                                        NOPX
        2946    0x00 0x2c 0xf0 0x02 0xb6 0x00 0x00 0x40 0x1a 0x57 0x00 0x00 0x1c 0x2e            NOPA;                                                       NOPS;                                                       NOPM;                                   NOPV
.label TGT_F_fini_64
.loop_nesting 1
        2960    0x07 0x1c 0x1e 0x98                                                              LDA p0, [p7], #4
        2964    0x00 0x00                                                                        NOPX
        2966    0x00 0x00                                                                        NOPX
        2968    0x00 0x00                                                                        NOPX
        2970    0x00 0x00                                                                        NOPX
        2972    0x00 0x00                                                                        NOPX
        2974    0x00 0x00                                                                        NOPX
.no_stack_arguments
        2976    0x10 0x30 0x00 0x18                                                                                                                                                        JL p0
        2980    0x1b 0xde 0xc0 0xf8                                                                                                                                                                                      MOV r15, p7
        2984    0x00 0x00                                                                        NOPX
        2986    0x00 0x00                                                                        NOPX
        2988    0x00 0x00                                                                        NOPX
        2990    0x00 0x00                                                                        NOPX
.return_address
        2992    0x13 0xe0 0xe8 0x98                                                                                                                                                        NE r16, r15, r14
        2996    0x80 0x05 0xc8 0x40 0x01 0x84                                                                                                                                              JNZ r16, #2960
        3002    0x00 0x00                                                                        NOPX
        3004    0x00 0x00                                                                        NOPX
        3006    0x00 0x00                                                                        NOPX
        3008    0x00 0x00                                                                        NOPX
        3010    0x00 0x2c 0xf0 0x02 0xb6 0x00 0x00 0x40 0x1a 0x57 0x00 0x00 0x1c 0x2e            NOPA;                                                       NOPS;                                                       NOPM;                                   NOPV
.label TGT_F_fini_128
.loop_nesting 0
        3024    0x07 0xf0 0x39 0x18                                                              LDA lr, [sp, #-16]
        3028    0x07 0xf5 0xd1 0x18                                                              LDA r14, [sp, #-12]
        3032    0x07 0xfd 0xf1 0x18                                                              LDA r15, [sp, #-4]
        3036    0x07 0xfb 0x99 0x18                                                              LDA p7, [sp, #-8]
        3040    0x00 0x00                                                                        NOPX
        3042    0x00 0x00                                                                        NOPX
        3044    0x00 0x00                                                                        NOPX
        3046    0x10 0x28 0x00 0x18                                                                                                                                                        RET lr
        3050    0x00 0x00                                                                        NOPX
        3052    0x00 0x00                                                                        NOPX
        3054    0x00 0x00                                                                        NOPX
        3056    0x00 0x00                                                                        NOPX
        3058    0xff 0xf8 0x00 0x00 0x01 0xc4                                                                                                                                              PADDXM [sp], #-64
.label _fini__end

.text_segment PM   3072
.label __cxa_finalize
.function_start
        3072    0xff 0xa1 0x00 0x00 0x01 0xe8 0x37 0x9a 0x10 0xba                                MOVA r1, #-3;                                                                             MOVXM p0, #503604
        3082    0x00 0x8a 0xd0 0x00 0x41 0x08 0x6f 0xe0 0x78 0xba                                LDA r2, [p0];                                                                             MOVX r4, #8;                  MOV r3, srsSign1
        3092    0x00 0x92 0x30 0x00 0x02 0x00 0x00 0x00 0x71 0x3a                                                                                            ST r4, [p0];                  PADDXM [sp], #64
        3102    0xfa 0x8e 0xb0 0x00 0x6b 0xe0 0x70 0x02                                                                                                      ST r3, [sp, #-44];                                          MOV r3, srsSign0
        3110    0xfc 0x0e 0xb0 0x00 0x6d 0xe0 0x70 0x02                                                                                                      ST r3, [sp, #-32];                                          MOV r3, packSign1
        3118    0xfc 0x8e 0xb0 0x00 0x69 0xe0 0x70 0x02                                                                                                      ST r3, [sp, #-28];                                          MOV r3, packSign0
        3126    0xfd 0x8e 0xb0 0x00 0x6a 0x70 0x70 0x02                                                                                                      ST r3, [sp, #-20];                                          MOV r3, crSat
        3134    0xfe 0x0e 0xb0 0x00 0x6c 0x70 0x70 0x02                                                                                                      ST r3, [sp, #-16];                                          MOV r3, crSRSMode
        3142    0xfe 0x8e 0xb0 0x04 0x2f 0x18 0x6b 0xb0 0x79 0x3a                                                                                            ST r3, [sp, #-12];            ADD r2, r2, #-8;              MOV r3, crPackSize
        3152    0xff 0x0e 0xb0 0x04 0xd0 0xf4 0x2f 0xb0 0x79 0x3a                                                                                            ST r3, [sp, #-8];             ASHL r13, r2, r1;             MOV r1, crRnd
        3162    0xff 0x86 0xb0 0x00 0x29 0x70 0x70 0x02                                                                                                      ST r1, [sp, #-4];                                           MOV r1, crUnpackSize
        3170    0xfd 0x06 0xb0 0x00 0x2e 0x70 0x70 0x02                                                                                                      ST r1, [sp, #-24];                                          MOV r1, crUPSMode
        3178    0xfb 0x86 0xb0 0x00 0x01 0xe8 0x2f 0x8a 0x11 0x3a                                                                                            ST r1, [sp, #-36];            MOVXM r1, #503572
        3188    0xfb 0x07 0xb0 0x03 0x30 0x44 0xa0 0x02                                                                                                      ST lr, [sp, #-40];                                          ADD.NC p6, r1, r2
        3196    0x1a 0x58 0x60 0xf8                                                                                                                                                                                      MOV r9, upsSign1
        3200    0x1a 0x10 0x60 0xf8                                                                                                                                                                                      MOV r8, upsSign0
        3204    0x1a 0xda 0x60 0xf8                                                                                                                                                                                      MOV r11, vaddSign1
        3208    0x1a 0x92 0x60 0xf8                                                                                                                                                                                      MOV r10, vaddSign0
        3212    0x1b 0x1c 0x60 0xf8                                                                                                                                                                                      MOV r12, unpackSign1
        3216    0x1b 0x94 0x60 0xf8                                                                                                                                                                                      MOV r14, unpackSign0
        3220    0x00 0x2c 0xf0 0x00 0x20 0x00 0x00 0x03 0xb6 0x50 0x10 0xb6                      NOPA;                         NOPB;                                                       MOVXM p7, #3232
.label TGT_F__cxa_finalize_160
.loop_nesting 1
        3232    0x06 0x1c 0x9e 0x98                                                              LDA p1, [p6], #4
        3236    0x06 0xdc 0x1e 0x98                                                              LDA p0, [p6], #-12
        3240    0x00 0x00                                                                        NOPX
        3242    0x00 0x00                                                                        NOPX
        3244    0x00 0x00                                                                        NOPX
        3246    0x00 0x00                                                                        NOPX
        3248    0x00 0x00                                                                        NOPX
.no_stack_arguments
        3250    0x10 0x30 0x40 0x18                                                                                                                                                        JL p1
        3254    0x00 0x00                                                                        NOPX
        3256    0x00 0x00                                                                        NOPX
        3258    0x00 0x00                                                                        NOPX
        3260    0x00 0x01 0x67 0x98                                                              NOPA
        3264    0x00 0x2c 0xf0 0x00 0x20 0x01 0x5b 0x00 0x00 0x01 0xe8 0x10 0x78 0x00 0x00 0xe1  NOPA;                         NOPB;                         NOPS;                         NOPX;                         MOV r15, r0;                            NOPV
.return_address
        3280    0x13 0x5b 0xe0 0x18                                                                                                                                                        JNZD r13, r13, p7
        3284    0x18 0x17 0xa0 0xf8                                                                                                                                                                                      MOV r0, r15
        3288    0x00 0x00                                                                        NOPX
        3290    0x00 0x00                                                                        NOPX
        3292    0x00 0x00                                                                        NOPX
        3294    0x00 0x00                                                                        NOPX
.loop_nesting 0
        3296    0xfa 0x86 0x20 0x17 0xf2 0x02 0x1a 0x50 0x78 0xba                                LDA r1, [sp, #-44];                                                                       MOVX vaddSign1, r11;          MOV upsSign1, r9
        3306    0xfc 0x8e 0x20 0x15 0xd2 0x00 0x1a 0x10 0x78 0xba                                LDA r3, [sp, #-28];                                                                       MOVX vaddSign0, r10;          MOV upsSign0, r8
        3316    0xfb 0x07 0x26 0x7b 0x80 0x2c                                                    LDA lr, [sp, #-40];                                                                       MOVX unpackSign1, r12
        3322    0xfc 0x0a 0x27 0x73 0x80 0x2c                                                    LDA r2, [sp, #-32];                                                                       MOVX unpackSign0, r14
        3328    0x07 0xec 0xf1 0x18                                                              LDA r7, [sp, #-20]
        3332    0x07 0xf0 0x91 0x18                                                              LDA r4, [sp, #-16]
        3336    0x07 0xf4 0xb1 0x18                                                              LDA r5, [sp, #-12]
        3340    0xff 0x1a 0x20 0xf9 0x80 0x2c                                                    LDA r6, [sp, #-8];                                                                        MOVX srsSign1, r1
        3346    0xff 0x86 0x21 0xf8 0x80 0x2c                                                    LDA r1, [sp, #-4];                                                                        MOVX packSign1, r3
        3352    0x07 0xe8 0x51 0x18                                                              LDA r2, [sp, #-24]
        3356    0x07 0xdc 0x71 0x18                                                              LDA r3, [sp, #-36]
        3360    0x00 0x00                                                                        NOPX
        3362    0x10 0x28 0x00 0x18                                                                                                                                                        RET lr
        3366    0xff 0xf8 0x00 0x00 0x01 0xc4                                                                                                                                              PADDXM [sp], #-64
        3372    0x17 0x18 0x03 0xc7 0x41 0xe4                                                                                                                                              MOVX srsSign0, r2;            MOV packSign0, r7
        3378    0x27 0x70 0x08 0xe5 0x41 0xe4                                                                                                                                              MOVX crSat, r4;               MOV crSRSMode, r5
        3384    0x37 0x40 0x0f 0x61 0x41 0xe4                                                                                                                                              MOVX crPackSize, r6;          MOV crRnd, r1
        3390    0x17 0x90 0x0c 0xe3 0x41 0xe4                                                                                                                                              MOVX crUnpackSize, r2;        MOV crUPSMode, r3
.label __cxa_finalize__end

.bss_segment DMb 503564	    4

.bss_segment DMb 503568	    1

.data_segment DMb 503572
.label _ZL7atexits
	0x50
	0xb
	0x0
	0x0
	0x0
	0x0
	0x0
	0x0
	0x0
	0x0
	0x0
	0x0
	0x0
	0x0
	0x0
	0x0
	0x0
	0x0
	0x0
	0x0
	0x0
	0x0
	0x0
	0x0
	0x0
	0x0
	0x0
	0x0
	0x0
	0x0
	0x0
	0x0
.label _ZL10atexit_cnt
	0x8
	0x0
	0x0
	0x0

.stack DM_stack 458752 462080
