
// File generated by darts version U-2023.06#b8bbc031dd#240626, Tue Sep 30 12:45:09 2025
// Copyright 2014-2023 Synopsys, Inc. All rights reserved.
// darts -I/tools/ryzen_ai-1.3.0/vitis_aie_essentials/data/aie2p/lib -d -h -I/tools/ryzen_ai-1.3.0/vitis_aie_essentials/include -I/tools/ryzen_ai-1.3.0/vitis_aie_essentials/data/aie2p/lib/runtime_cxx/libcxx-lite/include -I/tools/ryzen_ai-1.3.0/vitis_aie_essentials/data/aie2p/lib/runtime_cxx/libs/libcxx-9.0.0/include-lite -I/tools/ryzen_ai-1.3.0/vitis_aie_essentials/data/aie2p/lib/runtime/include -D__AIENGINE__ -D__AIE_ARCH__=21 -D__AIEARCH__=21 -D__tct_tgt__=240628 -L +Ihex +nanno +u core_0_2.elf me

// Release: ipp U-2023.06-TGT-240628

.text_segment PM      0
.entry_point
.label __AIE_ARCH_MODEL_VERSION__21011000__inlined__1__me_basic___main_init_
.label _main_init
.function_start
           0    0x00 0x07 0x09 0xe0 0x00 0x44                                                                                                                                              MOVXM sp, #458752
           6    0x00 0x00 0x04 0x20 0x00 0x44                                                                                                                                              MOVXM r8, #0
          12    0x00 0x00 0x08 0x20 0x00 0x44                                                                                                                                              MOVXM r16, #0
          18    0x12 0x21 0x07 0x98                                                                                                                                                        EQ r16, r8, r16
          22    0x80 0x00 0x40 0x40 0x01 0x84                                                                                                                                              JNZ r16, #128
          28    0x00 0x00                                                                        NOPX
          30    0x00 0x00                                                                        NOPX
          32    0x00 0x00                                                                        NOPX
          34    0x00 0x00                                                                        NOPX
          36    0x00 0x00                                                                        NOPX
          38    0xf0 0x11 0x60 0x3f 0xff 0xff 0x37 0xfe 0x11 0x3a                                                                                            MOVS p7, p0;                  MOVXM p6, #-4
          48    0x00 0x2c 0xf0 0x00 0x20 0x01 0x5b 0x00 0x00 0x01 0x28 0x50 0x78 0x00 0x00 0xe1  NOPA;                         NOPB;                         NOPS;                         NOPX;                         MOV r9, r1;                             NOPV
.label TGT_F_main_init_64
.loop_nesting 1
          64    0xdf 0x83 0xd5 0x39 0x81 0xd4                                                    LDA p0, [p6], #-4;                                                                                                      MOV r10, p6
          70    0x00 0x00                                                                        NOPX
          72    0x00 0x00                                                                        NOPX
          74    0x00 0x00                                                                        NOPX
          76    0x00 0x00                                                                        NOPX
          78    0x00 0x00                                                                        NOPX
          80    0x00 0x00                                                                        NOPX
.no_stack_arguments
          82    0x10 0x30 0x00 0x18                                                                                                                                                        JL p0
          86    0x00 0x00                                                                        NOPX
          88    0x00 0x00                                                                        NOPX
          90    0x00 0x00                                                                        NOPX
          92    0x00 0x00                                                                        NOPX
          94    0x00 0x00                                                                        NOPX
.return_address
          96    0x12 0xa0 0x88 0x98                                                                                                                                                        NE r16, r10, r8
         100    0x80 0x00 0x20 0x40 0x01 0x84                                                                                                                                              JNZ r16, #64
         106    0x00 0x00                                                                        NOPX
         108    0x00 0x00                                                                        NOPX
         110    0x00 0x00                                                                        NOPX
         112    0x00 0x00                                                                        NOPX
         114    0x00 0x00                                                                        NOPX
.loop_nesting 0
         116    0x00 0x2c 0xf0 0x00 0x20 0x9c 0x8b 0x00 0x2a 0x50 0x70 0xf6                      NOPA;                         NOPB;                         MOVS p0, p7;                                                MOV r1, r9
.label TGT_F_main_init_128
.no_stack_arguments
         128    0x00 0x00 0x70 0x00 0x01 0x04                                                                                                                                              JL #224
         134    0x00 0x00                                                                        NOPX
         136    0x00 0x00                                                                        NOPX
         138    0x00 0x00                                                                        NOPX
         140    0x00 0x00                                                                        NOPX
         142    0x00 0x00                                                                        NOPX
.return_address
.no_stack_arguments
         144    0x00 0x08 0x80 0x00 0x01 0x04                                                                                                                                              JL #4352
         150    0x18 0x60 0x00 0xb8                                                                                                                                                                                      MOV p0, #0
         154    0x00 0x00                                                                        NOPX
         156    0x00 0x00                                                                        NOPX
         158    0x00 0x00                                                                        NOPX
         160    0x00 0x2c 0xf0 0x00 0x20 0x01 0x5b 0x00 0x00 0x00 0x01 0xa5 0x78 0x00 0x00 0xe1  NOPA;                         NOPB;                         NOPS;                         NOPX;                         NOPM;                                   NOPV
.return_address
.swstall chess_separator_scheduler
         176    0x00 0x00                                                                        NOPX
.swstall chess_separator_scheduler
         178    0x00 0x00                                                                        NOPX
.swstall chess_separator_scheduler
         180    0x00 0x00                                                                        NOPX
.swstall chess_separator_scheduler
         182    0x00 0x00                                                                        NOPX
.swstall chess_separator_scheduler
         184    0x00 0x00                                                                        NOPX
.swstall chess_separator_scheduler
         186    0x00 0x00                                                                        NOPX
         188    0x10 0x08 0x00 0x18                                                                                                                                                        DONE
.swstall chess_separator_scheduler
         192    0x00 0x00                                                                        NOPX
.swstall chess_separator_scheduler
         194    0x00 0x00                                                                        NOPX
.swstall chess_separator_scheduler
         196    0x00 0x00                                                                        NOPX
.swstall chess_separator_scheduler
         198    0x00 0x00                                                                        NOPX
.swstall chess_separator_scheduler
         200    0x00 0x00                                                                        NOPX
.swstall chess_separator_scheduler
         202    0x00 0x00                                                                        NOPX
.swstall for_chess_exit
.exit
         204    0x00 0x01 0x67 0x98                                                              NOPA
.label TGT_F_main_init_208
.loop_nesting 1
         208    0x00 0x00 0x68 0x00 0x00 0x84                                                                                                                                              J #208
         214    0x00 0x00                                                                        NOPX
         216    0x00 0x00                                                                        NOPX
         218    0x00 0x00                                                                        NOPX
         220    0x00 0x00                                                                        NOPX
         222    0x00 0x00                                                                        NOPX
.label _main_init__end
.label core_0_2
.function_start
         224    0x00 0x18 0x01 0x9c 0x8b 0x00 0x01 0xeb 0xb7 0x80 0x10 0x76                      MOVA r24, #0;                                               MOVS p1, p7;                  MOVXM p7, #503552
         236    0xe3 0xe2 0x30 0x00 0x02 0x00 0x00 0x00 0x71 0x3a                                                                                            ST r24, [p7], #4;             PADDXM [sp], #64
         246    0xe0 0xe2 0x30 0x00 0xf0 0x08 0x8b 0xd0 0x79 0x3a                                                                                            ST r24, [p7];                 MOVX r15, #0;                 MOV r4, r15
         256    0xfd 0x26 0xb0 0x00 0xd0 0x28 0x0b 0x50 0x79 0x3a                                                                                            ST r9, [sp, #-24];            MOVX r13, #1;                 MOV r0, r13
         266    0xfb 0xa2 0xb0 0x00 0x80 0x08 0x6b 0x10 0x79 0x3a                                                                                            ST r8, [sp, #-36];            MOVX r8, #0;                  MOV r3, r12
         276    0xe2 0xbe 0x30 0x00 0x4b 0x90 0x70 0x02                                                                                                      ST r15, [p7, #4];                                           MOV r2, r14
         284    0xfd 0x92 0xb0 0x00 0x2a 0xd0 0x70 0x02                                                                                                      ST r4, [sp, #-20];                                          MOV r1, r11
         292    0xfe 0x0a 0xb0 0x00 0x01 0xe5 0x8e 0x80 0x11 0x3a                                                                                            ST r2, [sp, #-16];            MOVXM r12, #498944
         302    0xfe 0x82 0xb0 0x00 0x01 0xe9 0x2b 0x00 0x11 0x3a                                                                                            ST r0, [sp, #-12];            MOVXM r9, #501248
         312    0x0f 0xf8 0x75 0x98                                                                                                                          ST r3, [sp, #-8]
         316    0x0f 0xfc 0x35 0x98                                                                                                                          ST r1, [sp, #-4]
         320    0x0f 0xe1 0x55 0x98                                                                                                                          ST r10, [sp, #-32]
         324    0x0f 0xe4 0x9d 0x98                                                                                                                          ST p1, [sp, #-28]
         328    0x0f 0xdb 0x1d 0x98                                                                                                                          ST p6, [sp, #-40]
         332    0x0f 0xd4 0x3d 0x98                                                                                                                          ST lr, [sp, #-44]
.label TGT_Fcore_0_2_112
.loop_nesting 1
.no_stack_arguments
         336    0x00 0x03 0x78 0x00 0x01 0x04                                                                                                                                              JL #1776
         342    0xf8 0x5f 0xa0 0x20 0xd1 0x64                                                                                                                                              MOVX r1, #-1;                 MOV r0, #52
         348    0x00 0x00                                                                        NOPX
         350    0x00 0x00                                                                        NOPX
         352    0x00 0x00                                                                        NOPX
         354    0x00 0x2c 0xf0 0x02 0xb6 0x00 0x00 0x40 0x1a 0x57 0x00 0x00 0x1c 0x2e            NOPA;                                                       NOPS;                                                       NOPM;                                   NOPV
.return_address
.no_stack_arguments
         368    0x00 0x07 0x78 0x00 0x01 0x04                                                                                                                                              JL #3824
         374    0x00 0x07 0x00 0xda 0x00 0x44                                                                                                                                              MOVXM p0, #462080
         380    0x0e 0x80 0x8b 0x18                                                                                                                          MOVS p6, p0
         384    0x00 0x00                                                                        NOPX
         386    0x00 0x00                                                                        NOPX
         388    0x00 0x2c 0xf0 0x00 0x20 0x00 0x00 0x00 0x00 0xad 0x81 0x36                      NOPA;                         NOPB;                         NOPS;                         NOPX
.return_address
.no_stack_arguments
         400    0x00 0x03 0x78 0x00 0x01 0x04                                                                                                                                              JL #1776
         406    0xf8 0x5f 0xa0 0x20 0xcd 0x64                                                                                                                                              MOVX r1, #-1;                 MOV r0, #51
         412    0x00 0x00                                                                        NOPX
         414    0x00 0x00                                                                        NOPX
         416    0x00 0x00                                                                        NOPX
         418    0x00 0x2c 0xf0 0x02 0xb6 0x00 0x00 0x40 0x1a 0x57 0x00 0x00 0x1c 0x2e            NOPA;                                                       NOPS;                                                       NOPM;                                   NOPV
.return_address
         432    0x07 0x06 0x56 0x98                                                              LDA r18, [p7]
         436    0x00 0x00                                                                        NOPX
         438    0x00 0x00                                                                        NOPX
.no_stack_arguments
         440    0x00 0x03 0x78 0x00 0x01 0x04                                                                                                                                              JL #1776
         446    0x00 0x00                                                                        NOPX
         448    0x00 0x07 0x78 0x32 0x00 0x44                                                                                                                                              MOVXM r16, #489728
         454    0x00 0x07 0x58 0xaa 0x00 0x44                                                                                                                                              MOVXM r17, #480512
         460    0x13 0x77 0x27 0x98                                                                                                                                                        EQ r27, r13, r18
         464    0xff 0xe1 0x00 0x00 0x20 0x01 0x5b 0x22 0xa8 0x10 0x08 0x31 0x58 0x00 0x00 0xe1  MOVA r1, #-1;                 NOPB;                         NOPS;                         SEL.EQZ r10, r17, r16, r27;   MOV r0, #49;                            NOPV
.return_address
         480    0x07 0x16 0x16 0x98                                                              LDA r16, [p7, #4]
         484    0x00 0x00                                                                        NOPX
         486    0x00 0x00                                                                        NOPX
         488    0x00 0x00                                                                        NOPX
.no_stack_arguments
         490    0x00 0x03 0x98 0x00 0x01 0x04                                                                                                                                              JL #1840
         496    0x00 0x00                                                                        NOPX
         498    0x00 0x00                                                                        NOPX
         500    0x00 0x2c 0xf6 0xee 0x0f 0x2c                                                    NOPA;                                                                                     EQ r27, r13, r16
         506    0x64 0x12 0x42 0xca 0x41 0xe4                                                                                                                                              SEL.EQZ r16, r12, r9, r27;    MOV p1, r10
         512    0x00 0x2c 0xf0 0x00 0x20 0x90 0x0b 0x00 0x00 0x01 0x36 0x60 0x78 0x00 0x00 0xe1  NOPA;                         NOPB;                         MOVS p0, r16;                 NOPX;                         MOV p2, p6;                             NOPV
.return_address
.no_stack_arguments
         528    0x00 0x03 0x88 0x00 0x01 0x04                                                                                                                                              JL #1808
         534    0x00 0x40 0xa0 0x20 0xc1 0x64                                                                                                                                              MOVX r1, #1;                  MOV r0, #48
         540    0x00 0x00                                                                        NOPX
         542    0x00 0x00                                                                        NOPX
         544    0x00 0x00                                                                        NOPX
         546    0x00 0x2c 0xf0 0x02 0xb6 0x00 0x00 0x40 0x1a 0x57 0x00 0x00 0x1c 0x2e            NOPA;                                                       NOPS;                                                       NOPM;                                   NOPV
.return_address
         560    0x07 0x16 0x16 0x98                                                              LDA r16, [p7, #4]
         564    0x00 0x00                                                                        NOPX
         566    0x00 0x00                                                                        NOPX
         568    0x00 0x00                                                                        NOPX
         570    0x00 0x00                                                                        NOPX
.no_stack_arguments
         572    0x00 0x03 0x78 0x00 0x01 0x04                                                                                                                                              JL #1776
         578    0x00 0x00                                                                        NOPX
         580    0x84 0x7f 0xe8 0x30 0x01 0x24                                                                                                                                              ADD r17, r16, #-1;            ADD.NC r16, r16, #1
         586    0x13 0x77 0x0a 0x98                                                                                                                                                        LT r27, r13, r16
         590    0x14 0x21 0x12 0x18                                                                                                                                                        SEL.EQZ r16, r16, r17, r27
         594    0x00 0x2c 0xf0 0x00 0x20 0x00 0xc5 0x05 0xff 0xeb 0xe2 0xc2 0x30 0x7e            NOPA;                         NOPB;                         ST r16, [p7, #4];             MOVX r0, #49;                 MOV r1, #-1
.return_address
         608    0x07 0x16 0x36 0x98                                                              LDA r17, [p7, #4]
         612    0x00 0x00                                                                        NOPX
         614    0x00 0x00                                                                        NOPX
         616    0x00 0x00                                                                        NOPX
.no_stack_arguments
         618    0x00 0x03 0x98 0x00 0x01 0x04                                                                                                                                              JL #1840
         624    0x00 0x00                                                                        NOPX
         626    0x00 0x07 0xa8 0x2c 0x00 0x44                                                                                                                                              MOVXM r16, #501248
         632    0x13 0x77 0x17 0x98                                                                                                                                                        EQ r27, r13, r17
         636    0x64 0x20 0x42 0xca 0x41 0xe4                                                                                                                                              SEL.EQZ r16, r12, r16, r27;   MOV p1, r10
         642    0x00 0x2c 0xf1 0x20 0x16 0x00 0x00 0x53 0x66 0x07 0x00 0x00 0x1c 0x2e            NOPA;                                                       MOVS p0, r16;                                               MOV p2, p6;                             NOPV
.return_address
.no_stack_arguments
         656    0x00 0x03 0x88 0x00 0x01 0x04                                                                                                                                              JL #1808
         662    0x00 0x18 0x20 0xa0 0x05 0x64                                                                                                                                              MOVX r0, #48;                 MOV r1, #1
         668    0x00 0x00                                                                        NOPX
         670    0x00 0x00                                                                        NOPX
         672    0x00 0x00                                                                        NOPX
         674    0x00 0x2c 0xf0 0x02 0xb6 0x00 0x00 0x40 0x1a 0x57 0x00 0x00 0x1c 0x2e            NOPA;                                                       NOPS;                                                       NOPM;                                   NOPV
.return_address
         688    0x07 0x16 0x16 0x98                                                              LDA r16, [p7, #4]
         692    0x00 0x00                                                                        NOPX
         694    0x00 0x00                                                                        NOPX
         696    0x00 0x00                                                                        NOPX
         698    0x00 0x00                                                                        NOPX
.no_stack_arguments
         700    0x00 0x03 0x78 0x00 0x01 0x04                                                                                                                                              JL #1776
         706    0x00 0x00                                                                        NOPX
         708    0x84 0x7f 0xe8 0x30 0x01 0x24                                                                                                                                              ADD r17, r16, #-1;            ADD.NC r16, r16, #1
         714    0x13 0x77 0x0a 0x98                                                                                                                                                        LT r27, r13, r16
         718    0x14 0x21 0x12 0x18                                                                                                                                                        SEL.EQZ r16, r16, r17, r27
         722    0x00 0x2c 0xf0 0x00 0x20 0x00 0xc5 0x05 0xff 0xeb 0xe2 0xc2 0x30 0x7e            NOPA;                         NOPB;                         ST r16, [p7, #4];             MOVX r0, #49;                 MOV r1, #-1
.return_address
         736    0x07 0x16 0x16 0x98                                                              LDA r16, [p7, #4]
         740    0x00 0x00                                                                        NOPX
         742    0x00 0x00                                                                        NOPX
         744    0x00 0x00                                                                        NOPX
.no_stack_arguments
         746    0x00 0x03 0x98 0x00 0x01 0x04                                                                                                                                              JL #1840
         752    0x00 0x00                                                                        NOPX
         754    0x31 0x41 0x60 0x00 0x01 0xe9 0x4b 0x00 0x11 0x3a                                                                                            MOVS p1, r10;                 MOVXM r10, #501248
         764    0x13 0x77 0x07 0x98                                                                                                                                                        EQ r27, r13, r16
         768    0x64 0x14 0x44 0xd9 0x81 0xe4                                                                                                                                              SEL.EQZ r16, r12, r10, r27;   MOV p2, p6
         774    0x00 0x2c 0xf0 0x90 0x0b 0x03 0x31 0x60 0x72 0xba                                NOPA;                                                       MOVS p0, r16;                                               MOV p6, p1
.return_address
.no_stack_arguments
         784    0x00 0x03 0x88 0x00 0x01 0x04                                                                                                                                              JL #1808
         790    0x00 0x18 0x20 0xa0 0x05 0x64                                                                                                                                              MOVX r0, #48;                 MOV r1, #1
         796    0x00 0x00                                                                        NOPX
         798    0x00 0x00                                                                        NOPX
         800    0x00 0x00                                                                        NOPX
         802    0x00 0x2c 0xf0 0x02 0xb6 0x00 0x00 0x40 0x1a 0x57 0x00 0x00 0x1c 0x2e            NOPA;                                                       NOPS;                                                       NOPM;                                   NOPV
.return_address
         816    0x07 0x16 0x16 0x98                                                              LDA r16, [p7, #4]
         820    0x00 0x00                                                                        NOPX
         822    0x00 0x00                                                                        NOPX
         824    0x00 0x00                                                                        NOPX
         826    0x00 0x00                                                                        NOPX
.no_stack_arguments
         828    0x00 0x03 0x78 0x00 0x01 0x04                                                                                                                                              JL #1776
         834    0x00 0x00                                                                        NOPX
         836    0x84 0x7f 0xe8 0x30 0x01 0x24                                                                                                                                              ADD r17, r16, #-1;            ADD.NC r16, r16, #1
         842    0x13 0x77 0x0a 0x98                                                                                                                                                        LT r27, r13, r16
         846    0x14 0x21 0x12 0x18                                                                                                                                                        SEL.EQZ r16, r16, r17, r27
         850    0x00 0x2c 0xf0 0x00 0x20 0x00 0xc5 0x05 0xff 0xeb 0xe2 0xc2 0x30 0x7e            NOPA;                         NOPB;                         ST r16, [p7, #4];             MOVX r0, #49;                 MOV r1, #-1
.return_address
         864    0x07 0x16 0x16 0x98                                                              LDA r16, [p7, #4]
         868    0x00 0x00                                                                        NOPX
         870    0x00 0x00                                                                        NOPX
         872    0x00 0x00                                                                        NOPX
.no_stack_arguments
         874    0x00 0x03 0x98 0x00 0x01 0x04                                                                                                                                              JL #1840
         880    0x00 0x00                                                                        NOPX
         882    0x00 0x07 0x04 0xda 0x00 0x44                                                                                                                                              MOVXM p2, #462080
         888    0x13 0x77 0x07 0x98                                                                                                                                                        EQ r27, r13, r16
         892    0x64 0x14 0x42 0xd9 0x81 0xe4                                                                                                                                              SEL.EQZ r16, r12, r10, r27;   MOV p1, p6
         898    0x00 0x2c 0xf1 0x20 0x16 0x00 0x00 0x73 0x26 0x07 0x00 0x00 0x1c 0x2e            NOPA;                                                       MOVS p0, r16;                                               MOV p6, p2;                             NOPV
.return_address
.no_stack_arguments
         912    0x00 0x03 0x88 0x00 0x01 0x04                                                                                                                                              JL #1808
         918    0x00 0x29 0x00 0x00 0x10 0x28 0x08 0x30 0x58 0xba                                MOVA r9, #1;                                                                              MOVX r1, #1;                  MOV r0, #48
         928    0x00 0x00                                                                        NOPX
         930    0x00 0x00                                                                        NOPX
         932    0x00 0x00                                                                        NOPX
         934    0x00 0x2c 0xf0 0x00 0x10 0x00 0x01 0xa5 0x7e 0xba                                NOPA;                         NOPB;                                                                                     NOPM
.return_address
         944    0x07 0x16 0x16 0x98                                                              LDA r16, [p7, #4]
         948    0x00 0x00                                                                        NOPX
         950    0x00 0x00                                                                        NOPX
         952    0x00 0x00                                                                        NOPX
         954    0x00 0x00                                                                        NOPX
.no_stack_arguments
         956    0x00 0x03 0x88 0x00 0x01 0x04                                                                                                                                              JL #1808
         962    0x00 0x00                                                                        NOPX
         964    0x84 0x7f 0xe8 0x30 0x01 0x24                                                                                                                                              ADD r17, r16, #-1;            ADD.NC r16, r16, #1
         970    0x12 0x77 0x0a 0x98                                                                                                                                                        LT r27, r9, r16
         974    0x14 0x21 0x12 0x18                                                                                                                                                        SEL.EQZ r16, r16, r17, r27
         978    0x00 0x21 0x00 0x00 0x20 0x00 0xc9 0x35 0x00 0x2b 0xe2 0xc2 0x30 0x7e            MOVA r1, #1;                  NOPB;                         ST r16, [p7, #4];             MOVX r0, #50;                 MOV r13, #1
.return_address
         992    0x07 0x06 0x16 0x98                                                              LDA r16, [p7]
         996    0x00 0x00                                                                        NOPX
         998    0x00 0x00                                                                        NOPX
        1000    0x00 0x00                                                                        NOPX
        1002    0x00 0x00                                                                        NOPX
.no_stack_arguments
        1004    0x00 0x03 0x78 0x00 0x01 0x04                                                                                                                                              JL #1776
        1010    0x00 0x00                                                                        NOPX
        1012    0x84 0x7f 0xe8 0x30 0x01 0x24                                                                                                                                              ADD r17, r16, #-1;            ADD.NC r16, r16, #1
        1018    0x13 0x77 0x0a 0x98                                                                                                                                                        LT r27, r13, r16
        1022    0x14 0x21 0x12 0x18                                                                                                                                                        SEL.EQZ r16, r16, r17, r27
        1026    0x00 0x2c 0xf0 0x00 0x27 0xc2 0xfd 0x01 0x06 0x6b 0xe0 0xc2 0x30 0x7e            NOPA;                         NOPB;                         ST r16, [p7];                 MOVX r1, #-1;                 MOV r0, #51
.return_address
        1040    0x07 0x06 0x56 0x98                                                              LDA r18, [p7]
        1044    0x00 0x00                                                                        NOPX
        1046    0x00 0x00                                                                        NOPX
.no_stack_arguments
        1048    0x00 0x03 0x78 0x00 0x01 0x04                                                                                                                                              JL #1776
        1054    0x00 0x00                                                                        NOPX
        1056    0x00 0x07 0x78 0x32 0x00 0x44                                                                                                                                              MOVXM r16, #489728
        1062    0x00 0x07 0x58 0xaa 0x00 0x44                                                                                                                                              MOVXM r17, #480512
        1068    0x13 0x77 0x27 0x98                                                                                                                                                        EQ r27, r13, r18
        1072    0xff 0xe1 0x00 0x00 0x20 0x01 0x5b 0x22 0x98 0x10 0x08 0x31 0x58 0x00 0x00 0xe1  MOVA r1, #-1;                 NOPB;                         NOPS;                         SEL.EQZ r9, r17, r16, r27;    MOV r0, #49;                            NOPV
.return_address
        1088    0x07 0x16 0x16 0x98                                                              LDA r16, [p7, #4]
        1092    0x00 0x00                                                                        NOPX
        1094    0x00 0x00                                                                        NOPX
        1096    0x00 0x00                                                                        NOPX
.no_stack_arguments
        1098    0x00 0x03 0x98 0x00 0x01 0x04                                                                                                                                              JL #1840
        1104    0x00 0x00                                                                        NOPX
        1106    0x00 0x00                                                                        NOPX
        1108    0x00 0x2c 0xf6 0xee 0x0f 0x2c                                                    NOPA;                                                                                     EQ r27, r13, r16
        1114    0x64 0x14 0x42 0xc9 0x41 0xe4                                                                                                                                              SEL.EQZ r16, r12, r10, r27;   MOV p1, r9
        1120    0x00 0x2c 0xf0 0x00 0x20 0x90 0x0b 0x00 0x00 0x01 0x36 0x60 0x78 0x00 0x00 0xe1  NOPA;                         NOPB;                         MOVS p0, r16;                 NOPX;                         MOV p2, p6;                             NOPV
.return_address
.no_stack_arguments
        1136    0x00 0x03 0x88 0x00 0x01 0x04                                                                                                                                              JL #1808
        1142    0x00 0x40 0xa0 0x20 0xc1 0x64                                                                                                                                              MOVX r1, #1;                  MOV r0, #48
        1148    0x00 0x00                                                                        NOPX
        1150    0x00 0x00                                                                        NOPX
        1152    0x00 0x00                                                                        NOPX
        1154    0x00 0x2c 0xf0 0x02 0xb6 0x00 0x00 0x40 0x1a 0x57 0x00 0x00 0x1c 0x2e            NOPA;                                                       NOPS;                                                       NOPM;                                   NOPV
.return_address
        1168    0x07 0x16 0x16 0x98                                                              LDA r16, [p7, #4]
        1172    0x00 0x00                                                                        NOPX
        1174    0x00 0x00                                                                        NOPX
        1176    0x00 0x00                                                                        NOPX
        1178    0x00 0x00                                                                        NOPX
.no_stack_arguments
        1180    0x00 0x03 0x78 0x00 0x01 0x04                                                                                                                                              JL #1776
        1186    0x00 0x00                                                                        NOPX
        1188    0x84 0x7f 0xe8 0x30 0x01 0x24                                                                                                                                              ADD r17, r16, #-1;            ADD.NC r16, r16, #1
        1194    0x13 0x77 0x0a 0x98                                                                                                                                                        LT r27, r13, r16
        1198    0x14 0x21 0x12 0x18                                                                                                                                                        SEL.EQZ r16, r16, r17, r27
        1202    0x00 0x2c 0xf0 0x00 0x20 0x00 0xc5 0x05 0xff 0xeb 0xe2 0xc2 0x30 0x7e            NOPA;                         NOPB;                         ST r16, [p7, #4];             MOVX r0, #49;                 MOV r1, #-1
.return_address
        1216    0x07 0x16 0x36 0x98                                                              LDA r17, [p7, #4]
        1220    0x00 0x00                                                                        NOPX
        1222    0x00 0x00                                                                        NOPX
        1224    0x00 0x00                                                                        NOPX
.no_stack_arguments
        1226    0x00 0x03 0x98 0x00 0x01 0x04                                                                                                                                              JL #1840
        1232    0x00 0x00                                                                        NOPX
        1234    0x00 0x07 0xa8 0x2c 0x00 0x44                                                                                                                                              MOVXM r16, #501248
        1240    0x13 0x77 0x17 0x98                                                                                                                                                        EQ r27, r13, r17
        1244    0x64 0x20 0x42 0xc9 0x41 0xe4                                                                                                                                              SEL.EQZ r16, r12, r16, r27;   MOV p1, r9
        1250    0x00 0x2c 0xf1 0x20 0x16 0x00 0x00 0x53 0x66 0x07 0x00 0x00 0x1c 0x2e            NOPA;                                                       MOVS p0, r16;                                               MOV p2, p6;                             NOPV
.return_address
.no_stack_arguments
        1264    0x00 0x03 0x88 0x00 0x01 0x04                                                                                                                                              JL #1808
        1270    0x00 0x18 0x20 0xa0 0x05 0x64                                                                                                                                              MOVX r0, #48;                 MOV r1, #1
        1276    0x00 0x00                                                                        NOPX
        1278    0x00 0x00                                                                        NOPX
        1280    0x00 0x00                                                                        NOPX
        1282    0x00 0x2c 0xf0 0x02 0xb6 0x00 0x00 0x40 0x1a 0x57 0x00 0x00 0x1c 0x2e            NOPA;                                                       NOPS;                                                       NOPM;                                   NOPV
.return_address
        1296    0x07 0x16 0x16 0x98                                                              LDA r16, [p7, #4]
        1300    0x00 0x00                                                                        NOPX
        1302    0x00 0x00                                                                        NOPX
        1304    0x00 0x00                                                                        NOPX
        1306    0x00 0x00                                                                        NOPX
.no_stack_arguments
        1308    0x00 0x03 0x78 0x00 0x01 0x04                                                                                                                                              JL #1776
        1314    0x00 0x00                                                                        NOPX
        1316    0x84 0x7f 0xe8 0x30 0x01 0x24                                                                                                                                              ADD r17, r16, #-1;            ADD.NC r16, r16, #1
        1322    0x13 0x77 0x0a 0x98                                                                                                                                                        LT r27, r13, r16
        1326    0x14 0x21 0x12 0x18                                                                                                                                                        SEL.EQZ r16, r16, r17, r27
        1330    0x00 0x2c 0xf0 0x00 0x20 0x00 0xc5 0x05 0xff 0xeb 0xe2 0xc2 0x30 0x7e            NOPA;                         NOPB;                         ST r16, [p7, #4];             MOVX r0, #49;                 MOV r1, #-1
.return_address
        1344    0x07 0x16 0x36 0x98                                                              LDA r17, [p7, #4]
        1348    0x00 0x00                                                                        NOPX
        1350    0x00 0x00                                                                        NOPX
        1352    0x00 0x00                                                                        NOPX
.no_stack_arguments
        1354    0x00 0x03 0x98 0x00 0x01 0x04                                                                                                                                              JL #1840
        1360    0x00 0x00                                                                        NOPX
        1362    0x00 0x07 0xa8 0x2c 0x00 0x44                                                                                                                                              MOVXM r16, #501248
        1368    0x13 0x77 0x17 0x98                                                                                                                                                        EQ r27, r13, r17
        1372    0x64 0x20 0x42 0xc9 0x41 0xe4                                                                                                                                              SEL.EQZ r16, r12, r16, r27;   MOV p1, r9
        1378    0x00 0x2c 0xf1 0x20 0x16 0x00 0x00 0x53 0x66 0x07 0x00 0x00 0x1c 0x2e            NOPA;                                                       MOVS p0, r16;                                               MOV p2, p6;                             NOPV
.return_address
.no_stack_arguments
        1392    0x00 0x03 0x88 0x00 0x01 0x04                                                                                                                                              JL #1808
        1398    0x00 0x18 0x20 0xa0 0x05 0x64                                                                                                                                              MOVX r0, #48;                 MOV r1, #1
        1404    0x00 0x00                                                                        NOPX
        1406    0x00 0x00                                                                        NOPX
        1408    0x00 0x00                                                                        NOPX
        1410    0x00 0x2c 0xf0 0x02 0xb6 0x00 0x00 0x40 0x1a 0x57 0x00 0x00 0x1c 0x2e            NOPA;                                                       NOPS;                                                       NOPM;                                   NOPV
.return_address
        1424    0x07 0x16 0x16 0x98                                                              LDA r16, [p7, #4]
        1428    0x00 0x00                                                                        NOPX
        1430    0x00 0x00                                                                        NOPX
        1432    0x00 0x00                                                                        NOPX
        1434    0x00 0x00                                                                        NOPX
.no_stack_arguments
        1436    0x00 0x03 0x78 0x00 0x01 0x04                                                                                                                                              JL #1776
        1442    0x00 0x00                                                                        NOPX
        1444    0x84 0x7f 0xe8 0x30 0x01 0x24                                                                                                                                              ADD r17, r16, #-1;            ADD.NC r16, r16, #1
        1450    0x13 0x77 0x0a 0x98                                                                                                                                                        LT r27, r13, r16
        1454    0x14 0x21 0x12 0x18                                                                                                                                                        SEL.EQZ r16, r16, r17, r27
        1458    0x00 0x2c 0xf0 0x00 0x20 0x00 0xc5 0x05 0xff 0xeb 0xe2 0xc2 0x30 0x7e            NOPA;                         NOPB;                         ST r16, [p7, #4];             MOVX r0, #49;                 MOV r1, #-1
.return_address
        1472    0x07 0x16 0x16 0x98                                                              LDA r16, [p7, #4]
        1476    0x00 0x00                                                                        NOPX
        1478    0x00 0x00                                                                        NOPX
        1480    0x00 0x00                                                                        NOPX
.no_stack_arguments
        1482    0x00 0x03 0x98 0x00 0x01 0x04                                                                                                                                              JL #1840
        1488    0x00 0x00                                                                        NOPX
        1490    0x31 0x21 0x60 0x00 0x01 0xe9 0x2b 0x00 0x11 0x3a                                                                                            MOVS p1, r9;                  MOVXM r9, #501248
        1500    0x13 0x77 0x07 0x98                                                                                                                                                        EQ r27, r13, r16
        1504    0x13 0x20 0x92 0x18                                                                                                                                                        SEL.EQZ r16, r12, r9, r27
        1508    0x00 0x2c 0xf0 0x00 0x20 0x90 0x0b 0x01 0x36 0x60 0x70 0xf6                      NOPA;                         NOPB;                         MOVS p0, r16;                                               MOV p2, p6
.return_address
.no_stack_arguments
        1520    0x00 0x03 0x88 0x00 0x01 0x04                                                                                                                                              JL #1808
        1526    0x00 0x2a 0x00 0x00 0x10 0x28 0x08 0x30 0x58 0xba                                MOVA r10, #1;                                                                             MOVX r1, #1;                  MOV r0, #48
        1536    0x00 0x00                                                                        NOPX
        1538    0x00 0x00                                                                        NOPX
        1540    0x00 0x00                                                                        NOPX
        1542    0x00 0x2c 0xf0 0x00 0x10 0x00 0x01 0xa5 0x7e 0xba                                NOPA;                         NOPB;                                                                                     NOPM
.return_address
        1552    0x07 0x16 0x16 0x98                                                              LDA r16, [p7, #4]
        1556    0x00 0x00                                                                        NOPX
        1558    0x00 0x00                                                                        NOPX
        1560    0x00 0x00                                                                        NOPX
        1562    0x00 0x00                                                                        NOPX
.no_stack_arguments
        1564    0x00 0x03 0x88 0x00 0x01 0x04                                                                                                                                              JL #1808
        1570    0x00 0x00                                                                        NOPX
        1572    0x84 0x7f 0xe8 0x30 0x01 0x24                                                                                                                                              ADD r17, r16, #-1;            ADD.NC r16, r16, #1
        1578    0x12 0xb7 0x0a 0x98                                                                                                                                                        LT r27, r10, r16
        1582    0x14 0x21 0x12 0x18                                                                                                                                                        SEL.EQZ r16, r16, r17, r27
        1586    0x00 0x21 0x00 0x00 0x20 0x00 0xc9 0x35 0x00 0x2b 0xe2 0xc2 0x30 0x7e            MOVA r1, #1;                  NOPB;                         ST r16, [p7, #4];             MOVX r0, #50;                 MOV r13, #1
.return_address
        1600    0x07 0x06 0x16 0x98                                                              LDA r16, [p7]
        1604    0x00 0x00                                                                        NOPX
        1606    0x00 0x00                                                                        NOPX
        1608    0x00 0x00                                                                        NOPX
        1610    0x00 0x00                                                                        NOPX
.no_stack_arguments
        1612    0x00 0x03 0x88 0x00 0x01 0x04                                                                                                                                              JL #1808
        1618    0x00 0x00                                                                        NOPX
        1620    0x84 0x7f 0xe8 0x30 0x01 0x24                                                                                                                                              ADD r17, r16, #-1;            ADD.NC r16, r16, #1
        1626    0x13 0x77 0x0a 0x98                                                                                                                                                        LT r27, r13, r16
        1630    0x14 0x21 0x12 0x18                                                                                                                                                        SEL.EQZ r16, r16, r17, r27
        1634    0x00 0x21 0x00 0x00 0x20 0x00 0xd5 0x66 0xec 0x0f 0xff 0xc2 0x30 0x7e            MOVA r1, #1;                  NOPB;                         ST r16, [p7], #-4;            MOVX r0, #53;                 MOV p6, p7
.return_address
        1648    0xde 0xc2 0xd0 0x11 0x16 0x82 0x4f 0xfe 0x58 0xba                                LDA r16, [p6, #-4];                                                                       EQZ r17, r8;                  MOV r18, #-2
        1658    0x7c 0xa5 0x9c 0x20 0x01 0x64                                                                                                                                              LTU r18, r15, r18;            MOV r24, #0
        1664    0x14 0x63 0x24 0x98                                                                                                                                                        AND r17, r17, r18
        1668    0x14 0x63 0x85 0x98                                                                                                                                                        OR r17, r17, r24
        1672    0x88 0x00 0xa8 0x40 0x01 0x84                                                                                                                                              JNZ r17, #336
        1678    0x7f 0xff 0xf9 0xbf 0xfc 0x44                                                                                                                                              MOVXM r19, #2147483646
        1684    0x13 0xde 0x07 0x18                                                                                                                                                        ADD r15, r15, #1
        1688    0x9c 0xa1 0x9d 0x20 0x01 0x64                                                                                                                                              LTU r18, r19, r16;            MOV r26, #0
        1694    0xd2 0x10 0x58 0x32 0x82 0xa4                                                                                                                                              ADC r8, r26, r8;              ADD.NC r16, r18, r16
        1700    0x0f 0x1e 0x11 0x98                                                                                                                          ST r16, [p7], #4
.loop_nesting 0
        1704    0x07 0xd4 0x39 0x18                                                              LDA lr, [sp, #-44]
        1708    0x07 0xdd 0x11 0x18                                                              LDA r8, [sp, #-36]
        1712    0x07 0xe1 0x51 0x18                                                              LDA r10, [sp, #-32]
        1716    0x07 0xfd 0x71 0x18                                                              LDA r11, [sp, #-4]
        1720    0x07 0xf9 0x91 0x18                                                              LDA r12, [sp, #-8]
        1724    0x07 0xf5 0xb1 0x18                                                              LDA r13, [sp, #-12]
        1728    0x07 0xf1 0xd1 0x18                                                              LDA r14, [sp, #-16]
        1732    0x07 0xed 0xf1 0x18                                                              LDA r15, [sp, #-20]
        1736    0x07 0xe9 0x31 0x18                                                              LDA r9, [sp, #-24]
        1740    0x07 0xdb 0x19 0x18                                                              LDA p6, [sp, #-40]
        1744    0x07 0xe7 0x99 0x18                                                              LDA p7, [sp, #-28]
        1748    0x10 0x28 0x00 0x18                                                                                                                                                        RET lr
        1752    0x00 0x00                                                                        NOPX
        1754    0x00 0x00                                                                        NOPX
        1756    0x00 0x00                                                                        NOPX
        1758    0x00 0x00                                                                        NOPX
        1760    0xff 0xf8 0x00 0x00 0x01 0xc4                                                                                                                                              PADDXM [sp], #-64
.label core_0_2__end

.text_segment PM   1776
.label llvm___aie2p___acquire
.function_start
        1776    0x10 0x12 0x18 0x18                                                                                                                                                        ACQ r0, r1
        1780    0x10 0x28 0x00 0x18                                                                                                                                                        RET lr
        1784    0x00 0x00                                                                        NOPX
        1786    0x00 0x00                                                                        NOPX
        1788    0x00 0x00                                                                        NOPX
        1790    0x00 0x00                                                                        NOPX
        1792    0x00 0x00                                                                        NOPX
.label llvm___aie2p___acquire__end

.text_segment PM   1808
.label llvm___aie2p___release
.function_start
        1808    0x10 0x10 0x18 0x18                                                                                                                                                        REL r0, r1
        1812    0x10 0x28 0x00 0x18                                                                                                                                                        RET lr
        1816    0x00 0x00                                                                        NOPX
        1818    0x00 0x00                                                                        NOPX
        1820    0x00 0x00                                                                        NOPX
        1822    0x00 0x00                                                                        NOPX
        1824    0x00 0x00                                                                        NOPX
.label llvm___aie2p___release__end

.text_segment PM   1840
.label matmul_vectorized_bfp16
.function_start
        1840    0x00 0x71 0x00 0x00 0x70 0x28 0x0a 0x60 0x78 0xba                                MOVA r17, #3;                                                                             MOVX r7, #1;                  MOV r0, p2
        1850    0x00 0x85 0x40 0x00 0x50 0x4b 0x08 0x00 0x58 0xba                                MOVA lc, #4;                                                                              MOVX r5, #2;                  MOV r24, #0
        1860    0x00 0x04 0x00 0x00 0x01 0xe9 0xb7 0x86 0x10 0xba                                MOVA r4, #0;                                                                              MOVXM p3, #503564
        1870    0x60 0xee 0xd0 0x00 0x01 0xf0 0x2f 0xa0 0x10 0xba                                LDA r27, [p3];                                                                            MOVXM r1, #511808
        1880    0x00 0x1a 0x00 0x00 0x01 0xea 0x37 0x8a 0x10 0xba                                MOVA r26, #0;                                                                             MOVXM p4, #503572
        1890    0x80 0xd0 0x50 0x00 0x00 0x08 0x68 0x00 0x10 0xba                                LDA.s8 r20, [p4];                                                                         MOVXM r3, #8192
        1900    0x61 0x92 0x00 0x00 0x01 0xe8 0x4f 0xa0 0x10 0xba                                MOVA r18, #780;                                                                           MOVXM r2, #503616
        1910    0x09 0x10 0x00 0x00 0x00 0x00 0x7b 0xf0 0x10 0xba                                MOVA r16, #72;                                                                            MOVXM ls, #2016
        1920    0x08 0x13 0x00 0x00 0x00 0x01 0xbe 0xa8 0x10 0xba                                MOVA r19, #64;                                                                            MOVXM le, #3408
        1930    0x00 0x40 0x00 0x00 0x01 0xc4                                                                                                                                              PADDXM [sp], #512
        1936    0x00 0x42 0x49 0x37 0x39 0xe4                                                                                                                                              SEL.EQZ r1, r0, r1, r27;      MOV el9, r27
        1942    0xd8 0xc0 0xe0 0x23 0x02 0xa4                                                                                                                                              ADD r3, r27, #1;              ADD.NC r0, r3, r0
        1948    0x3e 0xf6 0xf3 0xe4 0x39 0xe4                                                                                                                                              EQ r27, r7, r27;              MOV r7, el9
        1954    0x08 0x00 0x40 0xe4 0x39 0xe4                                                                                                                                              SEL.EQZ r0, r1, r0, r27;      MOV r1, el9
        1960    0x00 0x11 0x00 0x0f 0xb8 0xbf 0xdd 0x10 0x78 0xba                                MOVA r17, #0;                                                                             EQ r27, r7, r17;              MOV crRnd, r20
        1970    0x19 0xf0 0x43 0x25 0x81 0xe4                                                                                                                                              SEL.EQZ r7, r3, r24, r27;     MOV r6, p1
        1976    0x00 0x07 0x03 0x04 0xf1 0x8b 0xb0 0xbc 0x68 0x60 0x78 0x76                      MOVA r7, #0;                                                ST r7, [p3];                  EQ r27, r5, r1;               MOV r3, p0
        1988    0x00 0x2c 0xf0 0x00 0x20 0x00 0x01 0x11 0xb0 0x90 0x78 0xb6                      NOPA;                         NOPB;                                                       SEL.EQZ r0, r0, r2, r27;      MOV p3, r2
        2000    0x00 0x2c 0xf0 0x00 0x24 0x80 0x0b 0x1f 0xff 0xfc 0xaf 0xf8 0x10 0x00 0x00 0xe1  NOPA;                         NOPB;                         MOVS p4, r0;                  MOVXM r5, #2147483632;                                                NOPV
.label ZLS_Fmatmul_vectorized_bfp16_176
.loop_nesting 1
.begin_of_loop
        2016    0xff 0xc8 0xf0 0x0b 0x58 0xa6 0xe9 0x90 0x78 0xba                                VLDA lfh1, [sp, #-64];                                                                    AND r21, r5, r17;             MOV r23, r6
        2026    0xff 0x58 0xf0 0x0f 0x69 0xa7 0x88 0xd0 0x78 0xba                                VLDA lfl1, [sp, #-128];                                                                   AND r22, r7, r19;             MOV r28, r3
        2036    0x00 0x18 0x00 0x2b 0xc8 0x33 0x28 0x00 0x58 0xba                                MOVA r24, #0;                                                                             MAC r28, r28, r21, r16;       MOV r25, #0
        2046    0x83 0x95 0x70 0x2d 0x78 0x30 0xe9 0xd0 0x08 0xba                                VLDA.CONV.fp32.bf16 cml1, [p4], #64;                                                      MAC r23, r23, r22, r16;       ADD.NC r7, r7, #64
        2056    0x83 0x9d 0x71 0x9c 0x0b 0x02 0x2c 0x42 0x02 0xba                                VLDA.CONV.fp32.bf16 cmh1, [p4], #64;                        MOVS p1, r28;                                               ADD.NC r17, r17, #8
        2066    0x83 0xa5 0x75 0x14 0x14 0x00 0x35 0xd0 0x7e 0xba                                VLDA.CONV.fp32.bf16 cml2, [p4], #64;VLDB.FILL.512 [p1, lf1, r25];                                                       MOV p0, r23
        2076    0x02 0x81 0x76 0x00 0x28 0x3c                                                    VLDA.FILL.512 [p0, lf0, r24]; VLDB.POP.576 ex0, [p1, lf1, r25]
        2082    0x80 0x11 0x76 0x00 0xa8 0x3c                                                    VLDA.POP.576 ex2, [p0, lf0, r24];VLDB.POP.576 ex1, [p1, lf1, r25]
        2088    0x80 0x19 0x76 0x02 0x28 0x3c                                                    VLDA.POP.576 ex3, [p0, lf0, r24];VLDB.POP.576 ex4, [p1, lf1, r25]
        2094    0x80 0x29 0x76 0x03 0x28 0x3c                                                    VLDA.POP.576 ex5, [p0, lf0, r24];VLDB.POP.576 ex6, [p1, lf1, r25]
        2100    0x80 0x39 0x76 0x00 0x28 0x3c                                                    VLDA.POP.576 ex7, [p0, lf0, r24];VLDB.POP.576 ex0, [p1, lf1, r25]
        2106    0x83 0xad 0x74 0x01 0x28 0x3c                                                    VLDA.CONV.fp32.bf16 cmh2, [p4], #64;VLDB.POP.576 ex2, [p0, lf0, r24]
        2112    0x83 0xb5 0x76 0x00 0xa8 0x3c                                                    VLDA.CONV.fp32.bf16 cml3, [p4], #64;VLDB.POP.576 ex1, [p1, lf1, r25]
        2118    0x83 0xbd 0x74 0x01 0xa8 0x3c                                                    VLDA.CONV.fp32.bf16 cmh3, [p4], #64;VLDB.POP.576 ex3, [p0, lf0, r24]
        2124    0x83 0xc5 0x76 0x02 0x28 0x3c                                                    VLDA.CONV.fp32.bf16 cml4, [p4], #64;VLDB.POP.576 ex4, [p1, lf1, r25]
        2130    0x93 0xcd 0x72 0x01 0x54 0x1d 0x91 0x20 0x49 0x4a                                VLDA.CONV.fp32.bf16 cmh4, [p4], #-448;VLDB.POP.576 ex5, [p0, lf0, r24];                                                                                         VMAC.f dm1, dm1, ex0, ex2, r18
        2140    0xa0 0x31 0x72 0x01 0xd4 0x1d 0x92 0x40 0x69 0x4a                                VLDA.POP.576 ex6, [p1, lf1, r25];VLDB.POP.576 ex7, [p0, lf0, r24];                                                                                              VMAC.f dm2, dm2, ex0, ex3, r18
        2150    0x22 0x81 0x74 0x14 0x14 0x1d 0x93 0x62 0x49 0x4a                                VLDA.FILL.512 [p1, lf1, r25]; VLDB.FILL.512 [p0, lf0, r24];                                                                                                     VMAC.f dm3, dm3, ex1, ex2, r18
        2160    0xa0 0x01 0x72 0x00 0x94 0x1d 0x91 0x28 0xa9 0x4a                                VLDA.POP.576 ex0, [p1, lf1, r25];VLDB.POP.576 ex2, [p0, lf0, r24];                                                                                              VMAC.f dm1, dm1, ex4, ex5, r18
        2170    0xa0 0x09 0x72 0x00 0xd4 0x1d 0x94 0x82 0x69 0x4a                                VLDA.POP.576 ex1, [p1, lf1, r25];VLDB.POP.576 ex3, [p0, lf0, r24];                                                                                              VMAC.f dm4, dm4, ex1, ex3, r18
        2180    0x92 0x48 0xe9 0x48                                                                                                                                                                                                                              VMAC.f dm2, dm2, ex4, ex7, r18
        2184    0x03 0x01 0x14 0x00 0x93 0x6c 0xa9 0x62                                                                        VLDB.POP.576 ex4, [p1, lf1, r25];                                                                                                 VMAC.f dm3, dm3, ex6, ex5, r18
        2192    0x02 0x01 0x54 0x00 0x94 0x8c 0xe9 0x62                                                                        VLDB.POP.576 ex5, [p0, lf0, r24];                                                                                                 VMAC.f dm4, dm4, ex6, ex7, r18
        2200    0xa0 0x31 0x72 0x01 0xd4 0x1d 0x91 0x20 0x49 0x4a                                VLDA.POP.576 ex6, [p1, lf1, r25];VLDB.POP.576 ex7, [p0, lf0, r24];                                                                                              VMAC.f dm1, dm1, ex0, ex2, r18
        2210    0x92 0x40 0x69 0x48                                                                                                                                                                                                                              VMAC.f dm2, dm2, ex0, ex3, r18
        2214    0x03 0x00 0x14 0x00 0x93 0x62 0x49 0x62                                                                        VLDB.POP.576 ex0, [p1, lf1, r25];                                                                                                 VMAC.f dm3, dm3, ex1, ex2, r18
        2222    0x02 0x00 0x94 0x00 0x94 0x82 0x69 0x62                                                                        VLDB.POP.576 ex2, [p0, lf0, r24];                                                                                                 VMAC.f dm4, dm4, ex1, ex3, r18
        2230    0xa0 0x09 0x72 0x00 0xd4 0x1d 0x91 0x28 0xa9 0x4a                                VLDA.POP.576 ex1, [p1, lf1, r25];VLDB.POP.576 ex3, [p0, lf0, r24];                                                                                              VMAC.f dm1, dm1, ex4, ex5, r18
        2240    0x92 0x48 0xe9 0x48                                                                                                                                                                                                                              VMAC.f dm2, dm2, ex4, ex7, r18
        2244    0x03 0x01 0x14 0x00 0x93 0x6c 0xa9 0x62                                                                        VLDB.POP.576 ex4, [p1, lf1, r25];                                                                                                 VMAC.f dm3, dm3, ex6, ex5, r18
        2252    0x02 0x01 0x54 0x00 0x94 0x8c 0xe9 0x62                                                                        VLDB.POP.576 ex5, [p0, lf0, r24];                                                                                                 VMAC.f dm4, dm4, ex6, ex7, r18
        2260    0x80 0x39 0x73 0x01 0x94 0x1d 0x91 0x20 0x49 0x4a                                VLDA.POP.576 ex7, [p0, lf0, r24];VLDB.POP.576 ex6, [p1, lf1, r25];                                                                                              VMAC.f dm1, dm1, ex0, ex2, r18
        2270    0xfe 0xc8 0xf8 0x28 0x28 0x32 0x01 0x16 0xe2 0x0f 0x92 0x40 0x69 0x4e            VLDA lfh1, [sp, #-192];       VLDB.FILL.512 [p0, lf0, r24];                               MOVX r25, #0;                 MOV p1, r28;                            VMAC.f dm2, dm2, ex0, ex3, r18
        2284    0xfe 0x58 0xf4 0x05 0x28 0xc2 0xc0 0xe2 0x93 0x62 0x49 0x66                      VLDA lfl1, [sp, #-256];       VLDB.POP.576 ex10, [p0, lf0, r24];                                                        MOV dc0, p1;                            VMAC.f dm3, dm3, ex1, ex2, r18
        2296    0x22 0x81 0x72 0x02 0xd4 0x1d 0x94 0x82 0x69 0x4a                                VLDA.FILL.512 [p1, lf1, r25]; VLDB.POP.576 ex11, [p0, lf0, r24];                                                                                                VMAC.f dm4, dm4, ex1, ex3, r18
        2306    0x03 0x02 0x14 0x00 0x91 0x28 0xa9 0x62                                                                        VLDB.POP.576 ex8, [p1, lf1, r25];                                                                                                 VMAC.f dm1, dm1, ex4, ex5, r18
        2314    0x03 0x02 0x54 0x00 0x92 0x48 0xe9 0x62                                                                        VLDB.POP.576 ex9, [p1, lf1, r25];                                                                                                 VMAC.f dm2, dm2, ex4, ex7, r18
        2322    0x03 0x01 0x14 0x00 0x93 0x6c 0xa9 0x62                                                                        VLDB.POP.576 ex4, [p1, lf1, r25];                                                                                                 VMAC.f dm3, dm3, ex6, ex5, r18
        2330    0xff 0xcd 0x62 0x01 0x54 0x01 0x94 0x8c 0xe9 0x4a                                                              VLDB.POP.576 ex5, [p0, lf0, r24];VST lfh1, [sp, #-64];                                                                            VMAC.f dm4, dm4, ex6, ex7, r18
        2340    0xa0 0x31 0x74 0x03 0xab 0xfd 0x75 0x8e 0x91 0x20 0x49 0x66                      VLDA.POP.576 ex6, [p1, lf1, r25];VLDB.POP.576 ex7, [p0, lf0, r24];VST lfl1, [sp, #-128];                                                                        VMAC.f dm1, dm1, ex0, ex2, r18
        2352    0x92 0x40 0x69 0x48                                                                                                                                                                                                                              VMAC.f dm2, dm2, ex0, ex3, r18
        2356    0x93 0x62 0x49 0x48                                                                                                                                                                                                                              VMAC.f dm3, dm3, ex1, ex2, r18
        2360    0x94 0x82 0x69 0x48                                                                                                                                                                                                                              VMAC.f dm4, dm4, ex1, ex3, r18
        2364    0x91 0x28 0xa9 0x48                                                                                                                                                                                                                              VMAC.f dm1, dm1, ex4, ex5, r18
        2368    0x92 0x48 0xe9 0x48                                                                                                                                                                                                                              VMAC.f dm2, dm2, ex4, ex7, r18
        2372    0x93 0x6c 0xa9 0x48                                                                                                                                                                                                                              VMAC.f dm3, dm3, ex6, ex5, r18
        2376    0x94 0x8c 0xe9 0x48                                                                                                                                                                                                                              VMAC.f dm4, dm4, ex6, ex7, r18
        2380    0x00 0x00                                                                        NOPX
        2382    0x00 0x00                                                                        NOPX
        2384    0x0c 0x1c 0xa3 0x18                                                                                                                          VST.CONV.bf16.fp32 cml1, [p4], #64
        2388    0x0c 0x7c 0xe3 0x18                                                                                                                          VST.CONV.bf16.fp32 cmh1, [p4], #448
        2392    0x04 0x1c 0xab 0x98                                                              VLDA.CONV.fp32.bf16 cml1, [p4], #64
        2396    0x04 0x9c 0xeb 0x98                                                              VLDA.CONV.fp32.bf16 cmh1, [p4], #-448
        2400    0x60 0x42 0x88 0x3a 0x46 0x4c                                                                                  VLDB.POP.576 ex8, [p1, lf1, r25];VST.CONV.bf16.fp32 cml2, [p4], #64
        2406    0x0c 0x7d 0x63 0x18                                                                                                                          VST.CONV.bf16.fp32 cmh2, [p4], #448
        2410    0x04 0x1d 0x2b 0x98                                                              VLDA.CONV.fp32.bf16 cml2, [p4], #64
        2414    0x93 0xad 0x70 0x04 0x91 0x31 0x49 0x62                                          VLDA.CONV.fp32.bf16 cmh2, [p4], #-448;                                                                                                                          VMAC.f dm1, dm1, ex8, ex10, r18
        2422    0x40 0x52 0x88 0x3b 0x46 0x4c                                                                                  VLDB.POP.576 ex10, [p0, lf0, r24];VST.CONV.bf16.fp32 cml3, [p4], #64
        2428    0x0c 0x7d 0xe3 0x18                                                                                                                          VST.CONV.bf16.fp32 cmh3, [p4], #448
        2432    0x83 0xb5 0x70 0x04 0x91 0x28 0xa9 0x62                                          VLDA.CONV.fp32.bf16 cml3, [p4], #64;                                                                                                                            VMAC.f dm1, dm1, ex4, ex5, r18
        2440    0x93 0xbd 0x70 0x04 0x92 0x51 0x69 0x62                                          VLDA.CONV.fp32.bf16 cmh3, [p4], #-448;                                                                                                                          VMAC.f dm2, dm2, ex8, ex11, r18
        2448    0xa0 0x49 0x74 0x05 0xac 0x1e 0x23 0x32                                          VLDA.POP.576 ex9, [p1, lf1, r25];VLDB.POP.576 ex11, [p0, lf0, r24];VST.CONV.bf16.fp32 cml4, [p4], #64
        2456    0xa0 0x21 0x74 0x02 0xac 0x7e 0x63 0x32                                          VLDA.POP.576 ex4, [p1, lf1, r25];VLDB.POP.576 ex5, [p0, lf0, r24];VST.CONV.bf16.fp32 cmh4, [p4], #448
        2464    0x83 0xc5 0x70 0x04 0x92 0x48 0xe9 0x62                                          VLDA.CONV.fp32.bf16 cml4, [p4], #64;                                                                                                                            VMAC.f dm2, dm2, ex4, ex7, r18
        2472    0x93 0xcd 0x73 0x01 0x94 0x1d 0x93 0x73 0x49 0x4a                                VLDA.CONV.fp32.bf16 cmh4, [p4], #-448;VLDB.POP.576 ex6, [p1, lf1, r25];                                                                                         VMAC.f dm3, dm3, ex9, ex10, r18
        2482    0x80 0x39 0x75 0x14 0x14 0x1d 0x91 0x31 0x49 0x4a                                VLDA.POP.576 ex7, [p0, lf0, r24];VLDB.FILL.512 [p1, lf1, r25];                                                                                                  VMAC.f dm1, dm1, ex8, ex10, r18
        2492    0x02 0x81 0x76 0x04 0x28 0x3c                                                    VLDA.FILL.512 [p0, lf0, r24]; VLDB.POP.576 ex8, [p1, lf1, r25]
        2498    0x80 0x51 0x73 0x02 0x54 0x1d 0x93 0x6c 0xa9 0x4a                                VLDA.POP.576 ex10, [p0, lf0, r24];VLDB.POP.576 ex9, [p1, lf1, r25];                                                                                             VMAC.f dm3, dm3, ex6, ex5, r18
        2508    0x80 0x59 0x73 0x01 0x14 0x1d 0x94 0x93 0x69 0x4a                                VLDA.POP.576 ex11, [p0, lf0, r24];VLDB.POP.576 ex4, [p1, lf1, r25];                                                                                             VMAC.f dm4, dm4, ex9, ex11, r18
        2518    0x02 0x01 0x54 0x00 0x92 0x51 0x69 0x62                                                                        VLDB.POP.576 ex5, [p0, lf0, r24];                                                                                                 VMAC.f dm2, dm2, ex8, ex11, r18
        2526    0xa0 0x31 0x72 0x01 0xd4 0x1d 0x93 0x73 0x49 0x4a                                VLDA.POP.576 ex6, [p1, lf1, r25];VLDB.POP.576 ex7, [p0, lf0, r24];                                                                                              VMAC.f dm3, dm3, ex9, ex10, r18
        2536    0x03 0x02 0x14 0x00 0x94 0x8c 0xe9 0x62                                                                        VLDB.POP.576 ex8, [p1, lf1, r25];                                                                                                 VMAC.f dm4, dm4, ex6, ex7, r18
        2544    0x02 0x02 0x94 0x00 0x91 0x28 0xa9 0x62                                                                        VLDB.POP.576 ex10, [p0, lf0, r24];                                                                                                VMAC.f dm1, dm1, ex4, ex5, r18
        2552    0xa0 0x49 0x72 0x02 0xd4 0x1d 0x92 0x48 0xe9 0x4a                                VLDA.POP.576 ex9, [p1, lf1, r25];VLDB.POP.576 ex11, [p0, lf0, r24];                                                                                             VMAC.f dm2, dm2, ex4, ex7, r18
        2562    0x94 0x93 0x69 0x48                                                                                                                                                                                                                              VMAC.f dm4, dm4, ex9, ex11, r18
        2566    0x03 0x01 0x14 0x00 0x93 0x6c 0xa9 0x62                                                                        VLDB.POP.576 ex4, [p1, lf1, r25];                                                                                                 VMAC.f dm3, dm3, ex6, ex5, r18
        2574    0x02 0x01 0x54 0x00 0x91 0x31 0x49 0x62                                                                        VLDB.POP.576 ex5, [p0, lf0, r24];                                                                                                 VMAC.f dm1, dm1, ex8, ex10, r18
        2582    0x80 0x39 0x73 0x01 0x94 0x1d 0x94 0x8c 0xe9 0x4a                                VLDA.POP.576 ex7, [p0, lf0, r24];VLDB.POP.576 ex6, [p1, lf1, r25];                                                                                              VMAC.f dm4, dm4, ex6, ex7, r18
        2592    0xfd 0x48 0xf8 0x28 0x28 0x32 0x01 0x16 0x18 0x0f 0x92 0x51 0x69 0x4e            VLDA lfh1, [sp, #-384];       VLDB.FILL.512 [p0, lf0, r24];                               MOVX r25, #0;                 MOV p1, dc0;                            VMAC.f dm2, dm2, ex8, ex11, r18
        2606    0xfd 0xd8 0xf4 0x01 0x28 0x42 0xc0 0xe2 0x93 0x73 0x49 0x66                      VLDA lfl1, [sp, #-320];       VLDB.POP.576 ex2, [p0, lf0, r24];                                                         MOV dn0, p1;                            VMAC.f dm3, dm3, ex9, ex10, r18
        2618    0x22 0x81 0x72 0x00 0xd4 0x1d 0x94 0x93 0x69 0x4a                                VLDA.FILL.512 [p1, lf1, r25]; VLDB.POP.576 ex3, [p0, lf0, r24];                                                                                                 VMAC.f dm4, dm4, ex9, ex11, r18
        2628    0x03 0x00 0x14 0x00 0x91 0x28 0xa9 0x62                                                                        VLDB.POP.576 ex0, [p1, lf1, r25];                                                                                                 VMAC.f dm1, dm1, ex4, ex5, r18
        2636    0x03 0x00 0x54 0x00 0x92 0x48 0xe9 0x62                                                                        VLDB.POP.576 ex1, [p1, lf1, r25];                                                                                                 VMAC.f dm2, dm2, ex4, ex7, r18
        2644    0x03 0x01 0x14 0x00 0x93 0x6c 0xa9 0x62                                                                        VLDB.POP.576 ex4, [p1, lf1, r25];                                                                                                 VMAC.f dm3, dm3, ex6, ex5, r18
        2652    0xfe 0xcd 0x62 0x01 0x54 0x01 0x94 0x8c 0xe9 0x4a                                                              VLDB.POP.576 ex5, [p0, lf0, r24];VST lfh1, [sp, #-192];                                                                           VMAC.f dm4, dm4, ex6, ex7, r18
        2662    0x80 0x39 0x76 0x03 0x2b 0xf9 0x75 0x8e 0x91 0x31 0x49 0x66                      VLDA.POP.576 ex7, [p0, lf0, r24];VLDB.POP.576 ex6, [p1, lf1, r25];VST lfl1, [sp, #-256];                                                                        VMAC.f dm1, dm1, ex8, ex10, r18
        2674    0x92 0x51 0x69 0x48                                                                                                                                                                                                                              VMAC.f dm2, dm2, ex8, ex11, r18
        2678    0x93 0x73 0x49 0x48                                                                                                                                                                                                                              VMAC.f dm3, dm3, ex9, ex10, r18
        2682    0x94 0x93 0x69 0x48                                                                                                                                                                                                                              VMAC.f dm4, dm4, ex9, ex11, r18
        2686    0x91 0x28 0xa9 0x48                                                                                                                                                                                                                              VMAC.f dm1, dm1, ex4, ex5, r18
        2690    0x92 0x48 0xe9 0x48                                                                                                                                                                                                                              VMAC.f dm2, dm2, ex4, ex7, r18
        2694    0x93 0x6c 0xa9 0x48                                                                                                                                                                                                                              VMAC.f dm3, dm3, ex6, ex5, r18
        2698    0x94 0x8c 0xe9 0x48                                                                                                                                                                                                                              VMAC.f dm4, dm4, ex6, ex7, r18
        2702    0x00 0x00                                                                        NOPX
        2704    0x00 0x00                                                                        NOPX
        2706    0x0c 0x1c 0xa3 0x18                                                                                                                          VST.CONV.bf16.fp32 cml1, [p4], #64
        2710    0x0c 0x7c 0xe3 0x18                                                                                                                          VST.CONV.bf16.fp32 cmh1, [p4], #448
        2714    0x04 0x1c 0xab 0x98                                                              VLDA.CONV.fp32.bf16 cml1, [p4], #64
        2718    0x04 0x9c 0xeb 0x98                                                              VLDA.CONV.fp32.bf16 cmh1, [p4], #-448
        2722    0x60 0x02 0x88 0x3a 0x46 0x4c                                                                                  VLDB.POP.576 ex0, [p1, lf1, r25];VST.CONV.bf16.fp32 cml2, [p4], #64
        2728    0x0c 0x7d 0x63 0x18                                                                                                                          VST.CONV.bf16.fp32 cmh2, [p4], #448
        2732    0x04 0x1d 0x2b 0x98                                                              VLDA.CONV.fp32.bf16 cml2, [p4], #64
        2736    0x93 0xad 0x70 0x04 0x91 0x20 0x49 0x62                                          VLDA.CONV.fp32.bf16 cmh2, [p4], #-448;                                                                                                                          VMAC.f dm1, dm1, ex0, ex2, r18
        2744    0x40 0x12 0x88 0x3b 0x46 0x4c                                                                                  VLDB.POP.576 ex2, [p0, lf0, r24];VST.CONV.bf16.fp32 cml3, [p4], #64
        2750    0x0c 0x7d 0xe3 0x18                                                                                                                          VST.CONV.bf16.fp32 cmh3, [p4], #448
        2754    0x83 0xb5 0x70 0x04 0x91 0x28 0xa9 0x62                                          VLDA.CONV.fp32.bf16 cml3, [p4], #64;                                                                                                                            VMAC.f dm1, dm1, ex4, ex5, r18
        2762    0x93 0xbd 0x70 0x04 0x92 0x40 0x69 0x62                                          VLDA.CONV.fp32.bf16 cmh3, [p4], #-448;                                                                                                                          VMAC.f dm2, dm2, ex0, ex3, r18
        2770    0x80 0x19 0x76 0x00 0xac 0x1e 0x23 0x32                                          VLDA.POP.576 ex3, [p0, lf0, r24];VLDB.POP.576 ex1, [p1, lf1, r25];VST.CONV.bf16.fp32 cml4, [p4], #64
        2778    0xa0 0x21 0x74 0x02 0xac 0x7e 0x63 0x32                                          VLDA.POP.576 ex4, [p1, lf1, r25];VLDB.POP.576 ex5, [p0, lf0, r24];VST.CONV.bf16.fp32 cmh4, [p4], #448
        2786    0x83 0xc5 0x70 0x04 0x92 0x48 0xe9 0x62                                          VLDA.CONV.fp32.bf16 cml4, [p4], #64;                                                                                                                            VMAC.f dm2, dm2, ex4, ex7, r18
        2794    0x93 0xcd 0x73 0x01 0x94 0x1d 0x93 0x62 0x49 0x4a                                VLDA.CONV.fp32.bf16 cmh4, [p4], #-448;VLDB.POP.576 ex6, [p1, lf1, r25];                                                                                         VMAC.f dm3, dm3, ex1, ex2, r18
        2804    0x80 0x39 0x75 0x14 0x14 0x1d 0x91 0x20 0x49 0x4a                                VLDA.POP.576 ex7, [p0, lf0, r24];VLDB.FILL.512 [p1, lf1, r25];                                                                                                  VMAC.f dm1, dm1, ex0, ex2, r18
        2814    0x02 0x81 0x76 0x00 0x28 0x3c                                                    VLDA.FILL.512 [p0, lf0, r24]; VLDB.POP.576 ex0, [p1, lf1, r25]
        2820    0x80 0x11 0x73 0x00 0x54 0x1d 0x93 0x6c 0xa9 0x4a                                VLDA.POP.576 ex2, [p0, lf0, r24];VLDB.POP.576 ex1, [p1, lf1, r25];                                                                                              VMAC.f dm3, dm3, ex6, ex5, r18
        2830    0x80 0x19 0x73 0x01 0x14 0x1d 0x94 0x82 0x69 0x4a                                VLDA.POP.576 ex3, [p0, lf0, r24];VLDB.POP.576 ex4, [p1, lf1, r25];                                                                                              VMAC.f dm4, dm4, ex1, ex3, r18
        2840    0x02 0x01 0x54 0x00 0x92 0x40 0x69 0x62                                                                        VLDB.POP.576 ex5, [p0, lf0, r24];                                                                                                 VMAC.f dm2, dm2, ex0, ex3, r18
        2848    0xa0 0x31 0x72 0x01 0xd4 0x1d 0x93 0x62 0x49 0x4a                                VLDA.POP.576 ex6, [p1, lf1, r25];VLDB.POP.576 ex7, [p0, lf0, r24];                                                                                              VMAC.f dm3, dm3, ex1, ex2, r18
        2858    0x03 0x00 0x14 0x00 0x94 0x8c 0xe9 0x62                                                                        VLDB.POP.576 ex0, [p1, lf1, r25];                                                                                                 VMAC.f dm4, dm4, ex6, ex7, r18
        2866    0x02 0x00 0x94 0x00 0x91 0x28 0xa9 0x62                                                                        VLDB.POP.576 ex2, [p0, lf0, r24];                                                                                                 VMAC.f dm1, dm1, ex4, ex5, r18
        2874    0xa0 0x09 0x72 0x00 0xd4 0x1d 0x92 0x48 0xe9 0x4a                                VLDA.POP.576 ex1, [p1, lf1, r25];VLDB.POP.576 ex3, [p0, lf0, r24];                                                                                              VMAC.f dm2, dm2, ex4, ex7, r18
        2884    0xfc 0x48 0xf0 0x00 0x21 0x04 0x8b 0x01 0x90 0x0b 0xae 0x50 0x7c 0xa4 0x13 0x4b  VLDA lfh1, [sp, #-512];       NOPB;                         MOVS dc1, p1;                 MOVX r25, #0;                 MOV r29, r25;                           VMAC.f dm4, dm4, ex1, ex3, r18
        2900    0xfc 0xd8 0xf1 0x60 0x80 0xe2 0x93 0x6c 0xa9 0x4a                                VLDA lfl1, [sp, #-448];                                                                                                 MOV p1, dn0;                            VMAC.f dm3, dm3, ex6, ex5, r18
        2910    0x22 0x81 0x72 0x01 0x54 0x1d 0x91 0x20 0x49 0x4a                                VLDA.FILL.512 [p1, lf1, r25]; VLDB.POP.576 ex5, [p0, lf0, r24];                                                                                                 VMAC.f dm1, dm1, ex0, ex2, r18
        2920    0x02 0x01 0xd4 0x00 0x94 0x8c 0xe9 0x62                                                                        VLDB.POP.576 ex7, [p0, lf0, r24];                                                                                                 VMAC.f dm4, dm4, ex6, ex7, r18
        2928    0x04 0x14 0x14 0x00 0x92 0x40 0x69 0x62                                                                        VLDB.FILL.512 [p0, lf0, r24];                                                                                                     VMAC.f dm2, dm2, ex0, ex3, r18
        2936    0x03 0x00 0x14 0x00 0x93 0x62 0x49 0x62                                                                        VLDB.POP.576 ex0, [p1, lf1, r25];                                                                                                 VMAC.f dm3, dm3, ex1, ex2, r18
        2944    0xfd 0x4d 0x62 0x00 0x94 0x01 0x94 0x82 0x69 0x4a                                                              VLDB.POP.576 ex2, [p0, lf0, r24];VST lfh1, [sp, #-384];                                                                           VMAC.f dm4, dm4, ex1, ex3, r18
        2954    0xa0 0x09 0x74 0x01 0xab 0xf7 0x75 0x8e 0x91 0x28 0xa9 0x66                      VLDA.POP.576 ex1, [p1, lf1, r25];VLDB.POP.576 ex3, [p0, lf0, r24];VST lfl1, [sp, #-320];                                                                        VMAC.f dm1, dm1, ex4, ex5, r18
        2966    0x03 0x02 0x54 0x00 0x92 0x48 0xe9 0x62                                                                        VLDB.POP.576 ex9, [p1, lf1, r25];                                                                                                 VMAC.f dm2, dm2, ex4, ex7, r18
        2974    0x03 0x02 0xd4 0x00 0x93 0x6c 0xa9 0x62                                                                        VLDB.POP.576 ex11, [p1, lf1, r25];                                                                                                VMAC.f dm3, dm3, ex6, ex5, r18
        2982    0xfd 0x48 0xf2 0x89 0x16 0x00 0x00 0x7c 0xe5 0x07 0x94 0x8c 0xe9 0x6e            VLDA lfh1, [sp, #-384];                                     MOVS dn1, p1;                                               MOV r30, r25;                           VMAC.f dm4, dm4, ex6, ex7, r18
        2996    0xfd 0xd8 0xf3 0x08 0x96 0x00 0x00 0x72 0xf5 0x07 0x91 0x20 0x49 0x6e            VLDA lfl1, [sp, #-320];                                     MOVS p1, dc1;                                               MOV r25, r29;                           VMAC.f dm1, dm1, ex0, ex2, r18
        3010    0x03 0x01 0x14 0x00 0x92 0x40 0x69 0x62                                                                        VLDB.POP.576 ex4, [p1, lf1, r25];                                                                                                 VMAC.f dm2, dm2, ex0, ex3, r18
        3018    0x03 0x01 0x94 0x00 0x93 0x62 0x49 0x62                                                                        VLDB.POP.576 ex6, [p1, lf1, r25];                                                                                                 VMAC.f dm3, dm3, ex1, ex2, r18
        3026    0x30 0xc9 0x66 0x5f 0x20 0xe4 0x94 0x82 0x69 0x4a                                                                                            MOVS p1, dn1;                                               MOV r25, r30;                           VMAC.f dm4, dm4, ex1, ex3, r18
        3036    0x3a 0x01 0x54 0x18                                                                                            VLDB.POP.576 ex5, [p0, lf0, r24]
        3040    0x40 0x3a 0x8f 0xc4 0xd6 0x4c                                                                                  VLDB.POP.576 ex7, [p0, lf0, r24];VST lfh1, [sp, #-512]
        3046    0x0f 0xe6 0xeb 0x18                                                                                                                          VST lfl1, [sp, #-448]
        3050    0x07 0xe2 0x47 0x98                                                              VLDA lfh1, [sp, #-512]
        3054    0x07 0xe6 0xc7 0x98                                                              VLDA lfl1, [sp, #-448]
        3058    0xfd 0x4d 0x62 0x12 0x5c 0xe4 0x91 0x28 0xa9 0x4a                                                                                            VST lfh1, [sp, #-384];                                      VMOV ex4, ex9;                          VMAC.f dm1, dm1, ex4, ex5, r18
        3068    0xfd 0xdd 0x60 0x02 0x92 0x48 0xe9 0x62                                                                                                      VST lfl1, [sp, #-320];                                                                              VMAC.f dm2, dm2, ex4, ex7, r18
        3076    0x03 0x16 0x5c 0xe6 0x93 0x6c 0xa9 0x62                                                                                                                                                                  VMOV ex6, ex11;                         VMAC.f dm3, dm3, ex6, ex5, r18
        3084    0x94 0x8c 0xe9 0x48                                                                                                                                                                                                                              VMAC.f dm4, dm4, ex6, ex7, r18
        3088    0x00 0x00                                                                        NOPX
        3090    0x00 0x00                                                                        NOPX
        3092    0x0c 0x1c 0xa3 0x18                                                                                                                          VST.CONV.bf16.fp32 cml1, [p4], #64
        3096    0x0c 0x7c 0xe3 0x18                                                                                                                          VST.CONV.bf16.fp32 cmh1, [p4], #448
        3100    0x04 0x1c 0xab 0x98                                                              VLDA.CONV.fp32.bf16 cml1, [p4], #64
        3104    0x04 0x9c 0xeb 0x98                                                              VLDA.CONV.fp32.bf16 cmh1, [p4], #-448
        3108    0x60 0x02 0x88 0x3a 0x46 0x4c                                                                                  VLDB.POP.576 ex0, [p1, lf1, r25];VST.CONV.bf16.fp32 cml2, [p4], #64
        3114    0x0c 0x7d 0x63 0x18                                                                                                                          VST.CONV.bf16.fp32 cmh2, [p4], #448
        3118    0x04 0x1d 0x2b 0x98                                                              VLDA.CONV.fp32.bf16 cml2, [p4], #64
        3122    0x93 0xad 0x70 0x04 0x91 0x20 0x49 0x62                                          VLDA.CONV.fp32.bf16 cmh2, [p4], #-448;                                                                                                                          VMAC.f dm1, dm1, ex0, ex2, r18
        3130    0x40 0x12 0x88 0x3b 0x46 0x4c                                                                                  VLDB.POP.576 ex2, [p0, lf0, r24];VST.CONV.bf16.fp32 cml3, [p4], #64
        3136    0x0c 0x7d 0xe3 0x18                                                                                                                          VST.CONV.bf16.fp32 cmh3, [p4], #448
        3140    0x83 0xb5 0x70 0x04 0x91 0x28 0xa9 0x62                                          VLDA.CONV.fp32.bf16 cml3, [p4], #64;                                                                                                                            VMAC.f dm1, dm1, ex4, ex5, r18
        3148    0x93 0xbd 0x70 0x04 0x92 0x40 0x69 0x62                                          VLDA.CONV.fp32.bf16 cmh3, [p4], #-448;                                                                                                                          VMAC.f dm2, dm2, ex0, ex3, r18
        3156    0xa0 0x09 0x74 0x01 0xac 0x1e 0x23 0x32                                          VLDA.POP.576 ex1, [p1, lf1, r25];VLDB.POP.576 ex3, [p0, lf0, r24];VST.CONV.bf16.fp32 cml4, [p4], #64
        3164    0xa0 0x21 0x74 0x02 0xac 0x7e 0x63 0x32                                          VLDA.POP.576 ex4, [p1, lf1, r25];VLDB.POP.576 ex5, [p0, lf0, r24];VST.CONV.bf16.fp32 cmh4, [p4], #448
        3172    0x83 0xc5 0x70 0x04 0x92 0x48 0xe9 0x62                                          VLDA.CONV.fp32.bf16 cml4, [p4], #64;                                                                                                                            VMAC.f dm2, dm2, ex4, ex7, r18
        3180    0x93 0xcd 0x73 0x01 0x94 0x1d 0x93 0x62 0x49 0x4a                                VLDA.CONV.fp32.bf16 cmh4, [p4], #-448;VLDB.POP.576 ex6, [p1, lf1, r25];                                                                                         VMAC.f dm3, dm3, ex1, ex2, r18
        3190    0x80 0x39 0x75 0x14 0x14 0x1d 0x91 0x20 0x49 0x4a                                VLDA.POP.576 ex7, [p0, lf0, r24];VLDB.FILL.512 [p1, lf1, r25];                                                                                                  VMAC.f dm1, dm1, ex0, ex2, r18
        3200    0x02 0x81 0x76 0x00 0x28 0x3c                                                    VLDA.FILL.512 [p0, lf0, r24]; VLDB.POP.576 ex0, [p1, lf1, r25]
        3206    0x80 0x11 0x73 0x00 0x54 0x1d 0x93 0x6c 0xa9 0x4a                                VLDA.POP.576 ex2, [p0, lf0, r24];VLDB.POP.576 ex1, [p1, lf1, r25];                                                                                              VMAC.f dm3, dm3, ex6, ex5, r18
        3216    0x80 0x19 0x73 0x01 0x14 0x1d 0x94 0x82 0x69 0x4a                                VLDA.POP.576 ex3, [p0, lf0, r24];VLDB.POP.576 ex4, [p1, lf1, r25];                                                                                              VMAC.f dm4, dm4, ex1, ex3, r18
        3226    0x02 0x01 0x54 0x00 0x92 0x40 0x69 0x62                                                                        VLDB.POP.576 ex5, [p0, lf0, r24];                                                                                                 VMAC.f dm2, dm2, ex0, ex3, r18
        3234    0xa0 0x31 0x72 0x01 0xd4 0x1d 0x93 0x62 0x49 0x4a                                VLDA.POP.576 ex6, [p1, lf1, r25];VLDB.POP.576 ex7, [p0, lf0, r24];                                                                                              VMAC.f dm3, dm3, ex1, ex2, r18
        3244    0x03 0x00 0x14 0x00 0x94 0x8c 0xe9 0x62                                                                        VLDB.POP.576 ex0, [p1, lf1, r25];                                                                                                 VMAC.f dm4, dm4, ex6, ex7, r18
        3252    0x02 0x00 0x94 0x00 0x91 0x28 0xa9 0x62                                                                        VLDB.POP.576 ex2, [p0, lf0, r24];                                                                                                 VMAC.f dm1, dm1, ex4, ex5, r18
        3260    0xa0 0x09 0x72 0x00 0xd4 0x1d 0x92 0x48 0xe9 0x4a                                VLDA.POP.576 ex1, [p1, lf1, r25];VLDB.POP.576 ex3, [p0, lf0, r24];                                                                                              VMAC.f dm2, dm2, ex4, ex7, r18
        3270    0x94 0x82 0x69 0x48                                                                                                                                                                                                                              VMAC.f dm4, dm4, ex1, ex3, r18
        3274    0x03 0x01 0x14 0x00 0x93 0x6c 0xa9 0x62                                                                        VLDB.POP.576 ex4, [p1, lf1, r25];                                                                                                 VMAC.f dm3, dm3, ex6, ex5, r18
        3282    0x02 0x01 0x54 0x00 0x91 0x20 0x49 0x62                                                                        VLDB.POP.576 ex5, [p0, lf0, r24];                                                                                                 VMAC.f dm1, dm1, ex0, ex2, r18
        3290    0x80 0x39 0x73 0x01 0x94 0x1d 0x94 0x8c 0xe9 0x4a                                VLDA.POP.576 ex7, [p0, lf0, r24];VLDB.POP.576 ex6, [p1, lf1, r25];                                                                                              VMAC.f dm4, dm4, ex6, ex7, r18
        3300    0x92 0x40 0x69 0x48                                                                                                                                                                                                                              VMAC.f dm2, dm2, ex0, ex3, r18
        3304    0x93 0x62 0x49 0x48                                                                                                                                                                                                                              VMAC.f dm3, dm3, ex1, ex2, r18
        3308    0x94 0x82 0x69 0x48                                                                                                                                                                                                                              VMAC.f dm4, dm4, ex1, ex3, r18
        3312    0x91 0x28 0xa9 0x48                                                                                                                                                                                                                              VMAC.f dm1, dm1, ex4, ex5, r18
        3316    0x92 0x48 0xe9 0x48                                                                                                                                                                                                                              VMAC.f dm2, dm2, ex4, ex7, r18
        3320    0x93 0x6c 0xa9 0x48                                                                                                                                                                                                                              VMAC.f dm3, dm3, ex6, ex5, r18
        3324    0xfc 0xdd 0x60 0x02 0x94 0x8c 0xe9 0x62                                                                                                      VST lfl1, [sp, #-448];                                                                              VMAC.f dm4, dm4, ex6, ex7, r18
        3332    0xfc 0x4d 0x60 0x02 0x91 0x20 0x49 0x62                                                                                                      VST lfh1, [sp, #-512];                                                                              VMAC.f dm1, dm1, ex0, ex2, r18
        3340    0x92 0x40 0x69 0x48                                                                                                                                                                                                                              VMAC.f dm2, dm2, ex0, ex3, r18
        3344    0x93 0x62 0x49 0x48                                                                                                                                                                                                                              VMAC.f dm3, dm3, ex1, ex2, r18
        3348    0x91 0x28 0xa9 0x48                                                                                                                                                                                                                              VMAC.f dm1, dm1, ex4, ex5, r18
        3352    0x92 0x48 0xe9 0x48                                                                                                                                                                                                                              VMAC.f dm2, dm2, ex4, ex7, r18
        3356    0x94 0x82 0x69 0x48                                                                                                                                                                                                                              VMAC.f dm4, dm4, ex1, ex3, r18
        3360    0x93 0x6c 0xa9 0x48                                                                                                                                                                                                                              VMAC.f dm3, dm3, ex6, ex5, r18
        3364    0x00 0x00                                                                        NOPX
        3366    0x94 0x8c 0xe9 0x48                                                                                                                                                                                                                              VMAC.f dm4, dm4, ex6, ex7, r18
        3370    0x0c 0x1c 0xa3 0x18                                                                                                                          VST.CONV.bf16.fp32 cml1, [p4], #64
        3374    0x0c 0x1c 0xe3 0x18                                                                                                                          VST.CONV.bf16.fp32 cmh1, [p4], #64
        3378    0x0c 0x1d 0x23 0x18                                                                                                                          VST.CONV.bf16.fp32 cml2, [p4], #64
        3382    0x0c 0x1d 0x63 0x18                                                                                                                          VST.CONV.bf16.fp32 cmh2, [p4], #64
        3386    0x0c 0x1d 0xa3 0x18                                                                                                                          VST.CONV.bf16.fp32 cml3, [p4], #64
        3390    0x0c 0x1d 0xe3 0x18                                                                                                                          VST.CONV.bf16.fp32 cmh3, [p4], #64
        3394    0x00 0x2c 0xf8 0x3c 0x46 0x00 0x00 0x40 0x1a 0x57 0x00 0x00 0x1c 0x2e            NOPA;                                                       VST.CONV.bf16.fp32 cml4, [p4], #64;                         NOPM;                                   NOPV
.label ZLE_Fmatmul_vectorized_bfp16_1568
.end_of_loop
        3408    0x00 0x2c 0xf0 0x00 0x24 0x1e 0x63 0x00 0x00 0x00 0x01 0xa5 0x78 0x00 0x00 0xe1  NOPA;                         NOPB;                         VST.CONV.bf16.fp32 cmh4, [p4], #64;NOPX;                    NOPM;                                   NOPV
.loop_nesting 0
        3424    0x01 0x1c 0x00 0x00 0x01 0xea 0xb7 0x88 0x10 0xba                                MOVA r28, #8;                                                                             MOVXM p5, #503568
        3434    0x05 0x06 0xf6 0x98                                                              LDA r23, [p5]
        3438    0x00 0x00                                                                        NOPX
        3440    0x00 0x00                                                                        NOPX
        3442    0x00 0x00                                                                        NOPX
        3444    0x00 0x00                                                                        NOPX
        3446    0x00 0x00                                                                        NOPX
        3448    0x00 0x00                                                                        NOPX
        3450    0x1d 0xdb 0x80 0x98                                                                                                                                                                                      ADD.NC r23, r23, #1
        3454    0x15 0xf9 0xc8 0x98                                                                                                                                                        NE r28, r23, r28
        3458    0xe0 0x07 0x68 0x40 0x01 0x84                                                                                                                                              JNZ r28, #3792
        3464    0x0d 0x06 0xf1 0x98                                                                                                                          ST r23, [p5]
        3468    0x00 0x00                                                                        NOPX
        3470    0x00 0x00                                                                        NOPX
        3472    0x00 0x00                                                                        NOPX
        3474    0x00 0x00                                                                        NOPX
        3476    0x10 0x05 0x44 0x1f 0x20 0x00 0x00 0x37 0xe1 0x02 0x91 0x11 0x60 0x7e            MOVA lc, #128;                PADDB [p2], #0;               MOVS p4, p2;                  MOVXM le, #3600
        3490    0x00 0x2c 0xf0 0x00 0x20 0x00 0x00 0x0f 0xdb 0x02 0xa0 0x92 0x30 0x7e            NOPA;                         NOPB;                         ST r4, [p5];                  MOVXM ls, #3504
.label ZLS_Fmatmul_vectorized_bfp16_1664
.loop_nesting 1
.begin_of_loop
        3504    0x04 0x1c 0xab 0x98                                                              VLDA.CONV.fp32.bf16 cml1, [p4], #64
        3508    0x04 0x1c 0xeb 0x98                                                              VLDA.CONV.fp32.bf16 cmh1, [p4], #64
        3512    0x00 0x00                                                                        NOPX
        3514    0x00 0x00                                                                        NOPX
        3516    0x00 0x00                                                                        NOPX
        3518    0x00 0x00                                                                        NOPX
        3520    0x00 0x2c 0xf0 0x00 0x20 0x01 0x5b 0x00 0x00 0x00 0x01 0xa5 0x78 0x00 0x00 0xe1  NOPA;                         NOPB;                         NOPS;                         NOPX;                         NOPM;                                   NOPV
        3536    0x00 0x2c 0xf0 0x00 0x20 0x01 0x5b 0x00 0x00 0x00 0x01 0xa5 0x78 0x00 0x00 0xe1  NOPA;                         NOPB;                         NOPS;                         NOPX;                         NOPM;                                   NOPV
        3552    0x00 0x2c 0xf0 0x00 0x25 0x80 0x83 0x00 0x00 0x00 0x01 0xa5 0x78 0x00 0x00 0xe1  NOPA;                         NOPB;                         VST.PUSH.576.CONV.bfp16ebs8.fp32 dm1, [p2, sf, r26];NOPX;   NOPM;                                   NOPV
        3568    0x00 0x2c 0xf0 0x00 0x21 0x00 0x03 0x00 0x00 0x00 0x01 0xa5 0x78 0x00 0x00 0xe1  NOPA;                         NOPB;                         VST.FLUSH.512.CONV [p2, sf, r26];NOPX;                      NOPM;                                   NOPV
        3584    0x00 0x2c 0xf0 0x00 0x20 0x01 0x5b 0x00 0x00 0x00 0x01 0xa5 0x78 0x00 0x00 0xe1  NOPA;                         NOPB;                         NOPS;                         NOPX;                         NOPM;                                   NOPV
.label ZLE_Fmatmul_vectorized_bfp16_1760
.end_of_loop
        3600    0x00 0x2c 0xf0 0x00 0x20 0x01 0x5b 0x00 0x00 0x00 0x01 0xa5 0x78 0x00 0x00 0xe1  NOPA;                         NOPB;                         NOPS;                         NOPX;                         NOPM;                                   NOPV
.loop_nesting 0
        3616    0x63 0xa5 0x70 0x83 0xe2 0x2c                                                    VLDA.CONV.fp32.bf16 cml2, [p3], #64;                                                      MOVX lc, #124
        3622    0x63 0xad 0x70 0x00 0x00 0x00 0x7f 0x48 0x10 0xba                                VLDA.CONV.fp32.bf16 cmh2, [p3], #64;                                                      MOVXM ls, #3728
        3632    0x63 0xa5 0x70 0x00 0x20 0x01 0x5b 0x00 0x00 0x01 0xbf 0x50 0x10 0x00 0x00 0xe1  VLDA.CONV.fp32.bf16 cml2, [p3], #64;NOPB;                   NOPS;                         MOVXM le, #3744;                                                      NOPV
        3648    0x63 0xad 0x70 0x00 0x20 0x01 0x5b 0x00 0x00 0x00 0x01 0xa5 0x78 0x00 0x00 0xe1  VLDA.CONV.fp32.bf16 cmh2, [p3], #64;NOPB;                   NOPS;                         NOPX;                         NOPM;                                   NOPV
        3664    0x63 0xa5 0x70 0x00 0x20 0x01 0x5b 0x00 0x00 0x00 0x01 0xa5 0x78 0x00 0x00 0xe1  VLDA.CONV.fp32.bf16 cml2, [p3], #64;NOPB;                   NOPS;                         NOPX;                         NOPM;                                   NOPV
        3680    0x63 0xad 0x70 0x00 0x20 0x01 0x5b 0x00 0x00 0x00 0x01 0xa5 0x78 0x00 0x00 0xe1  VLDA.CONV.fp32.bf16 cmh2, [p3], #64;NOPB;                   NOPS;                         NOPX;                         NOPM;                                   NOPV
        3696    0x63 0xa5 0x70 0x00 0x20 0x01 0x5b 0x00 0x00 0x00 0x01 0xa5 0x78 0x00 0x00 0xe1  VLDA.CONV.fp32.bf16 cml2, [p3], #64;NOPB;                   NOPS;                         NOPX;                         NOPM;                                   NOPV
        3712    0x63 0xad 0x70 0x00 0x20 0x01 0x5b 0x00 0x00 0x00 0x01 0xa5 0x78 0x00 0x00 0xe1  VLDA.CONV.fp32.bf16 cmh2, [p3], #64;NOPB;                   NOPS;                         NOPX;                         NOPM;                                   NOPV
.label ZLS_Fmatmul_vectorized_bfp16_1888
.loop_nesting 1
.begin_of_loop
        3728    0x63 0xa5 0x70 0x00 0x25 0x81 0x03 0x00 0x00 0x00 0x01 0xa5 0x78 0x00 0x00 0xe1  VLDA.CONV.fp32.bf16 cml2, [p3], #64;NOPB;                   VST.PUSH.576.CONV.bfp16ebs8.fp32 dm2, [p2, sf, r26];NOPX;   NOPM;                                   NOPV
.label ZLE_Fmatmul_vectorized_bfp16_1904
.end_of_loop
        3744    0x63 0xad 0x70 0x00 0x21 0x00 0x03 0x00 0x00 0x00 0x01 0xa5 0x78 0x00 0x00 0xe1  VLDA.CONV.fp32.bf16 cmh2, [p3], #64;NOPB;                   VST.FLUSH.512.CONV [p2, sf, r26];NOPX;                      NOPM;                                   NOPV
.loop_nesting 0
        3760    0x0d 0x81 0x03 0x18                                                                                                                          VST.PUSH.576.CONV.bfp16ebs8.fp32 dm2, [p2, sf, r26]
        3764    0x09 0x00 0x03 0x18                                                                                                                          VST.FLUSH.512.CONV [p2, sf, r26]
        3768    0x0d 0x81 0x03 0x18                                                                                                                          VST.PUSH.576.CONV.bfp16ebs8.fp32 dm2, [p2, sf, r26]
        3772    0x09 0x00 0x03 0x18                                                                                                                          VST.FLUSH.512.CONV [p2, sf, r26]
        3776    0x0d 0x81 0x03 0x18                                                                                                                          VST.PUSH.576.CONV.bfp16ebs8.fp32 dm2, [p2, sf, r26]
        3780    0x09 0x00 0x03 0x18                                                                                                                          VST.FLUSH.512.CONV [p2, sf, r26]
        3784    0x0d 0x81 0x03 0x18                                                                                                                          VST.PUSH.576.CONV.bfp16ebs8.fp32 dm2, [p2, sf, r26]
        3788    0x09 0x00 0x03 0x18                                                                                                                          VST.FLUSH.512.CONV [p2, sf, r26]
.label TGT_Fmatmul_vectorized_bfp16_1952
        3792    0x10 0x28 0x00 0x18                                                                                                                                                        RET lr
        3796    0xff 0xc0 0x00 0x00 0x01 0xc4                                                                                                                                              PADDXM [sp], #-512
        3802    0x00 0x00                                                                        NOPX
        3804    0x00 0x00                                                                        NOPX
        3806    0x00 0x00                                                                        NOPX
        3808    0x00 0x00                                                                        NOPX
.label matmul_vectorized_bfp16__end

.text_segment PM   3824
.label zero_kernel
.function_start
        3824    0x00 0x40 0x20 0x21 0x81 0xe4                                                                                                                                              MOVX r1, #0;                  MOV r0, p0
        3830    0x00 0x00 0x41 0x20 0x00 0x44                                                                                                                                              MOVXM r2, #16384
        3836    0x10 0x40 0x10 0x0a 0xe5 0xe4                                                                                                                                              ADD r1, r2, r0;               VBCST.16 x0, r1
        3842    0x10 0x04 0x1b 0x98                                                                                                                                                        GEU r2, r0, r1
        3846    0x10 0x07 0xe0 0x40 0x01 0x84                                                                                                                                              JNZ r2, #4032
        3852    0x18 0x00 0x92 0xf8                                                                                                                                                                                      VMOV bmll0, x0
        3856    0x00 0x00                                                                        NOPX
        3858    0x00 0x00                                                                        NOPX
        3860    0x00 0x00                                                                        NOPX
        3862    0x00 0x00                                                                        NOPX
        3864    0x00 0x20 0x00 0x5f 0x20 0x44 0x01 0x8d 0xff 0x2b 0x30 0x11 0x60 0x7e            MOVA r0, #1;                  PADDB [p0], #128;             MOVS p1, p0;                  SUB r2, r1, r0;               MOV r3, #-7
        3878    0x11 0x3f 0xe1 0x21 0x81 0xe4                                                                                                                                              ADD r4, r2, #-1;              MOV r2, p0
        3884    0x11 0x06 0x3e 0x98                                                                                                                                                        ASHL r3, r4, r3
        3888    0x16 0xc3 0x90 0xa3 0x01 0x24                                                                                                                                              LTU r27, r2, r1;              ADD.NC r1, r3, #1
        3894    0x10 0x00 0x12 0x18                                                                                                                                                        SEL.EQZ r0, r0, r1, r27
        3898    0x00 0x00 0x01 0xff 0x40 0x44                                                                                                                                              MOVXM ls, #4000
        3904    0x00 0x00 0x06 0xff 0x60 0x44                                                                                                                                              MOVXM le, #4016
        3910    0x00 0x2c 0xf0 0x00 0x10 0x02 0xb8 0x10 0x7e 0xba                                NOPA;                         NOPB;                                                                                     MOV lc, r0
        3920    0x00 0x2c 0xf0 0x00 0x20 0x01 0x5b 0x00 0x00 0x00 0x01 0xa5 0x78 0x00 0x00 0xe1  NOPA;                         NOPB;                         NOPS;                         NOPX;                         NOPM;                                   NOPV
        3936    0x00 0x2c 0xf0 0x00 0x20 0x01 0x5b 0x00 0x00 0x00 0x01 0xa5 0x78 0x00 0x00 0xe1  NOPA;                         NOPB;                         NOPS;                         NOPX;                         NOPM;                                   NOPV
        3952    0x00 0x2c 0xf0 0x00 0x20 0x01 0x5b 0x00 0x00 0x00 0x01 0xa5 0x78 0x00 0x00 0xe1  NOPA;                         NOPB;                         NOPS;                         NOPX;                         NOPM;                                   NOPV
        3968    0x00 0x2c 0xf0 0x00 0x20 0x01 0x5b 0x00 0x00 0x00 0x01 0xa5 0x78 0x00 0x00 0xe1  NOPA;                         NOPB;                         NOPS;                         NOPX;                         NOPM;                                   NOPV
        3984    0x00 0x2c 0xf0 0x00 0x20 0x01 0x5b 0x00 0x00 0x00 0x01 0xa5 0x78 0x00 0x00 0xe1  NOPA;                         NOPB;                         NOPS;                         NOPX;                         NOPM;                                   NOPV
.label ZLS_Fzero_kernel_176
.loop_nesting 1
.begin_of_loop
        4000    0x00 0x2c 0xf0 0x00 0x21 0x1c 0x06 0x80 0x00 0x00 0x01 0xa5 0x78 0x00 0x00 0xe1  NOPA;                         NOPB;                         VST bmll0, [p1], #64;         NOPX;                         NOPM;                                   NOPV
.label ZLE_Fzero_kernel_192
.end_of_loop
        4016    0x00 0x2c 0xf0 0x00 0x21 0x1c 0x06 0x80 0x00 0x00 0x01 0xa5 0x78 0x00 0x00 0xe1  NOPA;                         NOPB;                         VST bmll0, [p1], #64;         NOPX;                         NOPM;                                   NOPV
.label TGT_Fzero_kernel_208
.loop_nesting 0
        4032    0x20 0x05 0x40 0x00 0x00 0x04 0x78 0x10 0x10 0xba                                MOVA lc, #256;                                                                            MOVXM ls, #4128
        4042    0x00 0x00 0x16 0xe0 0x60 0x44                                                                                                                                              MOVXM le, #4144
        4048    0x00 0x2c 0xf0 0x00 0x20 0x01 0x5b 0x00 0x01 0xe8 0x37 0xa0 0x10 0x00 0x00 0xe1  NOPA;                         NOPB;                         NOPS;                         MOVXM p0, #503616;                                                    NOPV
        4064    0x00 0x2c 0xf0 0x00 0x20 0x01 0x5b 0x00 0x00 0x00 0x01 0xa5 0x78 0x00 0x00 0xe1  NOPA;                         NOPB;                         NOPS;                         NOPX;                         NOPM;                                   NOPV
        4080    0x00 0x2c 0xf0 0x00 0x20 0x01 0x5b 0x00 0x00 0x00 0x01 0xa5 0x78 0x00 0x00 0xe1  NOPA;                         NOPB;                         NOPS;                         NOPX;                         NOPM;                                   NOPV
        4096    0x00 0x2c 0xf0 0x00 0x20 0x01 0x5b 0x00 0x00 0x00 0x01 0xa5 0x78 0x00 0x00 0xe1  NOPA;                         NOPB;                         NOPS;                         NOPX;                         NOPM;                                   NOPV
        4112    0x00 0x2c 0xf0 0x00 0x20 0x01 0x5b 0x00 0x00 0x00 0x01 0xa5 0x78 0x00 0x00 0xe1  NOPA;                         NOPB;                         NOPS;                         NOPX;                         NOPM;                                   NOPV
.label ZLS_Fzero_kernel_304
.loop_nesting 1
.begin_of_loop
        4128    0x00 0x2c 0xf0 0x00 0x20 0x1c 0x06 0x80 0x00 0x00 0x01 0xa5 0x78 0x00 0x00 0xe1  NOPA;                         NOPB;                         VST bmll0, [p0], #64;         NOPX;                         NOPM;                                   NOPV
.label ZLE_Fzero_kernel_320
.end_of_loop
        4144    0x00 0x2c 0xf0 0x00 0x20 0x1c 0x06 0x80 0x00 0x00 0x01 0xa5 0x78 0x00 0x00 0xe1  NOPA;                         NOPB;                         VST bmll0, [p0], #64;         NOPX;                         NOPM;                                   NOPV
.loop_nesting 0
        4160    0x10 0x28 0x00 0x18                                                                                                                                                        RET lr
        4164    0x00 0x00                                                                        NOPX
        4166    0x00 0x00                                                                        NOPX
        4168    0x00 0x00                                                                        NOPX
        4170    0x00 0x00                                                                        NOPX
        4172    0x00 0x00                                                                        NOPX
.label zero_kernel__end

.text_segment PM   4176
.label _fini
.function_start
        4176    0x00 0x08 0x00 0x00 0x01 0xc4                                                                                                                                              PADDXM [sp], #64
        4182    0xfe 0xba 0xb0 0x00 0x00 0x02 0x08 0x00 0x11 0x3a                                                                                            ST r14, [sp, #-12];           MOVXM r16, #0
        4192    0xff 0x73 0xb0 0x00 0x00 0x01 0xc8 0x00 0x11 0x3a                                                                                            ST p7, [sp, #-8];             MOVXM r14, #0
        4202    0x74 0x20 0xfe 0xd0 0x41 0xe4                                                                                                                                              EQ r16, r14, r16;             MOV p7, r16
        4208    0x80 0x08 0x68 0x40 0x01 0x84                                                                                                                                              JNZ r16, #4304
        4214    0x0f 0xfd 0xf5 0x98                                                                                                                          ST r15, [sp, #-4]
        4218    0x0f 0xf0 0x3d 0x98                                                                                                                          ST lr, [sp, #-16]
        4222    0x00 0x00                                                                        NOPX
        4224    0x00 0x00                                                                        NOPX
        4226    0x00 0x2c 0xf0 0x02 0xb6 0x00 0x00 0x40 0x1a 0x57 0x00 0x00 0x1c 0x2e            NOPA;                                                       NOPS;                                                       NOPM;                                   NOPV
.label TGT_F_fini_64
.loop_nesting 1
        4240    0x07 0x1c 0x1e 0x98                                                              LDA p0, [p7], #4
        4244    0x00 0x00                                                                        NOPX
        4246    0x00 0x00                                                                        NOPX
        4248    0x00 0x00                                                                        NOPX
        4250    0x00 0x00                                                                        NOPX
        4252    0x00 0x00                                                                        NOPX
        4254    0x00 0x00                                                                        NOPX
.no_stack_arguments
        4256    0x10 0x30 0x00 0x18                                                                                                                                                        JL p0
        4260    0x1b 0xde 0xc0 0xf8                                                                                                                                                                                      MOV r15, p7
        4264    0x00 0x00                                                                        NOPX
        4266    0x00 0x00                                                                        NOPX
        4268    0x00 0x00                                                                        NOPX
        4270    0x00 0x00                                                                        NOPX
.return_address
        4272    0x13 0xe0 0xe8 0x98                                                                                                                                                        NE r16, r15, r14
        4276    0x80 0x08 0x48 0x40 0x01 0x84                                                                                                                                              JNZ r16, #4240
        4282    0x00 0x00                                                                        NOPX
        4284    0x00 0x00                                                                        NOPX
        4286    0x00 0x00                                                                        NOPX
        4288    0x00 0x00                                                                        NOPX
        4290    0x00 0x2c 0xf0 0x02 0xb6 0x00 0x00 0x40 0x1a 0x57 0x00 0x00 0x1c 0x2e            NOPA;                                                       NOPS;                                                       NOPM;                                   NOPV
.label TGT_F_fini_128
.loop_nesting 0
        4304    0x07 0xf0 0x39 0x18                                                              LDA lr, [sp, #-16]
        4308    0x07 0xf5 0xd1 0x18                                                              LDA r14, [sp, #-12]
        4312    0x07 0xfd 0xf1 0x18                                                              LDA r15, [sp, #-4]
        4316    0x07 0xfb 0x99 0x18                                                              LDA p7, [sp, #-8]
        4320    0x00 0x00                                                                        NOPX
        4322    0x00 0x00                                                                        NOPX
        4324    0x00 0x00                                                                        NOPX
        4326    0x10 0x28 0x00 0x18                                                                                                                                                        RET lr
        4330    0x00 0x00                                                                        NOPX
        4332    0x00 0x00                                                                        NOPX
        4334    0x00 0x00                                                                        NOPX
        4336    0x00 0x00                                                                        NOPX
        4338    0xff 0xf8 0x00 0x00 0x01 0xc4                                                                                                                                              PADDXM [sp], #-64
.label _fini__end

.text_segment PM   4352
.label __cxa_finalize
.function_start
        4352    0xff 0xa1 0x00 0x00 0x01 0xe8 0x37 0x9c 0x10 0xba                                MOVA r1, #-3;                                                                             MOVXM p0, #503608
        4362    0x00 0x8a 0xd0 0x00 0x41 0x08 0x6f 0xe0 0x78 0xba                                LDA r2, [p0];                                                                             MOVX r4, #8;                  MOV r3, srsSign1
        4372    0x00 0x92 0x30 0x00 0x02 0x00 0x00 0x00 0x71 0x3a                                                                                            ST r4, [p0];                  PADDXM [sp], #64
        4382    0xfa 0x8e 0xb0 0x00 0x6b 0xe0 0x70 0x02                                                                                                      ST r3, [sp, #-44];                                          MOV r3, srsSign0
        4390    0xfc 0x0e 0xb0 0x00 0x6d 0xe0 0x70 0x02                                                                                                      ST r3, [sp, #-32];                                          MOV r3, packSign1
        4398    0xfc 0x8e 0xb0 0x00 0x69 0xe0 0x70 0x02                                                                                                      ST r3, [sp, #-28];                                          MOV r3, packSign0
        4406    0xfd 0x8e 0xb0 0x00 0x6a 0x70 0x70 0x02                                                                                                      ST r3, [sp, #-20];                                          MOV r3, crSat
        4414    0xfe 0x0e 0xb0 0x00 0x6c 0x70 0x70 0x02                                                                                                      ST r3, [sp, #-16];                                          MOV r3, crSRSMode
        4422    0xfe 0x8e 0xb0 0x04 0x2f 0x18 0x6b 0xb0 0x79 0x3a                                                                                            ST r3, [sp, #-12];            ADD r2, r2, #-8;              MOV r3, crPackSize
        4432    0xff 0x0e 0xb0 0x04 0xd0 0xf4 0x2f 0xb0 0x79 0x3a                                                                                            ST r3, [sp, #-8];             ASHL r13, r2, r1;             MOV r1, crRnd
        4442    0xff 0x86 0xb0 0x00 0x29 0x70 0x70 0x02                                                                                                      ST r1, [sp, #-4];                                           MOV r1, crUnpackSize
        4450    0xfd 0x06 0xb0 0x00 0x2e 0x70 0x70 0x02                                                                                                      ST r1, [sp, #-24];                                          MOV r1, crUPSMode
        4458    0xfb 0x86 0xb0 0x00 0x01 0xe8 0x2f 0x8c 0x11 0x3a                                                                                            ST r1, [sp, #-36];            MOVXM r1, #503576
        4468    0xfb 0x07 0xb0 0x03 0x30 0x44 0xa0 0x02                                                                                                      ST lr, [sp, #-40];                                          ADD.NC p6, r1, r2
        4476    0x1a 0x58 0x60 0xf8                                                                                                                                                                                      MOV r9, upsSign1
        4480    0x1a 0x10 0x60 0xf8                                                                                                                                                                                      MOV r8, upsSign0
        4484    0x1a 0xda 0x60 0xf8                                                                                                                                                                                      MOV r11, vaddSign1
        4488    0x1a 0x92 0x60 0xf8                                                                                                                                                                                      MOV r10, vaddSign0
        4492    0x1b 0x1c 0x60 0xf8                                                                                                                                                                                      MOV r12, unpackSign1
        4496    0x1b 0x94 0x60 0xf8                                                                                                                                                                                      MOV r14, unpackSign0
        4500    0x00 0x2c 0xf0 0x00 0x20 0x00 0x00 0x07 0xb0 0xd0 0x10 0xb6                      NOPA;                         NOPB;                                                       MOVXM p7, #4512
.label TGT_F__cxa_finalize_160
.loop_nesting 1
        4512    0x06 0x1c 0x9e 0x98                                                              LDA p1, [p6], #4
        4516    0x06 0xdc 0x1e 0x98                                                              LDA p0, [p6], #-12
        4520    0x00 0x00                                                                        NOPX
        4522    0x00 0x00                                                                        NOPX
        4524    0x00 0x00                                                                        NOPX
        4526    0x00 0x00                                                                        NOPX
        4528    0x00 0x00                                                                        NOPX
.no_stack_arguments
        4530    0x10 0x30 0x40 0x18                                                                                                                                                        JL p1
        4534    0x00 0x00                                                                        NOPX
        4536    0x00 0x00                                                                        NOPX
        4538    0x00 0x00                                                                        NOPX
        4540    0x00 0x01 0x67 0x98                                                              NOPA
        4544    0x00 0x2c 0xf0 0x00 0x20 0x01 0x5b 0x00 0x00 0x01 0xe8 0x10 0x78 0x00 0x00 0xe1  NOPA;                         NOPB;                         NOPS;                         NOPX;                         MOV r15, r0;                            NOPV
.return_address
        4560    0x13 0x5b 0xe0 0x18                                                                                                                                                        JNZD r13, r13, p7
        4564    0x18 0x17 0xa0 0xf8                                                                                                                                                                                      MOV r0, r15
        4568    0x00 0x00                                                                        NOPX
        4570    0x00 0x00                                                                        NOPX
        4572    0x00 0x00                                                                        NOPX
        4574    0x00 0x00                                                                        NOPX
.loop_nesting 0
        4576    0xfa 0x86 0x20 0x17 0xf2 0x02 0x1a 0x50 0x78 0xba                                LDA r1, [sp, #-44];                                                                       MOVX vaddSign1, r11;          MOV upsSign1, r9
        4586    0xfc 0x8e 0x20 0x15 0xd2 0x00 0x1a 0x10 0x78 0xba                                LDA r3, [sp, #-28];                                                                       MOVX vaddSign0, r10;          MOV upsSign0, r8
        4596    0xfb 0x07 0x26 0x7b 0x80 0x2c                                                    LDA lr, [sp, #-40];                                                                       MOVX unpackSign1, r12
        4602    0xfc 0x0a 0x27 0x73 0x80 0x2c                                                    LDA r2, [sp, #-32];                                                                       MOVX unpackSign0, r14
        4608    0x07 0xec 0xf1 0x18                                                              LDA r7, [sp, #-20]
        4612    0x07 0xf0 0x91 0x18                                                              LDA r4, [sp, #-16]
        4616    0x07 0xf4 0xb1 0x18                                                              LDA r5, [sp, #-12]
        4620    0xff 0x1a 0x20 0xf9 0x80 0x2c                                                    LDA r6, [sp, #-8];                                                                        MOVX srsSign1, r1
        4626    0xff 0x86 0x21 0xf8 0x80 0x2c                                                    LDA r1, [sp, #-4];                                                                        MOVX packSign1, r3
        4632    0x07 0xe8 0x51 0x18                                                              LDA r2, [sp, #-24]
        4636    0x07 0xdc 0x71 0x18                                                              LDA r3, [sp, #-36]
        4640    0x00 0x00                                                                        NOPX
        4642    0x10 0x28 0x00 0x18                                                                                                                                                        RET lr
        4646    0xff 0xf8 0x00 0x00 0x01 0xc4                                                                                                                                              PADDXM [sp], #-64
        4652    0x17 0x18 0x03 0xc7 0x41 0xe4                                                                                                                                              MOVX srsSign0, r2;            MOV packSign0, r7
        4658    0x27 0x70 0x08 0xe5 0x41 0xe4                                                                                                                                              MOVX crSat, r4;               MOV crSRSMode, r5
        4664    0x37 0x40 0x0f 0x61 0x41 0xe4                                                                                                                                              MOVX crPackSize, r6;          MOV crRnd, r1
        4670    0x17 0x90 0x0c 0xe3 0x41 0xe4                                                                                                                                              MOVX crUnpackSize, r2;        MOV crUPSMode, r3
.label __cxa_finalize__end

.bss_segment DMb 503564	    8

.bss_segment DMb 503572	    1

.data_segment DMb 503576
.label _ZL7atexits
	0x50
	0x10
	0x0
	0x0
	0x0
	0x0
	0x0
	0x0
	0x0
	0x0
	0x0
	0x0
	0x0
	0x0
	0x0
	0x0
	0x0
	0x0
	0x0
	0x0
	0x0
	0x0
	0x0
	0x0
	0x0
	0x0
	0x0
	0x0
	0x0
	0x0
	0x0
	0x0
.label _ZL10atexit_cnt
	0x8
	0x0
	0x0
	0x0

.bss_segment DMb 503616	    16384

.stack DM_stack 458752 462080
