
// File generated by darts version U-2023.06#b8bbc031dd#240626, Mon Sep 29 07:31:21 2025
// Copyright 2014-2023 Synopsys, Inc. All rights reserved.
// darts -I/tools/ryzen_ai-1.3.0/vitis_aie_essentials/data/aie2p/lib -d -h -I/tools/ryzen_ai-1.3.0/vitis_aie_essentials/include -I/tools/ryzen_ai-1.3.0/vitis_aie_essentials/data/aie2p/lib/runtime_cxx/libcxx-lite/include -I/tools/ryzen_ai-1.3.0/vitis_aie_essentials/data/aie2p/lib/runtime_cxx/libs/libcxx-9.0.0/include-lite -I/tools/ryzen_ai-1.3.0/vitis_aie_essentials/data/aie2p/lib/runtime/include -D__AIENGINE__ -D__AIE_ARCH__=21 -D__AIEARCH__=21 -D__tct_tgt__=240628 -L +Ihex +nanno +u core_0_2.elf me

// Release: ipp U-2023.06-TGT-240628

.text_segment PM      0
.entry_point
.label __AIE_ARCH_MODEL_VERSION__21011000__inlined__1__me_basic___main_init_
.label _main_init
.function_start
           0    0x00 0x07 0x09 0xe0 0x00 0x44                                                                                                                                              MOVXM sp, #458752
           6    0x00 0x00 0x04 0x20 0x00 0x44                                                                                                                                              MOVXM r8, #0
          12    0x00 0x00 0x08 0x20 0x00 0x44                                                                                                                                              MOVXM r16, #0
          18    0x12 0x21 0x07 0x98                                                                                                                                                        EQ r16, r8, r16
          22    0x80 0x00 0x40 0x40 0x01 0x84                                                                                                                                              JNZ r16, #128
          28    0x00 0x00                                                                        NOPX
          30    0x00 0x00                                                                        NOPX
          32    0x00 0x00                                                                        NOPX
          34    0x00 0x00                                                                        NOPX
          36    0x00 0x00                                                                        NOPX
          38    0xf0 0x11 0x60 0x3f 0xff 0xff 0x37 0xfe 0x11 0x3a                                                                                            MOVS p7, p0;                  MOVXM p6, #-4
          48    0x00 0x2c 0xf0 0x00 0x20 0x01 0x5b 0x00 0x00 0x01 0x28 0x50 0x78 0x00 0x00 0xe1  NOPA;                         NOPB;                         NOPS;                         NOPX;                         MOV r9, r1;                             NOPV
.label TGT_F_main_init_64
.loop_nesting 1
          64    0xdf 0x83 0xd5 0x39 0x81 0xd4                                                    LDA p0, [p6], #-4;                                                                                                      MOV r10, p6
          70    0x00 0x00                                                                        NOPX
          72    0x00 0x00                                                                        NOPX
          74    0x00 0x00                                                                        NOPX
          76    0x00 0x00                                                                        NOPX
          78    0x00 0x00                                                                        NOPX
          80    0x00 0x00                                                                        NOPX
.no_stack_arguments
          82    0x10 0x30 0x00 0x18                                                                                                                                                        JL p0
          86    0x00 0x00                                                                        NOPX
          88    0x00 0x00                                                                        NOPX
          90    0x00 0x00                                                                        NOPX
          92    0x00 0x00                                                                        NOPX
          94    0x00 0x00                                                                        NOPX
.return_address
          96    0x12 0xa0 0x88 0x98                                                                                                                                                        NE r16, r10, r8
         100    0x80 0x00 0x20 0x40 0x01 0x84                                                                                                                                              JNZ r16, #64
         106    0x00 0x00                                                                        NOPX
         108    0x00 0x00                                                                        NOPX
         110    0x00 0x00                                                                        NOPX
         112    0x00 0x00                                                                        NOPX
         114    0x00 0x00                                                                        NOPX
.loop_nesting 0
         116    0x00 0x2c 0xf0 0x00 0x20 0x9c 0x8b 0x00 0x2a 0x50 0x70 0xf6                      NOPA;                         NOPB;                         MOVS p0, p7;                                                MOV r1, r9
.label TGT_F_main_init_128
.no_stack_arguments
         128    0x00 0x00 0x70 0x00 0x01 0x04                                                                                                                                              JL #224
         134    0x00 0x00                                                                        NOPX
         136    0x00 0x00                                                                        NOPX
         138    0x00 0x00                                                                        NOPX
         140    0x00 0x00                                                                        NOPX
         142    0x00 0x00                                                                        NOPX
.return_address
.no_stack_arguments
         144    0x00 0x05 0xd8 0x00 0x01 0x04                                                                                                                                              JL #2992
         150    0x18 0x60 0x00 0xb8                                                                                                                                                                                      MOV p0, #0
         154    0x00 0x00                                                                        NOPX
         156    0x00 0x00                                                                        NOPX
         158    0x00 0x00                                                                        NOPX
         160    0x00 0x2c 0xf0 0x00 0x20 0x01 0x5b 0x00 0x00 0x00 0x01 0xa5 0x78 0x00 0x00 0xe1  NOPA;                         NOPB;                         NOPS;                         NOPX;                         NOPM;                                   NOPV
.return_address
.swstall chess_separator_scheduler
         176    0x00 0x00                                                                        NOPX
.swstall chess_separator_scheduler
         178    0x00 0x00                                                                        NOPX
.swstall chess_separator_scheduler
         180    0x00 0x00                                                                        NOPX
.swstall chess_separator_scheduler
         182    0x00 0x00                                                                        NOPX
.swstall chess_separator_scheduler
         184    0x00 0x00                                                                        NOPX
.swstall chess_separator_scheduler
         186    0x00 0x00                                                                        NOPX
         188    0x10 0x08 0x00 0x18                                                                                                                                                        DONE
.swstall chess_separator_scheduler
         192    0x00 0x00                                                                        NOPX
.swstall chess_separator_scheduler
         194    0x00 0x00                                                                        NOPX
.swstall chess_separator_scheduler
         196    0x00 0x00                                                                        NOPX
.swstall chess_separator_scheduler
         198    0x00 0x00                                                                        NOPX
.swstall chess_separator_scheduler
         200    0x00 0x00                                                                        NOPX
.swstall chess_separator_scheduler
         202    0x00 0x00                                                                        NOPX
.swstall for_chess_exit
.exit
         204    0x00 0x01 0x67 0x98                                                              NOPA
.label TGT_F_main_init_208
.loop_nesting 1
         208    0x00 0x00 0x68 0x00 0x00 0x84                                                                                                                                              J #208
         214    0x00 0x00                                                                        NOPX
         216    0x00 0x00                                                                        NOPX
         218    0x00 0x00                                                                        NOPX
         220    0x00 0x00                                                                        NOPX
         222    0x00 0x00                                                                        NOPX
.label _main_init__end
.label core_0_2
.function_start
         224    0x00 0x18 0x02 0x9c 0x8b 0x00 0x01 0xeb 0xb7 0x80 0x10 0x76                      MOVA r24, #0;                                               MOVS p2, p7;                  MOVXM p7, #503552
         236    0x00 0x10 0x07 0x1f 0x11 0x80 0x02 0x00 0x00 0x00 0x70 0x76                      MOVA r16, #0;                                               ST r24, [p7], #4;             PADDXM [sp], #64
         248    0xe0 0xe2 0x30 0x00 0xb0 0x28 0x2a 0xd0 0x79 0x3a                                                                                            ST r24, [p7];                 MOVX r11, #1;                 MOV r1, r11
         258    0xe2 0xe2 0x30 0x3e 0xa7 0xe8 0x0a 0x90 0x79 0x3a                                                                                            ST r24, [p7, #4];             MOVX r10, #-1;                MOV r0, r10
         268    0xfa 0x62 0xb0 0x00 0xab 0xd0 0x70 0x02                                                                                                      ST r24, [sp, #-48];                                         MOV r5, r15
         276    0xfb 0x96 0xb0 0x00 0x8b 0x90 0x70 0x02                                                                                                      ST r5, [sp, #-36];                                          MOV r4, r14
         284    0xfc 0x12 0xb0 0x00 0x4b 0x10 0x70 0x02                                                                                                      ST r4, [sp, #-32];                                          MOV r2, r12
         292    0xfd 0x0a 0xb0 0x00 0x6b 0x50 0x70 0x02                                                                                                      ST r2, [sp, #-24];                                          MOV r3, r13
         300    0xfc 0x8e 0xb0 0x00 0x01 0xe9 0xcb 0x00 0x11 0x3a                                                                                            ST r3, [sp, #-28];            MOVXM r14, #501248
         310    0xfd 0x86 0xb0 0x00 0x01 0xe5 0xee 0x80 0x11 0x3a                                                                                            ST r1, [sp, #-20];            MOVXM r15, #498944
         320    0x0f 0xf0 0x15 0x98                                                                                                                          ST r0, [sp, #-16]
         324    0x0f 0xf5 0x35 0x98                                                                                                                          ST r9, [sp, #-12]
         328    0x0f 0xf9 0x15 0x98                                                                                                                          ST r8, [sp, #-8]
         332    0x0f 0xfd 0x1d 0x98                                                                                                                          ST p2, [sp, #-4]
         336    0x0f 0xdb 0x1d 0x98                                                                                                                          ST p6, [sp, #-40]
         340    0x00 0x2c 0xf0 0x00 0x20 0x00 0x00 0x03 0xea 0x1e 0xc1 0x36                      NOPA;                         NOPB;                         ST lr, [sp, #-44];            NOPX
.label TGT_Fcore_0_2_128
.loop_nesting 1
.no_stack_arguments
         352    0x00 0x02 0x70 0x00 0x01 0x04                                                                                                                                              JL #1248
         358    0xff 0xe1 0x07 0xce 0x15 0x80 0x06 0x8b 0x37 0x60 0x78 0x76                      MOVA r1, #-1;                                               ST r16, [sp, #-52];           MOVX r0, #52;                 MOV p6, p7
         370    0x00 0x00                                                                        NOPX
         372    0x00 0x00                                                                        NOPX
         374    0x00 0x00                                                                        NOPX
         376    0x00 0x2c 0xf0 0x04 0x00 0x00 0x1c 0x22                                          NOPA;                                                                                                                                                           NOPV
.return_address
.no_stack_arguments
         384    0x00 0x05 0x28 0x00 0x01 0x04                                                                                                                                              JL #2640
         390    0x00 0x07 0x00 0xda 0x00 0x44                                                                                                                                              MOVXM p0, #462080
         396    0x00 0x00                                                                        NOPX
         398    0x00 0x00                                                                        NOPX
         400    0x00 0x00                                                                        NOPX
         402    0x00 0x2c 0xf0 0x02 0xb6 0x00 0x00 0x40 0x1a 0x57 0x00 0x00 0x1c 0x2e            NOPA;                                                       NOPS;                                                       NOPM;                                   NOPV
.return_address
         416    0x00 0x2c 0xf0 0x00 0x20 0x01 0x5b 0x00 0x80 0xe8 0x01 0xa5 0x78 0x00 0x00 0xe1  NOPA;                         NOPB;                         NOPS;                         MOVX r8, #7;                  NOPM;                                   NOPV
.label TGT_Fcore_0_2_208
.loop_nesting 2
.no_stack_arguments
         432    0x00 0x02 0x70 0x00 0x01 0x04                                                                                                                                              JL #1248
         438    0xf8 0x5f 0xa0 0x20 0xcd 0x64                                                                                                                                              MOVX r1, #-1;                 MOV r0, #51
         444    0x00 0x00                                                                        NOPX
         446    0x00 0x00                                                                        NOPX
         448    0x00 0x00                                                                        NOPX
         450    0x00 0x2c 0xf0 0x02 0xb6 0x00 0x00 0x40 0x1a 0x57 0x00 0x00 0x1c 0x2e            NOPA;                                                       NOPS;                                                       NOPM;                                   NOPV
.return_address
         464    0x06 0x06 0x56 0x98                                                              LDA r18, [p6]
         468    0x00 0x00                                                                        NOPX
         470    0x00 0x00                                                                        NOPX
.no_stack_arguments
         472    0x00 0x02 0x70 0x00 0x01 0x04                                                                                                                                              JL #1248
         478    0x00 0x00                                                                        NOPX
         480    0x00 0x07 0x78 0x32 0x00 0x44                                                                                                                                              MOVXM r16, #489728
         486    0x00 0x07 0x58 0xaa 0x00 0x44                                                                                                                                              MOVXM r17, #480512
         492    0x12 0xf7 0x27 0x98                                                                                                                                                        EQ r27, r11, r18
         496    0xff 0xe1 0x00 0x00 0x20 0x01 0x5b 0x22 0x98 0x10 0x08 0x31 0x58 0x00 0x00 0xe1  MOVA r1, #-1;                 NOPB;                         NOPS;                         SEL.EQZ r9, r17, r16, r27;    MOV r0, #49;                            NOPV
.return_address
         512    0x06 0x16 0x16 0x98                                                              LDA r16, [p6, #4]
         516    0x00 0x00                                                                        NOPX
         518    0x00 0x00                                                                        NOPX
         520    0x00 0x00                                                                        NOPX
.no_stack_arguments
         522    0x00 0x02 0x90 0x00 0x01 0x04                                                                                                                                              JL #1312
         528    0x00 0x00                                                                        NOPX
         530    0x00 0x07 0x04 0xda 0x00 0x44                                                                                                                                              MOVXM p2, #462080
         536    0x12 0xf7 0x07 0x98                                                                                                                                                        EQ r27, r11, r16
         540    0x7c 0x1c 0x42 0xc9 0x41 0xe4                                                                                                                                              SEL.EQZ r16, r15, r14, r27;   MOV p1, r9
         546    0x00 0x2c 0xf1 0x20 0x16 0x00 0x00 0x7b 0x16 0x07 0x00 0x00 0x1c 0x2e            NOPA;                                                       MOVS p0, r16;                                               MOV p7, p1;                             NOPV
.return_address
.no_stack_arguments
         560    0x00 0x02 0x80 0x00 0x01 0x04                                                                                                                                              JL #1280
         566    0x00 0x18 0x20 0xa0 0x05 0x64                                                                                                                                              MOVX r0, #48;                 MOV r1, #1
         572    0x00 0x00                                                                        NOPX
         574    0x00 0x00                                                                        NOPX
         576    0x00 0x00                                                                        NOPX
         578    0x00 0x2c 0xf0 0x02 0xb6 0x00 0x00 0x40 0x1a 0x57 0x00 0x00 0x1c 0x2e            NOPA;                                                       NOPS;                                                       NOPM;                                   NOPV
.return_address
         592    0x06 0x16 0x16 0x98                                                              LDA r16, [p6, #4]
         596    0x00 0x00                                                                        NOPX
         598    0x00 0x00                                                                        NOPX
         600    0x00 0x00                                                                        NOPX
         602    0x00 0x00                                                                        NOPX
.no_stack_arguments
         604    0x00 0x02 0x70 0x00 0x01 0x04                                                                                                                                              JL #1248
         610    0x00 0x00                                                                        NOPX
         612    0x84 0x7f 0xe8 0x30 0x01 0x24                                                                                                                                              ADD r17, r16, #-1;            ADD.NC r16, r16, #1
         618    0x12 0xf7 0x0a 0x98                                                                                                                                                        LT r27, r11, r16
         622    0x14 0x21 0x12 0x18                                                                                                                                                        SEL.EQZ r16, r16, r17, r27
         626    0x00 0x2c 0xf0 0x00 0x20 0x00 0xc5 0x05 0xff 0xeb 0xc2 0xc2 0x30 0x7e            NOPA;                         NOPB;                         ST r16, [p6, #4];             MOVX r0, #49;                 MOV r1, #-1
.return_address
         640    0x06 0x16 0x16 0x98                                                              LDA r16, [p6, #4]
         644    0x00 0x00                                                                        NOPX
         646    0x00 0x00                                                                        NOPX
         648    0x00 0x00                                                                        NOPX
.no_stack_arguments
         650    0x00 0x02 0x90 0x00 0x01 0x04                                                                                                                                              JL #1312
         656    0x00 0x00                                                                        NOPX
         658    0x00 0x07 0x04 0xda 0x00 0x44                                                                                                                                              MOVXM p2, #462080
         664    0x12 0xf7 0x07 0x98                                                                                                                                                        EQ r27, r11, r16
         668    0x13 0xe0 0xe2 0x18                                                                                                                                                        SEL.EQZ r16, r15, r14, r27
         672    0x00 0x2c 0xf0 0x00 0x20 0x90 0x0b 0x00 0x00 0x00 0xb7 0x60 0x78 0x00 0x00 0xe1  NOPA;                         NOPB;                         MOVS p0, r16;                 NOPX;                         MOV p1, p7;                             NOPV
.return_address
.no_stack_arguments
         688    0x00 0x02 0x80 0x00 0x01 0x04                                                                                                                                              JL #1280
         694    0x00 0x18 0x20 0xa0 0x05 0x64                                                                                                                                              MOVX r0, #48;                 MOV r1, #1
         700    0x00 0x00                                                                        NOPX
         702    0x00 0x00                                                                        NOPX
         704    0x00 0x00                                                                        NOPX
         706    0x00 0x2c 0xf0 0x02 0xb6 0x00 0x00 0x40 0x1a 0x57 0x00 0x00 0x1c 0x2e            NOPA;                                                       NOPS;                                                       NOPM;                                   NOPV
.return_address
         720    0x06 0x16 0x16 0x98                                                              LDA r16, [p6, #4]
         724    0x00 0x00                                                                        NOPX
         726    0x00 0x00                                                                        NOPX
         728    0x00 0x00                                                                        NOPX
         730    0x00 0x00                                                                        NOPX
.no_stack_arguments
         732    0x00 0x02 0x70 0x00 0x01 0x04                                                                                                                                              JL #1248
         738    0x00 0x00                                                                        NOPX
         740    0x84 0x7f 0xe8 0x30 0x01 0x24                                                                                                                                              ADD r17, r16, #-1;            ADD.NC r16, r16, #1
         746    0x12 0xf7 0x0a 0x98                                                                                                                                                        LT r27, r11, r16
         750    0x14 0x21 0x12 0x18                                                                                                                                                        SEL.EQZ r16, r16, r17, r27
         754    0x00 0x2c 0xf0 0x00 0x20 0x00 0xc5 0x05 0xff 0xeb 0xc2 0xc2 0x30 0x7e            NOPA;                         NOPB;                         ST r16, [p6, #4];             MOVX r0, #49;                 MOV r1, #-1
.return_address
         768    0x06 0x16 0x16 0x98                                                              LDA r16, [p6, #4]
         772    0x00 0x00                                                                        NOPX
         774    0x00 0x00                                                                        NOPX
         776    0x00 0x00                                                                        NOPX
.no_stack_arguments
         778    0x00 0x02 0x90 0x00 0x01 0x04                                                                                                                                              JL #1312
         784    0x00 0x00                                                                        NOPX
         786    0x00 0x07 0x04 0xda 0x00 0x44                                                                                                                                              MOVXM p2, #462080
         792    0x12 0xf7 0x07 0x98                                                                                                                                                        EQ r27, r11, r16
         796    0x13 0xe0 0xe2 0x18                                                                                                                                                        SEL.EQZ r16, r15, r14, r27
         800    0x00 0x2c 0xf0 0x00 0x20 0x90 0x0b 0x00 0x00 0x00 0xb7 0x60 0x78 0x00 0x00 0xe1  NOPA;                         NOPB;                         MOVS p0, r16;                 NOPX;                         MOV p1, p7;                             NOPV
.return_address
.no_stack_arguments
         816    0x00 0x02 0x80 0x00 0x01 0x04                                                                                                                                              JL #1280
         822    0x00 0x18 0x20 0xa0 0x05 0x64                                                                                                                                              MOVX r0, #48;                 MOV r1, #1
         828    0x00 0x00                                                                        NOPX
         830    0x00 0x00                                                                        NOPX
         832    0x00 0x00                                                                        NOPX
         834    0x00 0x2c 0xf0 0x02 0xb6 0x00 0x00 0x40 0x1a 0x57 0x00 0x00 0x1c 0x2e            NOPA;                                                       NOPS;                                                       NOPM;                                   NOPV
.return_address
         848    0x06 0x16 0x16 0x98                                                              LDA r16, [p6, #4]
         852    0x00 0x00                                                                        NOPX
         854    0x00 0x00                                                                        NOPX
         856    0x00 0x00                                                                        NOPX
         858    0x00 0x00                                                                        NOPX
.no_stack_arguments
         860    0x00 0x02 0x70 0x00 0x01 0x04                                                                                                                                              JL #1248
         866    0x00 0x00                                                                        NOPX
         868    0x84 0x7f 0xe8 0x30 0x01 0x24                                                                                                                                              ADD r17, r16, #-1;            ADD.NC r16, r16, #1
         874    0x12 0xf7 0x0a 0x98                                                                                                                                                        LT r27, r11, r16
         878    0x14 0x21 0x12 0x18                                                                                                                                                        SEL.EQZ r16, r16, r17, r27
         882    0x00 0x2c 0xf0 0x00 0x20 0x00 0xc5 0x05 0xff 0xeb 0xc2 0xc2 0x30 0x7e            NOPA;                         NOPB;                         ST r16, [p6, #4];             MOVX r0, #49;                 MOV r1, #-1
.return_address
         896    0x06 0x16 0x16 0x98                                                              LDA r16, [p6, #4]
         900    0x00 0x00                                                                        NOPX
         902    0x00 0x00                                                                        NOPX
         904    0x00 0x00                                                                        NOPX
.no_stack_arguments
         906    0x00 0x02 0x90 0x00 0x01 0x04                                                                                                                                              JL #1312
         912    0x00 0x00                                                                        NOPX
         914    0x00 0x07 0x04 0xda 0x00 0x44                                                                                                                                              MOVXM p2, #462080
         920    0x12 0xf7 0x07 0x98                                                                                                                                                        EQ r27, r11, r16
         924    0x13 0xe0 0xe2 0x18                                                                                                                                                        SEL.EQZ r16, r15, r14, r27
         928    0x00 0x2c 0xf0 0x00 0x20 0x90 0x0b 0x00 0x00 0x00 0xb7 0x60 0x78 0x00 0x00 0xe1  NOPA;                         NOPB;                         MOVS p0, r16;                 NOPX;                         MOV p1, p7;                             NOPV
.return_address
.no_stack_arguments
         944    0x00 0x02 0x80 0x00 0x01 0x04                                                                                                                                              JL #1280
         950    0x00 0x18 0x20 0xa0 0x05 0x64                                                                                                                                              MOVX r0, #48;                 MOV r1, #1
         956    0x00 0x00                                                                        NOPX
         958    0x00 0x00                                                                        NOPX
         960    0x00 0x00                                                                        NOPX
         962    0x00 0x2c 0xf0 0x02 0xb6 0x00 0x00 0x40 0x1a 0x57 0x00 0x00 0x1c 0x2e            NOPA;                                                       NOPS;                                                       NOPM;                                   NOPV
.return_address
         976    0x06 0x16 0x16 0x98                                                              LDA r16, [p6, #4]
         980    0x00 0x00                                                                        NOPX
         982    0x00 0x00                                                                        NOPX
         984    0x00 0x00                                                                        NOPX
         986    0x00 0x00                                                                        NOPX
.no_stack_arguments
         988    0x00 0x02 0x80 0x00 0x01 0x04                                                                                                                                              JL #1280
         994    0x00 0x00                                                                        NOPX
         996    0x84 0x7f 0xe8 0x30 0x01 0x24                                                                                                                                              ADD r17, r16, #-1;            ADD.NC r16, r16, #1
        1002    0x12 0xf7 0x0a 0x98                                                                                                                                                        LT r27, r11, r16
        1006    0x14 0x21 0x12 0x18                                                                                                                                                        SEL.EQZ r16, r16, r17, r27
        1010    0x00 0x2c 0xf0 0x00 0x20 0x02 0x05 0x01 0x06 0x4b 0xc2 0xc2 0x30 0x7e            NOPA;                         NOPB;                         ST r16, [p6, #4];             MOVX r1, #1;                  MOV r0, #50
.return_address
        1024    0xc0 0xc2 0xd0 0x00 0x00 0x03 0xb0 0xd8 0x10 0xba                                LDA r16, [p6];                                                                            MOVXM p7, #432
        1034    0x00 0x00                                                                        NOPX
        1036    0x00 0x00                                                                        NOPX
        1038    0x00 0x00                                                                        NOPX
        1040    0x00 0x00                                                                        NOPX
        1042    0x12 0x11 0xe0 0x18                                                                                                                                                        JNZD r8, r8, p7
        1046    0x00 0x00                                                                        NOPX
        1048    0x84 0x7f 0xe8 0x30 0x01 0x24                                                                                                                                              ADD r17, r16, #-1;            ADD.NC r16, r16, #1
        1054    0x12 0xf7 0x0a 0x98                                                                                                                                                        LT r27, r11, r16
        1058    0x14 0x21 0x12 0x18                                                                                                                                                        SEL.EQZ r16, r16, r17, r27
        1062    0x0e 0x06 0x11 0x98                                                                                                                          ST r16, [p6]
.loop_nesting 1
        1066    0x07 0xcd 0x11 0x18                                                              LDA r8, [sp, #-52]
        1070    0x00 0x00                                                                        NOPX
.no_stack_arguments
        1072    0x00 0x02 0x80 0x00 0x01 0x04                                                                                                                                              JL #1280
        1078    0x00 0x00                                                                        NOPX
        1080    0x00 0x00                                                                        NOPX
        1082    0x00 0x00                                                                        NOPX
        1084    0x1c 0x1c 0xc0 0xf8                                                                                                                                                                                      MOV r16, p6
        1088    0x00 0x21 0x00 0x00 0x20 0x01 0x5b 0x00 0x06 0xab 0xb4 0x3f 0x08 0x00 0x00 0xe1  MOVA r1, #1;                  NOPB;                         NOPS;                         MOVX r0, #53;                 ADD.NC p7, r16, #-4;                    NOPV
.return_address
        1104    0xfa 0x4a 0x20 0x11 0x00 0x3a 0x28 0x00 0x58 0xba                                LDA r18, [sp, #-48];                                                                      ADD r16, r8, #1;              MOV r17, #0
        1114    0xde 0xce 0xd0 0x1f 0xff 0xfe 0xaf 0xff 0x10 0xba                                LDA r19, [p6, #-4];                                                                       MOVXM r21, #2147483646
        1124    0x12 0xa9 0x08 0x98                                                                                                                                                        NE r20, r10, r16
        1128    0x00 0x00                                                                        NOPX
        1130    0x00 0x00                                                                        NOPX
        1132    0x00 0x00                                                                        NOPX
        1134    0x00 0x00                                                                        NOPX
        1136    0x14 0x65 0x22 0x98                                                                                                                                                        ADC r18, r17, r18
        1140    0xfa 0x4a 0xba 0xd6 0x79 0x5c                                                                                                                ST r18, [sp, #-48];           LTU r21, r21, r19
        1146    0x14 0xa3 0x1a 0x98                                                                                                                                                        LT r17, r18, r17
        1150    0x95 0x9a 0x09 0x33 0xaa 0xa4                                                                                                                                              EQZ r22, r18;                 ADD.NC r18, r19, r21
        1156    0xe3 0xca 0x3b 0x4a 0x89 0x5c                                                                                                                ST r18, [p7], #4;             AND r18, r22, r20
        1162    0x14 0x63 0x25 0x98                                                                                                                                                        OR r17, r17, r18
        1166    0x88 0x00 0xb0 0x40 0x01 0x84                                                                                                                                              JNZ r17, #352
        1172    0x00 0x00                                                                        NOPX
        1174    0x00 0x00                                                                        NOPX
        1176    0x00 0x00                                                                        NOPX
        1178    0x00 0x00                                                                        NOPX
        1180    0x00 0x00                                                                        NOPX
.loop_nesting 0
        1182    0x07 0xd4 0x39 0x18                                                              LDA lr, [sp, #-44]
        1186    0x07 0xf9 0x11 0x18                                                              LDA r8, [sp, #-8]
        1190    0x07 0xf5 0x31 0x18                                                              LDA r9, [sp, #-12]
        1194    0x07 0xf1 0x51 0x18                                                              LDA r10, [sp, #-16]
        1198    0x07 0xed 0x71 0x18                                                              LDA r11, [sp, #-20]
        1202    0x07 0xe9 0x91 0x18                                                              LDA r12, [sp, #-24]
        1206    0x07 0xe5 0xb1 0x18                                                              LDA r13, [sp, #-28]
        1210    0x07 0xe1 0xd1 0x18                                                              LDA r14, [sp, #-32]
        1214    0x07 0xdd 0xf1 0x18                                                              LDA r15, [sp, #-36]
        1218    0x07 0xdb 0x19 0x18                                                              LDA p6, [sp, #-40]
        1222    0x07 0xff 0x99 0x18                                                              LDA p7, [sp, #-4]
        1226    0x10 0x28 0x00 0x18                                                                                                                                                        RET lr
        1230    0x00 0x00                                                                        NOPX
        1232    0x00 0x00                                                                        NOPX
        1234    0x00 0x00                                                                        NOPX
        1236    0x00 0x00                                                                        NOPX
        1238    0xff 0xf8 0x00 0x00 0x01 0xc4                                                                                                                                              PADDXM [sp], #-64
.label core_0_2__end

.text_segment PM   1248
.label llvm___aie2p___acquire
.function_start
        1248    0x10 0x12 0x18 0x18                                                                                                                                                        ACQ r0, r1
        1252    0x10 0x28 0x00 0x18                                                                                                                                                        RET lr
        1256    0x00 0x00                                                                        NOPX
        1258    0x00 0x00                                                                        NOPX
        1260    0x00 0x00                                                                        NOPX
        1262    0x00 0x00                                                                        NOPX
        1264    0x00 0x00                                                                        NOPX
.label llvm___aie2p___acquire__end

.text_segment PM   1280
.label llvm___aie2p___release
.function_start
        1280    0x10 0x10 0x18 0x18                                                                                                                                                        REL r0, r1
        1284    0x10 0x28 0x00 0x18                                                                                                                                                        RET lr
        1288    0x00 0x00                                                                        NOPX
        1290    0x00 0x00                                                                        NOPX
        1292    0x00 0x00                                                                        NOPX
        1294    0x00 0x00                                                                        NOPX
        1296    0x00 0x00                                                                        NOPX
.label llvm___aie2p___release__end

.text_segment PM   1312
.label matmul_vectorized_bfp16
.function_start
        1312    0x00 0x64 0x02 0x1f 0x20 0x00 0x01 0xe9 0xb7 0x86 0x10 0xb6                      MOVA r4, #3;                  PADDB [p1], #0;                                             MOVXM p3, #503564
        1324    0x60 0x9e 0xd0 0x04 0x8b 0x00 0x01 0xea 0x37 0x88 0x10 0x76                      LDA r7, [p3];                                               MOVS dc0, p1;                 MOVXM p4, #503568
        1336    0x80 0xc8 0x50 0x01 0x80 0x08 0x48 0x40 0x58 0xba                                LDA.s8 r18, [p4];                                                                         MOVX r24, #0;                 MOV r2, #64
        1346    0x01 0x25 0x00 0x20 0x10 0x08 0x28 0x08 0x10 0xba                                MOVA r5, #9;                                                                              MOVXM r1, #-2143281136
        1356    0x00 0x22 0x00 0x13 0x00 0x09 0x84 0x39 0x78 0xba                                MOVA r2, #1;                                                                              MOVX r16, #576;               VBCST.8 x6, r2
        1366    0x10 0x11 0x00 0x1f 0xdf 0xdc 0x6f 0xbf 0x90 0xba                                MOVA r17, #128;                                                                           MOVXM r3, #2139062143
        1376    0x05 0x40 0x2a 0xc0 0xe5 0xe4                                                                                                                                              MOVX r21, #0;                 VBCST.8 x10, r24
        1382    0x08 0x04 0x00 0x24 0x02 0x44                                                                                                                                              MOVXM r0, #134480385
        1388    0x3e 0xc8 0xf2 0x27 0x01 0x24                                                                                                                                              EQ r27, r7, r4;               ADD.NC r4, r7, #1
        1394    0xff 0xa4 0x00 0x09 0x3c 0x11 0xe9 0x82 0x18 0xba                                MOVA r4, #-3;                                                                             SEL.EQZ r19, r4, r24, r27;    VSEL.8 x7, x10, x6, r1:r0
        1404    0x09 0x01 0x03 0x06 0x71 0x8e 0x02 0xed 0xc1 0xce 0x78 0x76                      MOVA r1, #72;                                               ST r19, [p3];                 LSHL r0, r7, r5;              MOV el7, r3
        1416    0x00 0xe3 0x00 0x25 0xd4 0x01 0xe1 0xce 0x78 0xba                                MOVA r3, #7;                                                                              MOVX crRnd, r18;              MOV eh7, r3
        1426    0x61 0x87 0x00 0x07 0xff 0xfe 0x6f 0x00 0x10 0xba                                MOVA r7, #780;                                                                            MOVXM r19, #536870400
        1436    0x00 0xa8 0x00 0x00 0x01 0xc4                                                                                                                                              PADDXM [sp], #1344
        1442    0xfe 0x3e 0x60 0x26 0x00 0x26 0x6a 0x60 0x79 0x3a                                                                                            VST x7, [sp, #-256];          AND r0, r19, r0;              MOV r19, p2
        1452    0xff 0xbd 0xb0 0x0b 0x30 0x30 0xa8 0x60 0x79 0x3a                                                                                            ST el7, [sp, #-4];            MAC r19, r19, r5, r0;         MOV r5, p0
        1462    0xff 0x39 0xb0 0x00 0x00 0x00 0x7b 0x10 0x11 0x3a                                                                                            ST eh7, [sp, #-8];            MOVXM ls, #1568
        1472    0x00 0x00 0x06 0xf4 0x20 0x44                                                                                                                                              MOVXM le, #2576
        1478    0x00 0x2c 0xf0 0x00 0x00 0x02 0x4a 0x40 0x10 0xba                                NOPA;                                                                                     MOVXM r18, #1152
        1488    0x00 0x2c 0xf0 0x00 0x20 0x01 0x5b 0x00 0x00 0x01 0xb2 0xf0 0x10 0x00 0x00 0xe1  NOPA;                         NOPB;                         NOPS;                         MOVXM p3, #1504;                                                      NOPV
.label TGT_Fmatmul_vectorized_bfp16_192
.loop_nesting 1
        1504    0x01 0x05 0x41 0x80 0x4b 0x2a 0x01 0xee 0xc9 0x50 0x78 0x76                      MOVA lc, #8;                                                MOVS p1, dc0;                 LSHL r0, r21, r3;             MOV r22, r5
        1516    0x00 0x1d 0x00 0x2b 0x68 0x30 0x0c 0x40 0xa8 0xba                                MOVA r29, #0;                                                                             MAC r22, r22, r21, r16;       ADD.NC r0, r17, r0
        1526    0x00 0x09 0xbe 0x20 0x01 0x64                                                                                                                                              LSHL r0, r0, r4;              MOV r28, #0
        1532    0x00 0x16 0x00 0x56 0x0b 0x03 0x70 0x32 0xec 0xd0 0x78 0x76                      MOVA r22, #0;                                               MOVS dn0, r22;                MAC r23, r23, r1, r0;         MOV r23, r19
        1544    0xa8 0x24 0xc0 0x33 0x41 0xe4                                                                                                                                              MAC r0, r0, r21, r18;         MOV r0, r19
        1550    0x00 0x2c 0xf1 0x17 0x0b 0x01 0xe0 0x09 0x25 0xd0 0x78 0x76                      NOPA;                                                       MOVS dc1, r23;                MOVX r30, #0;                 MOV dn2, r23
        1562    0x06 0x40 0x25 0x80 0x41 0xe4                                                                                                                                              MOVX r25, #0;                 MOV dc2, r0
.label ZLS_Fmatmul_vectorized_bfp16_256
.loop_nesting 2
.begin_of_loop
        1568    0xfd 0xb8 0xfa 0x28 0x28 0x30 0x01 0x6d 0xe2 0x0f 0x10 0x49 0x60 0x7e            VLDA sfl, [sp, #-320];        VLDB.FILL.512 [p1, lf1, r25]; MOVS p0, dn0;                 MOVX r24, #0;                 MOV r27, r28
        1582    0xa0 0x31 0x78 0x28 0x2a 0x80 0x0b 0x03 0x4f 0x50 0x70 0xf6                      VLDA.POP.576 ex6, [p1, lf1, r25];VLDB.FILL.512 [p0, lf0, r24];MOVS p2, r0;                                              MOV r26, r29
        1594    0xfd 0x68 0xfa 0x28 0x28 0x3c                                                    VLDA sfh, [sp, #-384];        VLDB.FILL.512 [p1, lf1, r25]
        1600    0x3b 0x01 0xd4 0x18                                                                                            VLDB.POP.576 ex7, [p1, lf1, r25]
        1604    0x3d 0x14 0x14 0x18                                                                                            VLDB.FILL.512 [p1, lf1, r25]
        1608    0x3b 0x02 0x94 0x18                                                                                            VLDB.POP.576 ex10, [p1, lf1, r25]
        1612    0x3d 0x14 0x14 0x18                                                                                            VLDB.FILL.512 [p1, lf1, r25]
        1616    0x3b 0x02 0xd4 0x18                                                                                            VLDB.POP.576 ex11, [p1, lf1, r25]
        1620    0x3d 0x14 0x14 0x18                                                                                            VLDB.FILL.512 [p1, lf1, r25]
        1624    0x3b 0x00 0x54 0x18                                                                                            VLDB.POP.576 ex1, [p1, lf1, r25]
        1628    0x3d 0x14 0x14 0x18                                                                                            VLDB.FILL.512 [p1, lf1, r25]
        1632    0x3b 0x00 0xd4 0x18                                                                                            VLDB.POP.576 ex3, [p1, lf1, r25]
        1636    0x3d 0x14 0x14 0x18                                                                                            VLDB.FILL.512 [p1, lf1, r25]
        1640    0x60 0x12 0x8f 0xdd 0x66 0x4c                                                                                  VLDB.POP.576 ex2, [p1, lf1, r25];VST x10, [sp, #-320]
        1646    0xa2 0x82 0x8f 0xed 0x5b 0x4c                                                                                  VLDB.FILL.512 [p1, lf1, r25]; ST el10, [sp, #-12]
        1652    0xfe 0x51 0xb3 0x00 0x14 0x02 0x0b 0x2e 0x76 0xba                                                              VLDB.POP.576 ex0, [p1, lf1, r25];ST eh10, [sp, #-16];                                     VMOV ex8, ex11
        1662    0xfe 0x1f 0x7a 0x28 0x28 0x3c                                                    VLDA x3, [sp, #-256];         VLDB.FILL.512 [p1, lf1, r25]
        1668    0xff 0x9d 0x26 0x05 0x28 0x3c                                                    LDA el3, [sp, #-4];           VLDB.POP.576 ex10, [p1, lf1, r25]
        1674    0xff 0x19 0x2a 0x28 0x28 0x3c                                                    LDA eh3, [sp, #-8];           VLDB.FILL.512 [p1, lf1, r25]
        1680    0x60 0x22 0x8f 0xd1 0xe6 0x4c                                                                                  VLDB.POP.576 ex4, [p1, lf1, r25];VST x3, [sp, #-384]
        1686    0xa2 0x82 0x8f 0xd9 0xdb 0x4c                                                                                  VLDB.FILL.512 [p1, lf1, r25]; ST el3, [sp, #-20]
        1692    0x60 0x4a 0x8f 0xd1 0x9b 0x4c                                                                                  VLDB.POP.576 ex9, [p1, lf1, r25];ST eh3, [sp, #-24]
        1698    0x3d 0x14 0x14 0x18                                                                                            VLDB.FILL.512 [p1, lf1, r25]
        1702    0x60 0x02 0x8b 0x00 0xb9 0xf4                                                                                  VLDB.POP.576 ex0, [p1, lf1, r25];                                                         VMOV ex11, ex0
        1708    0x3d 0x14 0x14 0x18                                                                                            VLDB.FILL.512 [p1, lf1, r25]
        1712    0x60 0x2a 0x8f 0x5d 0xe6 0x4c                                                                                  VLDB.POP.576 ex5, [p1, lf1, r25];VST x11, [sp, #-1344]
        1718    0xa2 0x82 0x86 0xdd 0xdb 0x4c                                                                                  VLDB.FILL.512 [p1, lf1, r25]; ST el11, [sp, #-1172]
        1724    0x60 0x22 0x8f 0xaa 0x66 0x4c                                                                                  VLDB.POP.576 ex4, [p1, lf1, r25];VST x4, [sp, #-704]
        1730    0xa2 0x82 0x8f 0xca 0x5b 0x4c                                                                                  VLDB.FILL.512 [p1, lf1, r25]; ST el4, [sp, #-28]
        1736    0x60 0x4a 0x8f 0xc2 0x1b 0x4c                                                                                  VLDB.POP.576 ex9, [p1, lf1, r25];ST eh4, [sp, #-32]
        1742    0xfa 0x4e 0x62 0x01 0x14 0x03 0xee 0x50 0x76 0xba                                                              VLDB.POP.576 ex4, [p0, lf0, r24];VST x9, [sp, #-768];                                     MOV r31, r25
        1752    0xfb 0xcd 0xb2 0x01 0x54 0x00 0xa1 0x60 0x76 0xba                                                              VLDB.POP.576 ex5, [p0, lf0, r24];ST el9, [sp, #-36];                                      MOV dn1, p1
        1762    0xfb 0x49 0xb0 0x00 0xb2 0xc0 0x70 0x02                                                                                                      ST eh9, [sp, #-40];                                         MOV p1, dc2
        1770    0xf9 0x2e 0x60 0x03 0x2e 0xd0 0x70 0x02                                                                                                      VST x5, [sp, #-896];                                        MOV r25, r27
        1778    0x0f 0xcd 0x6d 0x98                                                                                                                          ST el5, [sp, #-52]
        1782    0x0f 0xbd 0x33 0x18                                                                                                                          VST x4, [sp, #-1088]
        1786    0x0f 0xc5 0x2d 0x98                                                                                                                          ST el4, [sp, #-60]
        1790    0x0f 0xc1 0x0d 0x98                                                                                                                          ST eh4, [sp, #-64]
        1794    0x0f 0xc9 0x4d 0x98                                                                                                                          ST eh5, [sp, #-56]
        1798    0x07 0xda 0x47 0x98                                                              VLDA lfh1, [sp, #-640]
        1802    0x0f 0xc2 0x6b 0x18                                                                                                                          VST lfh1, [sp, #-1024]
        1806    0x0f 0xc6 0xeb 0x18                                                                                                                          VST lfl1, [sp, #-960]
        1810    0x07 0xde 0xc7 0x98                                                              VLDA lfl1, [sp, #-576]
        1814    0xa2 0x82 0x8f 0x98 0x66 0x4c                                                                                  VLDB.FILL.512 [p1, lf1, r25]; VST x0, [sp, #-832]
        1820    0x60 0x02 0x8f 0xa8 0x5b 0x4c                                                                                  VLDB.POP.576 ex0, [p1, lf1, r25];ST el0, [sp, #-44]
        1826    0xa2 0x82 0x8f 0xa0 0x1b 0x4c                                                                                  VLDB.FILL.512 [p1, lf1, r25]; ST eh0, [sp, #-48]
        1832    0x60 0x0a 0x8f 0x74 0xe6 0x4c                                                                                  VLDB.POP.576 ex1, [p1, lf1, r25];VST x9, [sp, #-1152]
        1838    0xa2 0x82 0x86 0xfc 0xdb 0x4c                                                                                  VLDB.FILL.512 [p1, lf1, r25]; ST el9, [sp, #-1156]
        1844    0x0b 0x7a 0x4d 0x98                                                                                                                          ST eh9, [sp, #-1160]
        1848    0x0f 0xb1 0x73 0x18                                                                                                                          VST x5, [sp, #-1280]
        1852    0x40 0x42 0x86 0xea 0xdb 0x4c                                                                                  VLDB.POP.576 ex8, [p0, lf0, r24];ST el5, [sp, #-1164]
        1858    0xfd 0xa7 0x72 0x02 0x54 0x00 0x01 0x2e 0x7e 0xba                                VLDA x4, [sp, #-320];         VLDB.POP.576 ex9, [p0, lf0, r24];                                                         VMOV ex0, ex1
        1868    0xfe 0xa5 0x20 0x04 0x38 0xe0 0x69 0x62                                          LDA el4, [sp, #-12];                                                                                                                                            VMUL.f dm0, ex0, ex3, r7
        1876    0xfe 0x21 0x21 0x0c 0xb9 0xd4                                                    LDA eh4, [sp, #-16];                                                                                                    VMOV ex1, ex3
        1882    0x6e 0x29 0xb1 0x94 0x5c 0xe4 0x39 0xe2 0x69 0x4a                                                                                            ST eh5, [sp, #-1168];                                       VMOV ex3, ex10;                         VMUL.f dm1, ex1, ex3, r7
        1892    0x6d 0x59 0xb4 0x02 0x2d 0x04 0x5c 0xe6 0x38 0x08 0xc9 0x66                                                    VLDB.POP.576 ex4, [p0, lf0, r24];ST eh11, [sp, #-1176];                                   VMOV ex10, ex2;                         VMAC.f dm0, dm0, ex4, ex6, r7
        1904    0xfc 0x08 0xf5 0x80 0x8b 0x00 0x80 0x2e 0x72 0xba                                VLDA lfh0, [sp, #-512];                                     MOVS p5, p0;                                                VMOV ex2, ex0
        1914    0xfc 0x98 0xf1 0x14 0x96 0x00 0x00 0x40 0x82 0xe7 0x39 0x28 0xe9 0x6e            VLDA lfl0, [sp, #-448];                                     MOVS p0, dn2;                                               VMOV ex0, ex8;                          VMAC.f dm1, dm1, ex4, ex7, r7
        1928    0x1d 0xdc 0x20 0xf8                                                                                                                                                                                      MOV r23, r24
        1932    0xfd 0xce 0x60 0x03 0x0d 0x90 0x70 0x02                                                                                                      VST x9, [sp, #-320];                                        MOV r24, r22
        1940    0xfe 0xcd 0xb8 0x28 0x2c 0x04 0x5c 0xe6 0x38 0x10 0x89 0x66                                                    VLDB.FILL.512 [p0, lf0, r24]; ST el9, [sp, #-12];                                         VMOV ex8, ex2;                          VMAC.f dm0, dm0, ex8, ex4, r7
        1952    0xfe 0x49 0xb2 0x00 0x94 0x01 0x39 0x30 0x09 0x4a                                                              VLDB.POP.576 ex2, [p0, lf0, r24];ST eh9, [sp, #-16];                                                                              VMAC.f dm1, dm1, ex8, ex0, r7
        1962    0xfb 0x0d 0x60 0x02 0x44 0x2e 0x70 0x02                                                                                                      VST lfh0, [sp, #-640];                                      VMOV ex9, ex4
        1970    0xfb 0x9d 0x60 0x00 0xce 0x10 0x70 0x02                                                                                                      VST lfl0, [sp, #-576];                                      MOV r6, r24
        1978    0xfb 0x08 0xf3 0x00 0x8b 0x03 0x0d 0xd0 0x72 0xba                                VLDA lfh0, [sp, #-640];                                     MOVS dc3, p0;                                               MOV r24, r23
        1988    0xfd 0x3f 0x76 0x02 0xa8 0x94 0x8b 0x02 0xe9 0x90 0x70 0xf6                      VLDA x7, [sp, #-384];         VLDB.POP.576 ex5, [p1, lf1, r25];MOVS p0, p5;                                             MOV r23, r6
        2000    0xfd 0xbd 0x2a 0x28 0x28 0x3c                                                    LDA el7, [sp, #-20];          VLDB.FILL.512 [p1, lf1, r25]
        2006    0x07 0xe9 0xc9 0x18                                                              LDA eh7, [sp, #-24]
        2010    0xfd 0x0d 0x60 0x00 0x47 0x2e 0x70 0x02                                                                                                      VST lfh0, [sp, #-384];                                      VMOV ex1, ex7
        2018    0xfc 0x9d 0x60 0x02 0x3a 0xe4 0x29 0x62                                                                                                      VST lfl0, [sp, #-448];                                                                              VMUL.f dm2, ex2, ex1, r7
        2026    0x07 0xdc 0xc7 0x98                                                              VLDA lfl0, [sp, #-576]
        2030    0xfe 0x17 0x72 0x01 0x54 0x01 0x88 0x2e 0x7e 0xba                                VLDA x2, [sp, #-256];         VLDB.POP.576 ex5, [p0, lf0, r24];                                                         VMOV ex6, ex8
        2040    0xfd 0xc7 0x70 0x04 0x3a 0x4a 0xc9 0x62                                          VLDA x8, [sp, #-320];                                                                                                                                           VMAC.f dm2, dm2, ex5, ex6, r7
        2048    0xfe 0xc5 0x20 0x04 0x38 0x08 0xc9 0x62                                          LDA el8, [sp, #-12];                                                                                                                                            VMAC.f dm0, dm0, ex4, ex6, r7
        2056    0xfe 0x41 0x22 0x02 0x14 0x1d 0x39 0x28 0xe9 0x4a                                LDA eh8, [sp, #-16];          VLDB.POP.576 ex8, [p0, lf0, r24];                                                                                                 VMAC.f dm1, dm1, ex4, ex7, r7
        2066    0xff 0xa5 0x24 0x04 0xa8 0x3c                                                    LDA el4, [sp, #-4];           VLDB.POP.576 ex9, [p0, lf0, r24]
        2072    0xff 0x21 0x28 0x28 0x28 0x3c                                                    LDA eh4, [sp, #-8];           VLDB.FILL.512 [p0, lf0, r24]
        2078    0x80 0x21 0x76 0x01 0xa8 0x3c                                                    VLDA.POP.576 ex4, [p0, lf0, r24];VLDB.POP.576 ex3, [p1, lf1, r25]
        2084    0x40 0x91 0x62 0x01 0x54 0x01 0x02 0x2e 0x76 0xba                                                              VLDB.POP.576 ex5, [p0, lf0, r24];MOVS dc2, p1;                                            VMOV ex4, ex2
        2094    0xfa 0xbf 0x72 0x02 0x14 0x03 0x8e 0x50 0x7e 0xba                                VLDA x7, [sp, #-704];         VLDB.POP.576 ex8, [p0, lf0, r24];                                                         MOV r28, r25
        2104    0xfc 0xbd 0x24 0x00 0x28 0x3c                                                    LDA el7, [sp, #-28];          VLDB.POP.576 ex0, [p0, lf0, r24]
        2110    0xfc 0x39 0x24 0x02 0x2d 0x8a 0x5c 0xe2 0x3a 0x51 0x29 0x66                      LDA eh7, [sp, #-32];          VLDB.POP.576 ex4, [p0, lf0, r24];                                                         VMOV ex11, ex5;                         VMAC.f dm2, dm2, ex8, ex9, r7
        2122    0xfd 0x08 0xf6 0x81 0x16 0x00 0x00 0x68 0xe1 0x07 0x39 0x31 0x69 0x6e            VLDA lfh0, [sp, #-384];                                     MOVS dn3, p0;                                               MOV r20, r24;                           VMAC.f dm1, dm1, ex8, ex11, r7
        2136    0xfc 0x98 0xf1 0x18 0x96 0x00 0x00 0x58 0x32 0xe7 0x38 0x11 0x49 0x6e            VLDA lfl0, [sp, #-448];                                     MOVS p0, dc3;                                               VMOV ex6, ex3;                          VMAC.f dm0, dm0, ex8, ex10, r7
        2150    0xfb 0x4d 0x61 0x08 0x5c 0xe4 0x3a 0x4a 0xc9 0x4a                                                                                            VST lfh1, [sp, #-640];                                      VMOV ex2, ex4;                          VMAC.f dm2, dm2, ex5, ex6, r7
        2160    0xfb 0xdd 0x60 0x00 0xc7 0x2e 0x70 0x02                                                                                                      VST lfl1, [sp, #-576];                                      VMOV ex3, ex7
        2168    0x05 0x00 0x5c 0xe6 0x38 0x08 0xc9 0x62                                                                                                                                                                  VMOV ex10, ex0;                         VMAC.f dm0, dm0, ex4, ex6, r7
        2176    0x06 0x1b 0xa0 0xe6 0x3a 0x53 0x49 0x62                                                                                                                                                                  MOV r24, r23;                           VMAC.f dm2, dm2, ex9, ex10, r7
        2184    0xfa 0x8d 0x68 0x28 0x2d 0xda 0x20 0xe6 0x39 0x28 0xe9 0x66                                                    VLDB.FILL.512 [p0, lf0, r24]; VST lfh0, [sp, #-704];                                      MOV r23, r20;                           VMAC.f dm1, dm1, ex4, ex7, r7
        2196    0xfc 0x1d 0x62 0x00 0xd4 0x01 0x83 0x2e 0x76 0xba                                                              VLDB.POP.576 ex3, [p0, lf0, r24];VST lfl0, [sp, #-512];                                   VMOV ex6, ex3
        2206    0x04 0x14 0x14 0x00 0x3a 0x4a 0xc9 0x62                                                                        VLDB.FILL.512 [p0, lf0, r24];                                                                                                     VMAC.f dm2, dm2, ex5, ex6, r7
        2214    0xf6 0x17 0x74 0x01 0xa8 0x3c                                                    VLDA x2, [sp, #-1280];        VLDB.POP.576 ex3, [p0, lf0, r24]
        2220    0x6e 0x95 0x21 0x80 0x8b 0x03 0x2e 0x10 0x72 0xba                                LDA el2, [sp, #-1164];                                      MOVS p1, p0;                                                MOV r25, r24
        2230    0x6e 0x11 0x20 0x8e 0x4b 0x03 0x0d 0xd0 0x72 0xba                                LDA eh2, [sp, #-1168];                                      MOVS p0, dn3;                                               MOV r24, r23
        2240    0x07 0xec 0x7b 0x98                                                              VLDA x1, [sp, #-320]
        2244    0xfe 0x8d 0x2a 0x28 0x28 0x3c                                                    LDA el1, [sp, #-12];          VLDB.FILL.512 [p1, lf1, r25]
        2250    0xfe 0x09 0x26 0x01 0xa8 0x3c                                                    LDA eh1, [sp, #-16];          VLDB.POP.576 ex3, [p1, lf1, r25]
        2256    0xf5 0x97 0x74 0x89 0x16 0x00 0x00 0x6c 0xe5 0x07 0x3b 0xe6 0x49 0x6e            VLDA x2, [sp, #-1344];                                      MOVS dn2, p1;                                               MOV r22, r25;                           VMUL.f dm3, ex3, ex2, r7
        2270    0x6d 0x95 0x21 0x86 0x4b 0x02 0xb2 0xc9 0x72 0xba                                LDA el2, [sp, #-1172];                                      MOVS p1, dn1;                                               VMOV lfl1, lfl0
        2280    0x6d 0x11 0x28 0xc3 0x25 0xd4                                                    LDA eh2, [sp, #-1176];                                                                                                  VMOV lfh1, lfh0
        2286    0xfa 0x57 0x76 0x5f 0xa0 0xe2 0x3b 0x64 0x29 0x4a                                VLDA x10, [sp, #-768];                                                                                                  MOV r25, r31;                           VMAC.f dm3, dm3, ex2, ex1, r7
        2296    0x07 0xde 0xa9 0x18                                                              LDA el10, [sp, #-36]
        2300    0x07 0xda 0x89 0x18                                                              LDA eh10, [sp, #-40]
        2304    0xf9 0xdf 0x70 0x04 0x3b 0x63 0x49 0x62                                          VLDA x11, [sp, #-832];                                                                                                                                          VMAC.f dm3, dm3, ex1, ex10, r7
        2312    0x07 0xd6 0xe9 0x18                                                              LDA el11, [sp, #-44]
        2316    0x07 0xd2 0xc9 0x18                                                              LDA eh11, [sp, #-48]
        2320    0xfc 0x18 0xf0 0x84 0x5c 0xe2 0x3b 0x76 0xc9 0x4a                                VLDA lfl0, [sp, #-512];                                                                                                 VMOV ex1, ex2;                          VMAC.f dm3, dm3, ex11, ex6, r7
        2330    0x07 0xc9 0xbb 0x98                                                              VLDA x6, [sp, #-896]
        2334    0xf9 0xb5 0x29 0x00 0xb9 0xd4                                                    LDA el6, [sp, #-52];                                                                                                    VMOV ex9, ex0
        2340    0xf9 0x31 0x20 0x04 0x3b 0x72 0x29 0x62                                          LDA eh6, [sp, #-56];                                                                                                                                            VMAC.f dm3, dm3, ex9, ex1, r7
        2348    0xfa 0x88 0xf0 0x04 0x38 0x11 0x49 0x62                                          VLDA lfh0, [sp, #-704];                                                                                                                                         VMAC.f dm0, dm0, ex8, ex10, r7
        2356    0xf7 0xbf 0x72 0x01 0x54 0x1d 0x3a 0x53 0x49 0x4a                                VLDA x7, [sp, #-1088];        VLDB.POP.576 ex5, [p0, lf0, r24];                                                                                                 VMAC.f dm2, dm2, ex9, ex10, r7
        2366    0xf8 0xbd 0x22 0x02 0x14 0x1d 0x3b 0x6a 0xe9 0x4a                                LDA el7, [sp, #-60];          VLDB.POP.576 ex8, [p0, lf0, r24];                                                                                                 VMAC.f dm3, dm3, ex5, ex7, r7
        2376    0xf8 0x39 0x22 0x02 0x54 0x1d 0x39 0x31 0x69 0x4a                                LDA eh7, [sp, #-64];          VLDB.POP.576 ex9, [p0, lf0, r24];                                                                                                 VMAC.f dm1, dm1, ex8, ex11, r7
        2386    0xf8 0x48 0xf0 0x2a 0x08 0x30 0x08 0x60 0x78 0xba                                VLDA lfh1, [sp, #-1024];                                                                  MAC r0, r0, r21, r16;         MOV r0, p0
        2396    0xfc 0x4d 0x60 0x01 0x80 0x09 0x3b 0x73 0x69 0x6a                                                                                            VST lfh1, [sp, #-512];        MOVX r24, #0;                                                         VMAC.f dm3, dm3, ex9, ex11, r7
        2406    0xfc 0xdd 0x60 0x60 0x20 0xe4 0x38 0x08 0xc9 0x4a                                                                                            VST lfl1, [sp, #-448];                                      MOV p0, r0;                             VMAC.f dm0, dm0, ex4, ex6, r7
        2416    0xf8 0xd8 0xf8 0x28 0x28 0x3c                                                    VLDA lfl1, [sp, #-960];       VLDB.FILL.512 [p0, lf0, r24]
        2422    0xf7 0x57 0x7a 0x28 0x28 0x3c                                                    VLDA x10, [sp, #-1152];       VLDB.FILL.512 [p1, lf1, r25]
        2428    0x6f 0xd5 0x23 0x02 0xd4 0x1d 0x3a 0x4a 0xc9 0x4a                                LDA el10, [sp, #-1156];       VLDB.POP.576 ex11, [p1, lf1, r25];                                                                                                VMAC.f dm2, dm2, ex5, ex6, r7
        2438    0x6f 0x51 0x25 0x14 0x14 0x1d 0x39 0x28 0xe9 0x4a                                LDA eh10, [sp, #-1160];       VLDB.FILL.512 [p1, lf1, r25];                                                                                                     VMAC.f dm1, dm1, ex4, ex7, r7
        2448    0x03 0x00 0x54 0x00 0x3b 0x6a 0xe9 0x62                                                                        VLDB.POP.576 ex1, [p1, lf1, r25];                                                                                                 VMAC.f dm3, dm3, ex5, ex7, r7
        2456    0x80 0x09 0x7a 0x28 0x28 0x3c                                                    VLDA.POP.576 ex1, [p0, lf0, r24];VLDB.FILL.512 [p1, lf1, r25]
        2462    0x80 0x19 0x76 0x00 0xa8 0x3c                                                    VLDA.POP.576 ex3, [p0, lf0, r24];VLDB.POP.576 ex1, [p1, lf1, r25]
        2468    0x00 0x00                                                                        NOPX
        2470    0x00 0x00                                                                        NOPX
        2472    0x00 0x00                                                                        NOPX
        2474    0x38 0x11 0x49 0x48                                                                                                                                                                                                                              VMAC.f dm0, dm0, ex8, ex10, r7
        2478    0x39 0x31 0x69 0x48                                                                                                                                                                                                                              VMAC.f dm1, dm1, ex8, ex11, r7
        2482    0x3a 0x53 0x49 0x48                                                                                                                                                                                                                              VMAC.f dm2, dm2, ex9, ex10, r7
        2486    0x3b 0x73 0x69 0x48                                                                                                                                                                                                                              VMAC.f dm3, dm3, ex9, ex11, r7
        2490    0x00 0x00                                                                        NOPX
        2492    0x00 0x00                                                                        NOPX
        2494    0x0d 0x80 0x03 0x18                                                                                                                          VST.PUSH.576.CONV.bfp16ebs8.fp32 dm0, [p2, sf, r26]
        2498    0xff 0x68 0xf2 0x00 0x06 0x0c                                                    VLDA sfh, [sp, #-128];                                      VST.FLUSH.512.CONV [p2, sf, r26]
        2504    0xfe 0xb8 0xfb 0x01 0x06 0x0c                                                    VLDA sfl, [sp, #-192];                                      VST.PUSH.576.CONV.bfp16ebs8.fp32 dm1, [p2, sf, r26]
        2510    0x09 0x00 0x03 0x18                                                                                                                          VST.FLUSH.512.CONV [p2, sf, r26]
        2514    0x1f 0x5d 0x20 0xf8                                                                                                                                                                                      MOV r29, r26
        2518    0x50 0x89 0x60 0x00 0x0a 0x60 0x70 0x02                                                                                                      MOVS p2, dc1;                                               MOV r0, p2
        2526    0x1e 0x9f 0x20 0xf8                                                                                                                                                                                      MOV r26, r30
        2530    0x0f 0xeb 0x6b 0x18                                                                                                                          VST sfh, [sp, #-384]
        2534    0x0f 0xed 0xeb 0x18                                                                                                                          VST sfl, [sp, #-320]
        2538    0x0d 0x81 0x03 0x18                                                                                                                          VST.PUSH.576.CONV.bfp16ebs8.fp32 dm2, [p2, sf, r26]
        2542    0x09 0x00 0x03 0x18                                                                                                                          VST.FLUSH.512.CONV [p2, sf, r26]
        2546    0x0d 0x81 0x83 0x18                                                                                                                          VST.PUSH.576.CONV.bfp16ebs8.fp32 dm3, [p2, sf, r26]
        2550    0x09 0x00 0x03 0x18                                                                                                                          VST.FLUSH.512.CONV [p2, sf, r26]
        2554    0x21 0x11 0x60 0x03 0xce 0x90 0x70 0x02                                                                                                      MOVS dc1, p2;                                               MOV r30, r26
        2562    0x00 0x00                                                                        NOPX
        2564    0x00 0x00                                                                        NOPX
        2566    0x00 0x2c 0xf7 0xf5 0xeb 0x00 0x00 0x00 0x00 0x7a                                NOPA;                                                       VST sfl, [sp, #-192];         NOPX
.label ZLE_Fmatmul_vectorized_bfp16_1264
.end_of_loop
        2576    0x00 0x2c 0xf0 0x00 0x27 0xfb 0x6b 0x00 0x00 0x00 0x01 0xa5 0x78 0x00 0x00 0xe1  NOPA;                         NOPB;                         VST sfh, [sp, #-128];         NOPX;                         NOPM;                                   NOPV
.loop_nesting 1
        2592    0x10 0x84 0xe0 0x18                                                                                                                                                        JNZD r2, r2, p3
        2596    0x10 0x2a 0x09 0x18                                                                                                                                                        MOVX r21, #2
        2600    0x00 0x00                                                                        NOPX
        2602    0x00 0x00                                                                        NOPX
        2604    0x00 0x00                                                                        NOPX
        2606    0x00 0x00                                                                        NOPX
.loop_nesting 0
        2608    0x10 0x28 0x00 0x18                                                                                                                                                        RET lr
        2612    0xff 0x58 0x00 0x00 0x01 0xc4                                                                                                                                              PADDXM [sp], #-1344
        2618    0x00 0x00                                                                        NOPX
        2620    0x00 0x00                                                                        NOPX
        2622    0x00 0x00                                                                        NOPX
        2624    0x00 0x00                                                                        NOPX
.label matmul_vectorized_bfp16__end

.text_segment PM   2640
.label zero_kernel
.function_start
        2640    0x20 0x05 0x40 0x00 0x22 0x80 0x8b 0x00 0x01 0xe8 0x37 0x88 0x10 0x07 0x00 0xe9  MOVA lc, #256;                NOPB;                         MOVS p2, p0;                  MOVXM p0, #503568;                                                    VCLR dm0
        2656    0x00 0x80 0x50 0x00 0x00 0x00 0x7d 0x68 0x10 0xba                                LDA.s8 r0, [p0];                                                                          MOVXM ls, #2768
        2666    0x00 0x1a 0x00 0x00 0x00 0x01 0xbd 0x70 0x10 0xba                                MOVA r26, #0;                                                                             MOVXM le, #2784
        2676    0x00 0x2c 0xf0 0x00 0x20 0x00 0x00 0x00 0x00 0xad 0x81 0x36                      NOPA;                         NOPB;                         NOPS;                         NOPX
        2688    0x00 0x2c 0xf0 0x00 0x20 0x01 0x5b 0x00 0x00 0x00 0x01 0xa5 0x78 0x00 0x00 0xe1  NOPA;                         NOPB;                         NOPS;                         NOPX;                         NOPM;                                   NOPV
        2704    0x00 0x2c 0xf0 0x00 0x20 0x01 0x5b 0x00 0x00 0x00 0x01 0xa5 0x78 0x00 0x00 0xe1  NOPA;                         NOPB;                         NOPS;                         NOPX;                         NOPM;                                   NOPV
        2720    0x00 0x2c 0xf0 0x00 0x20 0x01 0x5b 0x00 0x00 0x00 0x01 0xa5 0x78 0x00 0x00 0xe1  NOPA;                         NOPB;                         NOPS;                         NOPX;                         NOPM;                                   NOPV
        2736    0x00 0x2c 0xf0 0x00 0x20 0x01 0x5b 0x00 0x00 0x00 0x01 0xa5 0x78 0x00 0x00 0xe1  NOPA;                         NOPB;                         NOPS;                         NOPX;                         NOPM;                                   NOPV
        2752    0x00 0x2c 0xf0 0x00 0x20 0x01 0x5b 0x01 0xd4 0x00 0x01 0xa5 0x78 0x00 0x00 0xe1  NOPA;                         NOPB;                         NOPS;                         MOVX crRnd, r0;               NOPM;                                   NOPV
.label ZLS_Fzero_kernel_128
.loop_nesting 1
.begin_of_loop
        2768    0x00 0x2c 0xf0 0x00 0x25 0x80 0x03 0x00 0x00 0x00 0x01 0xa5 0x78 0x00 0x00 0xe1  NOPA;                         NOPB;                         VST.PUSH.576.CONV.bfp16ebs8.fp32 dm0, [p2, sf, r26];NOPX;   NOPM;                                   NOPV
.label ZLE_Fzero_kernel_144
.end_of_loop
        2784    0x00 0x2c 0xf0 0x00 0x21 0x00 0x03 0x00 0x00 0x00 0x01 0xa5 0x78 0x00 0x00 0xe1  NOPA;                         NOPB;                         VST.FLUSH.512.CONV [p2, sf, r26];NOPX;                      NOPM;                                   NOPV
.loop_nesting 0
        2800    0x10 0x28 0x00 0x18                                                                                                                                                        RET lr
        2804    0x00 0x00                                                                        NOPX
        2806    0x00 0x00                                                                        NOPX
        2808    0x00 0x00                                                                        NOPX
        2810    0x00 0x00                                                                        NOPX
        2812    0x00 0x00                                                                        NOPX
.label zero_kernel__end

.text_segment PM   2816
.label _fini
.function_start
        2816    0x00 0x08 0x00 0x00 0x01 0xc4                                                                                                                                              PADDXM [sp], #64
        2822    0xfe 0xba 0xb0 0x00 0x00 0x02 0x08 0x00 0x11 0x3a                                                                                            ST r14, [sp, #-12];           MOVXM r16, #0
        2832    0xff 0x73 0xb0 0x00 0x00 0x01 0xc8 0x00 0x11 0x3a                                                                                            ST p7, [sp, #-8];             MOVXM r14, #0
        2842    0x74 0x20 0xfe 0xd0 0x41 0xe4                                                                                                                                              EQ r16, r14, r16;             MOV p7, r16
        2848    0x80 0x05 0xc0 0x40 0x01 0x84                                                                                                                                              JNZ r16, #2944
        2854    0x0f 0xfd 0xf5 0x98                                                                                                                          ST r15, [sp, #-4]
        2858    0x0f 0xf0 0x3d 0x98                                                                                                                          ST lr, [sp, #-16]
        2862    0x00 0x00                                                                        NOPX
        2864    0x00 0x00                                                                        NOPX
        2866    0x00 0x2c 0xf0 0x02 0xb6 0x00 0x00 0x40 0x1a 0x57 0x00 0x00 0x1c 0x2e            NOPA;                                                       NOPS;                                                       NOPM;                                   NOPV
.label TGT_F_fini_64
.loop_nesting 1
        2880    0x07 0x1c 0x1e 0x98                                                              LDA p0, [p7], #4
        2884    0x00 0x00                                                                        NOPX
        2886    0x00 0x00                                                                        NOPX
        2888    0x00 0x00                                                                        NOPX
        2890    0x00 0x00                                                                        NOPX
        2892    0x00 0x00                                                                        NOPX
        2894    0x00 0x00                                                                        NOPX
.no_stack_arguments
        2896    0x10 0x30 0x00 0x18                                                                                                                                                        JL p0
        2900    0x1b 0xde 0xc0 0xf8                                                                                                                                                                                      MOV r15, p7
        2904    0x00 0x00                                                                        NOPX
        2906    0x00 0x00                                                                        NOPX
        2908    0x00 0x00                                                                        NOPX
        2910    0x00 0x00                                                                        NOPX
.return_address
        2912    0x13 0xe0 0xe8 0x98                                                                                                                                                        NE r16, r15, r14
        2916    0x80 0x05 0xa0 0x40 0x01 0x84                                                                                                                                              JNZ r16, #2880
        2922    0x00 0x00                                                                        NOPX
        2924    0x00 0x00                                                                        NOPX
        2926    0x00 0x00                                                                        NOPX
        2928    0x00 0x00                                                                        NOPX
        2930    0x00 0x2c 0xf0 0x02 0xb6 0x00 0x00 0x40 0x1a 0x57 0x00 0x00 0x1c 0x2e            NOPA;                                                       NOPS;                                                       NOPM;                                   NOPV
.label TGT_F_fini_128
.loop_nesting 0
        2944    0x07 0xf0 0x39 0x18                                                              LDA lr, [sp, #-16]
        2948    0x07 0xf5 0xd1 0x18                                                              LDA r14, [sp, #-12]
        2952    0x07 0xfd 0xf1 0x18                                                              LDA r15, [sp, #-4]
        2956    0x07 0xfb 0x99 0x18                                                              LDA p7, [sp, #-8]
        2960    0x00 0x00                                                                        NOPX
        2962    0x00 0x00                                                                        NOPX
        2964    0x00 0x00                                                                        NOPX
        2966    0x10 0x28 0x00 0x18                                                                                                                                                        RET lr
        2970    0x00 0x00                                                                        NOPX
        2972    0x00 0x00                                                                        NOPX
        2974    0x00 0x00                                                                        NOPX
        2976    0x00 0x00                                                                        NOPX
        2978    0xff 0xf8 0x00 0x00 0x01 0xc4                                                                                                                                              PADDXM [sp], #-64
.label _fini__end

.text_segment PM   2992
.label __cxa_finalize
.function_start
        2992    0xff 0xa1 0x00 0x00 0x01 0xe8 0x37 0x9a 0x10 0xba                                MOVA r1, #-3;                                                                             MOVXM p0, #503604
        3002    0x00 0x8a 0xd0 0x00 0x41 0x08 0x6f 0xe0 0x78 0xba                                LDA r2, [p0];                                                                             MOVX r4, #8;                  MOV r3, srsSign1
        3012    0x00 0x92 0x30 0x00 0x02 0x00 0x00 0x00 0x71 0x3a                                                                                            ST r4, [p0];                  PADDXM [sp], #64
        3022    0xfa 0x8e 0xb0 0x00 0x6b 0xe0 0x70 0x02                                                                                                      ST r3, [sp, #-44];                                          MOV r3, srsSign0
        3030    0xfc 0x0e 0xb0 0x00 0x6d 0xe0 0x70 0x02                                                                                                      ST r3, [sp, #-32];                                          MOV r3, packSign1
        3038    0xfc 0x8e 0xb0 0x00 0x69 0xe0 0x70 0x02                                                                                                      ST r3, [sp, #-28];                                          MOV r3, packSign0
        3046    0xfd 0x8e 0xb0 0x00 0x6a 0x70 0x70 0x02                                                                                                      ST r3, [sp, #-20];                                          MOV r3, crSat
        3054    0xfe 0x0e 0xb0 0x00 0x6c 0x70 0x70 0x02                                                                                                      ST r3, [sp, #-16];                                          MOV r3, crSRSMode
        3062    0xfe 0x8e 0xb0 0x04 0x2f 0x18 0x6b 0xb0 0x79 0x3a                                                                                            ST r3, [sp, #-12];            ADD r2, r2, #-8;              MOV r3, crPackSize
        3072    0xff 0x0e 0xb0 0x04 0xd0 0xf4 0x2f 0xb0 0x79 0x3a                                                                                            ST r3, [sp, #-8];             ASHL r13, r2, r1;             MOV r1, crRnd
        3082    0xff 0x86 0xb0 0x00 0x29 0x70 0x70 0x02                                                                                                      ST r1, [sp, #-4];                                           MOV r1, crUnpackSize
        3090    0xfd 0x06 0xb0 0x00 0x2e 0x70 0x70 0x02                                                                                                      ST r1, [sp, #-24];                                          MOV r1, crUPSMode
        3098    0xfb 0x86 0xb0 0x00 0x01 0xe8 0x2f 0x8a 0x11 0x3a                                                                                            ST r1, [sp, #-36];            MOVXM r1, #503572
        3108    0xfb 0x07 0xb0 0x03 0x30 0x44 0xa0 0x02                                                                                                      ST lr, [sp, #-40];                                          ADD.NC p6, r1, r2
        3116    0x1a 0x58 0x60 0xf8                                                                                                                                                                                      MOV r9, upsSign1
        3120    0x1a 0x10 0x60 0xf8                                                                                                                                                                                      MOV r8, upsSign0
        3124    0x1a 0xda 0x60 0xf8                                                                                                                                                                                      MOV r11, vaddSign1
        3128    0x1a 0x92 0x60 0xf8                                                                                                                                                                                      MOV r10, vaddSign0
        3132    0x1b 0x1c 0x60 0xf8                                                                                                                                                                                      MOV r12, unpackSign1
        3136    0x1b 0x94 0x60 0xf8                                                                                                                                                                                      MOV r14, unpackSign0
        3140    0x00 0x2c 0xf0 0x00 0x20 0x00 0x00 0x03 0xb6 0x28 0x10 0xb6                      NOPA;                         NOPB;                                                       MOVXM p7, #3152
.label TGT_F__cxa_finalize_160
.loop_nesting 1
        3152    0x06 0x1c 0x9e 0x98                                                              LDA p1, [p6], #4
        3156    0x06 0xdc 0x1e 0x98                                                              LDA p0, [p6], #-12
        3160    0x00 0x00                                                                        NOPX
        3162    0x00 0x00                                                                        NOPX
        3164    0x00 0x00                                                                        NOPX
        3166    0x00 0x00                                                                        NOPX
        3168    0x00 0x00                                                                        NOPX
.no_stack_arguments
        3170    0x10 0x30 0x40 0x18                                                                                                                                                        JL p1
        3174    0x00 0x00                                                                        NOPX
        3176    0x00 0x00                                                                        NOPX
        3178    0x00 0x00                                                                        NOPX
        3180    0x00 0x01 0x67 0x98                                                              NOPA
        3184    0x00 0x2c 0xf0 0x00 0x20 0x01 0x5b 0x00 0x00 0x01 0xe8 0x10 0x78 0x00 0x00 0xe1  NOPA;                         NOPB;                         NOPS;                         NOPX;                         MOV r15, r0;                            NOPV
.return_address
        3200    0x13 0x5b 0xe0 0x18                                                                                                                                                        JNZD r13, r13, p7
        3204    0x18 0x17 0xa0 0xf8                                                                                                                                                                                      MOV r0, r15
        3208    0x00 0x00                                                                        NOPX
        3210    0x00 0x00                                                                        NOPX
        3212    0x00 0x00                                                                        NOPX
        3214    0x00 0x00                                                                        NOPX
.loop_nesting 0
        3216    0xfa 0x86 0x20 0x17 0xf2 0x02 0x1a 0x50 0x78 0xba                                LDA r1, [sp, #-44];                                                                       MOVX vaddSign1, r11;          MOV upsSign1, r9
        3226    0xfc 0x8e 0x20 0x15 0xd2 0x00 0x1a 0x10 0x78 0xba                                LDA r3, [sp, #-28];                                                                       MOVX vaddSign0, r10;          MOV upsSign0, r8
        3236    0xfb 0x07 0x26 0x7b 0x80 0x2c                                                    LDA lr, [sp, #-40];                                                                       MOVX unpackSign1, r12
        3242    0xfc 0x0a 0x27 0x73 0x80 0x2c                                                    LDA r2, [sp, #-32];                                                                       MOVX unpackSign0, r14
        3248    0x07 0xec 0xf1 0x18                                                              LDA r7, [sp, #-20]
        3252    0x07 0xf0 0x91 0x18                                                              LDA r4, [sp, #-16]
        3256    0x07 0xf4 0xb1 0x18                                                              LDA r5, [sp, #-12]
        3260    0xff 0x1a 0x20 0xf9 0x80 0x2c                                                    LDA r6, [sp, #-8];                                                                        MOVX srsSign1, r1
        3266    0xff 0x86 0x21 0xf8 0x80 0x2c                                                    LDA r1, [sp, #-4];                                                                        MOVX packSign1, r3
        3272    0x07 0xe8 0x51 0x18                                                              LDA r2, [sp, #-24]
        3276    0x07 0xdc 0x71 0x18                                                              LDA r3, [sp, #-36]
        3280    0x00 0x00                                                                        NOPX
        3282    0x10 0x28 0x00 0x18                                                                                                                                                        RET lr
        3286    0xff 0xf8 0x00 0x00 0x01 0xc4                                                                                                                                              PADDXM [sp], #-64
        3292    0x17 0x18 0x03 0xc7 0x41 0xe4                                                                                                                                              MOVX srsSign0, r2;            MOV packSign0, r7
        3298    0x27 0x70 0x08 0xe5 0x41 0xe4                                                                                                                                              MOVX crSat, r4;               MOV crSRSMode, r5
        3304    0x37 0x40 0x0f 0x61 0x41 0xe4                                                                                                                                              MOVX crPackSize, r6;          MOV crRnd, r1
        3310    0x17 0x90 0x0c 0xe3 0x41 0xe4                                                                                                                                              MOVX crUnpackSize, r2;        MOV crUPSMode, r3
.label __cxa_finalize__end

.bss_segment DMb 503564	    4

.bss_segment DMb 503568	    1

.data_segment DMb 503572
.label _ZL7atexits
	0x0
	0xb
	0x0
	0x0
	0x0
	0x0
	0x0
	0x0
	0x0
	0x0
	0x0
	0x0
	0x0
	0x0
	0x0
	0x0
	0x0
	0x0
	0x0
	0x0
	0x0
	0x0
	0x0
	0x0
	0x0
	0x0
	0x0
	0x0
	0x0
	0x0
	0x0
	0x0
.label _ZL10atexit_cnt
	0x8
	0x0
	0x0
	0x0

.stack DM_stack 458752 462080
