
// File generated by darts version U-2023.06#b8bbc031dd#240626, Mon Sep 29 01:30:58 2025
// Copyright 2014-2023 Synopsys, Inc. All rights reserved.
// darts -I/tools/ryzen_ai-1.3.0/vitis_aie_essentials/data/aie2p/lib -d -h -I/tools/ryzen_ai-1.3.0/vitis_aie_essentials/include -I/tools/ryzen_ai-1.3.0/vitis_aie_essentials/data/aie2p/lib/runtime_cxx/libcxx-lite/include -I/tools/ryzen_ai-1.3.0/vitis_aie_essentials/data/aie2p/lib/runtime_cxx/libs/libcxx-9.0.0/include-lite -I/tools/ryzen_ai-1.3.0/vitis_aie_essentials/data/aie2p/lib/runtime/include -D__AIENGINE__ -D__AIE_ARCH__=21 -D__AIEARCH__=21 -D__tct_tgt__=240628 -L +Ihex +nanno +u core_0_2.elf me

// Release: ipp U-2023.06-TGT-240628

.text_segment PM      0
.entry_point
.label __AIE_ARCH_MODEL_VERSION__21011000__inlined__1__me_basic___main_init_
.label _main_init
.function_start
           0    0x00 0x07 0x09 0xe0 0x00 0x44                                                                                                                                              MOVXM sp, #458752
           6    0x00 0x00 0x04 0x20 0x00 0x44                                                                                                                                              MOVXM r8, #0
          12    0x00 0x00 0x08 0x20 0x00 0x44                                                                                                                                              MOVXM r16, #0
          18    0x12 0x21 0x07 0x98                                                                                                                                                        EQ r16, r8, r16
          22    0x80 0x00 0x40 0x40 0x01 0x84                                                                                                                                              JNZ r16, #128
          28    0x00 0x00                                                                        NOPX
          30    0x00 0x00                                                                        NOPX
          32    0x00 0x00                                                                        NOPX
          34    0x00 0x00                                                                        NOPX
          36    0x00 0x00                                                                        NOPX
          38    0xf0 0x11 0x60 0x3f 0xff 0xff 0x37 0xfe 0x11 0x3a                                                                                            MOVS p7, p0;                  MOVXM p6, #-4
          48    0x00 0x2c 0xf0 0x00 0x20 0x01 0x5b 0x00 0x00 0x01 0x28 0x50 0x78 0x00 0x00 0xe1  NOPA;                         NOPB;                         NOPS;                         NOPX;                         MOV r9, r1;                             NOPV
.label TGT_F_main_init_64
.loop_nesting 1
          64    0xdf 0x83 0xd5 0x39 0x81 0xd4                                                    LDA p0, [p6], #-4;                                                                                                      MOV r10, p6
          70    0x00 0x00                                                                        NOPX
          72    0x00 0x00                                                                        NOPX
          74    0x00 0x00                                                                        NOPX
          76    0x00 0x00                                                                        NOPX
          78    0x00 0x00                                                                        NOPX
          80    0x00 0x00                                                                        NOPX
.no_stack_arguments
          82    0x10 0x30 0x00 0x18                                                                                                                                                        JL p0
          86    0x00 0x00                                                                        NOPX
          88    0x00 0x00                                                                        NOPX
          90    0x00 0x00                                                                        NOPX
          92    0x00 0x00                                                                        NOPX
          94    0x00 0x00                                                                        NOPX
.return_address
          96    0x12 0xa0 0x88 0x98                                                                                                                                                        NE r16, r10, r8
         100    0x80 0x00 0x20 0x40 0x01 0x84                                                                                                                                              JNZ r16, #64
         106    0x00 0x00                                                                        NOPX
         108    0x00 0x00                                                                        NOPX
         110    0x00 0x00                                                                        NOPX
         112    0x00 0x00                                                                        NOPX
         114    0x00 0x00                                                                        NOPX
.loop_nesting 0
         116    0x00 0x2c 0xf0 0x00 0x20 0x9c 0x8b 0x00 0x2a 0x50 0x70 0xf6                      NOPA;                         NOPB;                         MOVS p0, p7;                                                MOV r1, r9
.label TGT_F_main_init_128
.no_stack_arguments
         128    0x00 0x00 0x70 0x00 0x01 0x04                                                                                                                                              JL #224
         134    0x00 0x00                                                                        NOPX
         136    0x00 0x00                                                                        NOPX
         138    0x00 0x00                                                                        NOPX
         140    0x00 0x00                                                                        NOPX
         142    0x00 0x00                                                                        NOPX
.return_address
.no_stack_arguments
         144    0x00 0x06 0xd0 0x00 0x01 0x04                                                                                                                                              JL #3488
         150    0x18 0x60 0x00 0xb8                                                                                                                                                                                      MOV p0, #0
         154    0x00 0x00                                                                        NOPX
         156    0x00 0x00                                                                        NOPX
         158    0x00 0x00                                                                        NOPX
         160    0x00 0x2c 0xf0 0x00 0x20 0x01 0x5b 0x00 0x00 0x00 0x01 0xa5 0x78 0x00 0x00 0xe1  NOPA;                         NOPB;                         NOPS;                         NOPX;                         NOPM;                                   NOPV
.return_address
.swstall chess_separator_scheduler
         176    0x00 0x00                                                                        NOPX
.swstall chess_separator_scheduler
         178    0x00 0x00                                                                        NOPX
.swstall chess_separator_scheduler
         180    0x00 0x00                                                                        NOPX
.swstall chess_separator_scheduler
         182    0x00 0x00                                                                        NOPX
.swstall chess_separator_scheduler
         184    0x00 0x00                                                                        NOPX
.swstall chess_separator_scheduler
         186    0x00 0x00                                                                        NOPX
         188    0x10 0x08 0x00 0x18                                                                                                                                                        DONE
.swstall chess_separator_scheduler
         192    0x00 0x00                                                                        NOPX
.swstall chess_separator_scheduler
         194    0x00 0x00                                                                        NOPX
.swstall chess_separator_scheduler
         196    0x00 0x00                                                                        NOPX
.swstall chess_separator_scheduler
         198    0x00 0x00                                                                        NOPX
.swstall chess_separator_scheduler
         200    0x00 0x00                                                                        NOPX
.swstall chess_separator_scheduler
         202    0x00 0x00                                                                        NOPX
.swstall for_chess_exit
.exit
         204    0x00 0x01 0x67 0x98                                                              NOPA
.label TGT_F_main_init_208
.loop_nesting 1
         208    0x00 0x00 0x68 0x00 0x00 0x84                                                                                                                                              J #208
         214    0x00 0x00                                                                        NOPX
         216    0x00 0x00                                                                        NOPX
         218    0x00 0x00                                                                        NOPX
         220    0x00 0x00                                                                        NOPX
         222    0x00 0x00                                                                        NOPX
.label _main_init__end
.label core_0_2
.function_start
         224    0x00 0x18 0x02 0x9c 0x8b 0x00 0x01 0xeb 0xb7 0x80 0x10 0x76                      MOVA r24, #0;                                               MOVS p2, p7;                  MOVXM p7, #503552
         236    0x00 0x10 0x07 0x1f 0x11 0x80 0x02 0x00 0x00 0x00 0x70 0x76                      MOVA r16, #0;                                               ST r24, [p7], #4;             PADDXM [sp], #64
         248    0xe0 0xe2 0x30 0x00 0xb0 0x28 0x2a 0xd0 0x79 0x3a                                                                                            ST r24, [p7];                 MOVX r11, #1;                 MOV r1, r11
         258    0xe2 0xe2 0x30 0x3e 0xa7 0xe8 0x0a 0x90 0x79 0x3a                                                                                            ST r24, [p7, #4];             MOVX r10, #-1;                MOV r0, r10
         268    0xfa 0x62 0xb0 0x00 0xab 0xd0 0x70 0x02                                                                                                      ST r24, [sp, #-48];                                         MOV r5, r15
         276    0xfb 0x96 0xb0 0x00 0x8b 0x90 0x70 0x02                                                                                                      ST r5, [sp, #-36];                                          MOV r4, r14
         284    0xfc 0x12 0xb0 0x00 0x4b 0x10 0x70 0x02                                                                                                      ST r4, [sp, #-32];                                          MOV r2, r12
         292    0xfd 0x0a 0xb0 0x00 0x6b 0x50 0x70 0x02                                                                                                      ST r2, [sp, #-24];                                          MOV r3, r13
         300    0xfc 0x8e 0xb0 0x00 0x01 0xe9 0xcb 0x00 0x11 0x3a                                                                                            ST r3, [sp, #-28];            MOVXM r14, #501248
         310    0xfd 0x86 0xb0 0x00 0x01 0xe5 0xee 0x80 0x11 0x3a                                                                                            ST r1, [sp, #-20];            MOVXM r15, #498944
         320    0x0f 0xf0 0x15 0x98                                                                                                                          ST r0, [sp, #-16]
         324    0x0f 0xf5 0x35 0x98                                                                                                                          ST r9, [sp, #-12]
         328    0x0f 0xf9 0x15 0x98                                                                                                                          ST r8, [sp, #-8]
         332    0x0f 0xfd 0x1d 0x98                                                                                                                          ST p2, [sp, #-4]
         336    0x0f 0xdb 0x1d 0x98                                                                                                                          ST p6, [sp, #-40]
         340    0x00 0x2c 0xf0 0x00 0x20 0x00 0x00 0x03 0xea 0x1e 0xc1 0x36                      NOPA;                         NOPB;                         ST lr, [sp, #-44];            NOPX
.label TGT_Fcore_0_2_128
.loop_nesting 1
.no_stack_arguments
         352    0x00 0x02 0x70 0x00 0x01 0x04                                                                                                                                              JL #1248
         358    0xff 0xe1 0x07 0xce 0x15 0x80 0x06 0x8b 0x37 0x60 0x78 0x76                      MOVA r1, #-1;                                               ST r16, [sp, #-52];           MOVX r0, #52;                 MOV p6, p7
         370    0x00 0x00                                                                        NOPX
         372    0x00 0x00                                                                        NOPX
         374    0x00 0x00                                                                        NOPX
         376    0x00 0x2c 0xf0 0x04 0x00 0x00 0x1c 0x22                                          NOPA;                                                                                                                                                           NOPV
.return_address
.no_stack_arguments
         384    0x00 0x06 0x20 0x00 0x01 0x04                                                                                                                                              JL #3136
         390    0x00 0x07 0x00 0xda 0x00 0x44                                                                                                                                              MOVXM p0, #462080
         396    0x00 0x00                                                                        NOPX
         398    0x00 0x00                                                                        NOPX
         400    0x00 0x00                                                                        NOPX
         402    0x00 0x2c 0xf0 0x02 0xb6 0x00 0x00 0x40 0x1a 0x57 0x00 0x00 0x1c 0x2e            NOPA;                                                       NOPS;                                                       NOPM;                                   NOPV
.return_address
         416    0x00 0x2c 0xf0 0x00 0x20 0x01 0x5b 0x00 0x80 0xe8 0x01 0xa5 0x78 0x00 0x00 0xe1  NOPA;                         NOPB;                         NOPS;                         MOVX r8, #7;                  NOPM;                                   NOPV
.label TGT_Fcore_0_2_208
.loop_nesting 2
.no_stack_arguments
         432    0x00 0x02 0x70 0x00 0x01 0x04                                                                                                                                              JL #1248
         438    0xf8 0x5f 0xa0 0x20 0xcd 0x64                                                                                                                                              MOVX r1, #-1;                 MOV r0, #51
         444    0x00 0x00                                                                        NOPX
         446    0x00 0x00                                                                        NOPX
         448    0x00 0x00                                                                        NOPX
         450    0x00 0x2c 0xf0 0x02 0xb6 0x00 0x00 0x40 0x1a 0x57 0x00 0x00 0x1c 0x2e            NOPA;                                                       NOPS;                                                       NOPM;                                   NOPV
.return_address
         464    0x06 0x06 0x56 0x98                                                              LDA r18, [p6]
         468    0x00 0x00                                                                        NOPX
         470    0x00 0x00                                                                        NOPX
.no_stack_arguments
         472    0x00 0x02 0x70 0x00 0x01 0x04                                                                                                                                              JL #1248
         478    0x00 0x00                                                                        NOPX
         480    0x00 0x07 0x78 0x32 0x00 0x44                                                                                                                                              MOVXM r16, #489728
         486    0x00 0x07 0x58 0xaa 0x00 0x44                                                                                                                                              MOVXM r17, #480512
         492    0x12 0xf7 0x27 0x98                                                                                                                                                        EQ r27, r11, r18
         496    0xff 0xe1 0x00 0x00 0x20 0x01 0x5b 0x22 0x98 0x10 0x08 0x31 0x58 0x00 0x00 0xe1  MOVA r1, #-1;                 NOPB;                         NOPS;                         SEL.EQZ r9, r17, r16, r27;    MOV r0, #49;                            NOPV
.return_address
         512    0x06 0x16 0x16 0x98                                                              LDA r16, [p6, #4]
         516    0x00 0x00                                                                        NOPX
         518    0x00 0x00                                                                        NOPX
         520    0x00 0x00                                                                        NOPX
.no_stack_arguments
         522    0x00 0x02 0x90 0x00 0x01 0x04                                                                                                                                              JL #1312
         528    0x00 0x00                                                                        NOPX
         530    0x00 0x07 0x04 0xda 0x00 0x44                                                                                                                                              MOVXM p2, #462080
         536    0x12 0xf7 0x07 0x98                                                                                                                                                        EQ r27, r11, r16
         540    0x7c 0x1c 0x42 0xc9 0x41 0xe4                                                                                                                                              SEL.EQZ r16, r15, r14, r27;   MOV p1, r9
         546    0x00 0x2c 0xf1 0x20 0x16 0x00 0x00 0x7b 0x16 0x07 0x00 0x00 0x1c 0x2e            NOPA;                                                       MOVS p0, r16;                                               MOV p7, p1;                             NOPV
.return_address
.no_stack_arguments
         560    0x00 0x02 0x80 0x00 0x01 0x04                                                                                                                                              JL #1280
         566    0x00 0x18 0x20 0xa0 0x05 0x64                                                                                                                                              MOVX r0, #48;                 MOV r1, #1
         572    0x00 0x00                                                                        NOPX
         574    0x00 0x00                                                                        NOPX
         576    0x00 0x00                                                                        NOPX
         578    0x00 0x2c 0xf0 0x02 0xb6 0x00 0x00 0x40 0x1a 0x57 0x00 0x00 0x1c 0x2e            NOPA;                                                       NOPS;                                                       NOPM;                                   NOPV
.return_address
         592    0x06 0x16 0x16 0x98                                                              LDA r16, [p6, #4]
         596    0x00 0x00                                                                        NOPX
         598    0x00 0x00                                                                        NOPX
         600    0x00 0x00                                                                        NOPX
         602    0x00 0x00                                                                        NOPX
.no_stack_arguments
         604    0x00 0x02 0x70 0x00 0x01 0x04                                                                                                                                              JL #1248
         610    0x00 0x00                                                                        NOPX
         612    0x84 0x7f 0xe8 0x30 0x01 0x24                                                                                                                                              ADD r17, r16, #-1;            ADD.NC r16, r16, #1
         618    0x12 0xf7 0x0a 0x98                                                                                                                                                        LT r27, r11, r16
         622    0x14 0x21 0x12 0x18                                                                                                                                                        SEL.EQZ r16, r16, r17, r27
         626    0x00 0x2c 0xf0 0x00 0x20 0x00 0xc5 0x05 0xff 0xeb 0xc2 0xc2 0x30 0x7e            NOPA;                         NOPB;                         ST r16, [p6, #4];             MOVX r0, #49;                 MOV r1, #-1
.return_address
         640    0x06 0x16 0x16 0x98                                                              LDA r16, [p6, #4]
         644    0x00 0x00                                                                        NOPX
         646    0x00 0x00                                                                        NOPX
         648    0x00 0x00                                                                        NOPX
.no_stack_arguments
         650    0x00 0x02 0x90 0x00 0x01 0x04                                                                                                                                              JL #1312
         656    0x00 0x00                                                                        NOPX
         658    0x00 0x07 0x04 0xda 0x00 0x44                                                                                                                                              MOVXM p2, #462080
         664    0x12 0xf7 0x07 0x98                                                                                                                                                        EQ r27, r11, r16
         668    0x13 0xe0 0xe2 0x18                                                                                                                                                        SEL.EQZ r16, r15, r14, r27
         672    0x00 0x2c 0xf0 0x00 0x20 0x90 0x0b 0x00 0x00 0x00 0xb7 0x60 0x78 0x00 0x00 0xe1  NOPA;                         NOPB;                         MOVS p0, r16;                 NOPX;                         MOV p1, p7;                             NOPV
.return_address
.no_stack_arguments
         688    0x00 0x02 0x80 0x00 0x01 0x04                                                                                                                                              JL #1280
         694    0x00 0x18 0x20 0xa0 0x05 0x64                                                                                                                                              MOVX r0, #48;                 MOV r1, #1
         700    0x00 0x00                                                                        NOPX
         702    0x00 0x00                                                                        NOPX
         704    0x00 0x00                                                                        NOPX
         706    0x00 0x2c 0xf0 0x02 0xb6 0x00 0x00 0x40 0x1a 0x57 0x00 0x00 0x1c 0x2e            NOPA;                                                       NOPS;                                                       NOPM;                                   NOPV
.return_address
         720    0x06 0x16 0x16 0x98                                                              LDA r16, [p6, #4]
         724    0x00 0x00                                                                        NOPX
         726    0x00 0x00                                                                        NOPX
         728    0x00 0x00                                                                        NOPX
         730    0x00 0x00                                                                        NOPX
.no_stack_arguments
         732    0x00 0x02 0x70 0x00 0x01 0x04                                                                                                                                              JL #1248
         738    0x00 0x00                                                                        NOPX
         740    0x84 0x7f 0xe8 0x30 0x01 0x24                                                                                                                                              ADD r17, r16, #-1;            ADD.NC r16, r16, #1
         746    0x12 0xf7 0x0a 0x98                                                                                                                                                        LT r27, r11, r16
         750    0x14 0x21 0x12 0x18                                                                                                                                                        SEL.EQZ r16, r16, r17, r27
         754    0x00 0x2c 0xf0 0x00 0x20 0x00 0xc5 0x05 0xff 0xeb 0xc2 0xc2 0x30 0x7e            NOPA;                         NOPB;                         ST r16, [p6, #4];             MOVX r0, #49;                 MOV r1, #-1
.return_address
         768    0x06 0x16 0x16 0x98                                                              LDA r16, [p6, #4]
         772    0x00 0x00                                                                        NOPX
         774    0x00 0x00                                                                        NOPX
         776    0x00 0x00                                                                        NOPX
.no_stack_arguments
         778    0x00 0x02 0x90 0x00 0x01 0x04                                                                                                                                              JL #1312
         784    0x00 0x00                                                                        NOPX
         786    0x00 0x07 0x04 0xda 0x00 0x44                                                                                                                                              MOVXM p2, #462080
         792    0x12 0xf7 0x07 0x98                                                                                                                                                        EQ r27, r11, r16
         796    0x13 0xe0 0xe2 0x18                                                                                                                                                        SEL.EQZ r16, r15, r14, r27
         800    0x00 0x2c 0xf0 0x00 0x20 0x90 0x0b 0x00 0x00 0x00 0xb7 0x60 0x78 0x00 0x00 0xe1  NOPA;                         NOPB;                         MOVS p0, r16;                 NOPX;                         MOV p1, p7;                             NOPV
.return_address
.no_stack_arguments
         816    0x00 0x02 0x80 0x00 0x01 0x04                                                                                                                                              JL #1280
         822    0x00 0x18 0x20 0xa0 0x05 0x64                                                                                                                                              MOVX r0, #48;                 MOV r1, #1
         828    0x00 0x00                                                                        NOPX
         830    0x00 0x00                                                                        NOPX
         832    0x00 0x00                                                                        NOPX
         834    0x00 0x2c 0xf0 0x02 0xb6 0x00 0x00 0x40 0x1a 0x57 0x00 0x00 0x1c 0x2e            NOPA;                                                       NOPS;                                                       NOPM;                                   NOPV
.return_address
         848    0x06 0x16 0x16 0x98                                                              LDA r16, [p6, #4]
         852    0x00 0x00                                                                        NOPX
         854    0x00 0x00                                                                        NOPX
         856    0x00 0x00                                                                        NOPX
         858    0x00 0x00                                                                        NOPX
.no_stack_arguments
         860    0x00 0x02 0x70 0x00 0x01 0x04                                                                                                                                              JL #1248
         866    0x00 0x00                                                                        NOPX
         868    0x84 0x7f 0xe8 0x30 0x01 0x24                                                                                                                                              ADD r17, r16, #-1;            ADD.NC r16, r16, #1
         874    0x12 0xf7 0x0a 0x98                                                                                                                                                        LT r27, r11, r16
         878    0x14 0x21 0x12 0x18                                                                                                                                                        SEL.EQZ r16, r16, r17, r27
         882    0x00 0x2c 0xf0 0x00 0x20 0x00 0xc5 0x05 0xff 0xeb 0xc2 0xc2 0x30 0x7e            NOPA;                         NOPB;                         ST r16, [p6, #4];             MOVX r0, #49;                 MOV r1, #-1
.return_address
         896    0x06 0x16 0x16 0x98                                                              LDA r16, [p6, #4]
         900    0x00 0x00                                                                        NOPX
         902    0x00 0x00                                                                        NOPX
         904    0x00 0x00                                                                        NOPX
.no_stack_arguments
         906    0x00 0x02 0x90 0x00 0x01 0x04                                                                                                                                              JL #1312
         912    0x00 0x00                                                                        NOPX
         914    0x00 0x07 0x04 0xda 0x00 0x44                                                                                                                                              MOVXM p2, #462080
         920    0x12 0xf7 0x07 0x98                                                                                                                                                        EQ r27, r11, r16
         924    0x13 0xe0 0xe2 0x18                                                                                                                                                        SEL.EQZ r16, r15, r14, r27
         928    0x00 0x2c 0xf0 0x00 0x20 0x90 0x0b 0x00 0x00 0x00 0xb7 0x60 0x78 0x00 0x00 0xe1  NOPA;                         NOPB;                         MOVS p0, r16;                 NOPX;                         MOV p1, p7;                             NOPV
.return_address
.no_stack_arguments
         944    0x00 0x02 0x80 0x00 0x01 0x04                                                                                                                                              JL #1280
         950    0x00 0x18 0x20 0xa0 0x05 0x64                                                                                                                                              MOVX r0, #48;                 MOV r1, #1
         956    0x00 0x00                                                                        NOPX
         958    0x00 0x00                                                                        NOPX
         960    0x00 0x00                                                                        NOPX
         962    0x00 0x2c 0xf0 0x02 0xb6 0x00 0x00 0x40 0x1a 0x57 0x00 0x00 0x1c 0x2e            NOPA;                                                       NOPS;                                                       NOPM;                                   NOPV
.return_address
         976    0x06 0x16 0x16 0x98                                                              LDA r16, [p6, #4]
         980    0x00 0x00                                                                        NOPX
         982    0x00 0x00                                                                        NOPX
         984    0x00 0x00                                                                        NOPX
         986    0x00 0x00                                                                        NOPX
.no_stack_arguments
         988    0x00 0x02 0x80 0x00 0x01 0x04                                                                                                                                              JL #1280
         994    0x00 0x00                                                                        NOPX
         996    0x84 0x7f 0xe8 0x30 0x01 0x24                                                                                                                                              ADD r17, r16, #-1;            ADD.NC r16, r16, #1
        1002    0x12 0xf7 0x0a 0x98                                                                                                                                                        LT r27, r11, r16
        1006    0x14 0x21 0x12 0x18                                                                                                                                                        SEL.EQZ r16, r16, r17, r27
        1010    0x00 0x2c 0xf0 0x00 0x20 0x02 0x05 0x01 0x06 0x4b 0xc2 0xc2 0x30 0x7e            NOPA;                         NOPB;                         ST r16, [p6, #4];             MOVX r1, #1;                  MOV r0, #50
.return_address
        1024    0xc0 0xc2 0xd0 0x00 0x00 0x03 0xb0 0xd8 0x10 0xba                                LDA r16, [p6];                                                                            MOVXM p7, #432
        1034    0x00 0x00                                                                        NOPX
        1036    0x00 0x00                                                                        NOPX
        1038    0x00 0x00                                                                        NOPX
        1040    0x00 0x00                                                                        NOPX
        1042    0x12 0x11 0xe0 0x18                                                                                                                                                        JNZD r8, r8, p7
        1046    0x00 0x00                                                                        NOPX
        1048    0x84 0x7f 0xe8 0x30 0x01 0x24                                                                                                                                              ADD r17, r16, #-1;            ADD.NC r16, r16, #1
        1054    0x12 0xf7 0x0a 0x98                                                                                                                                                        LT r27, r11, r16
        1058    0x14 0x21 0x12 0x18                                                                                                                                                        SEL.EQZ r16, r16, r17, r27
        1062    0x0e 0x06 0x11 0x98                                                                                                                          ST r16, [p6]
.loop_nesting 1
        1066    0x07 0xcd 0x11 0x18                                                              LDA r8, [sp, #-52]
        1070    0x00 0x00                                                                        NOPX
.no_stack_arguments
        1072    0x00 0x02 0x80 0x00 0x01 0x04                                                                                                                                              JL #1280
        1078    0x00 0x00                                                                        NOPX
        1080    0x00 0x00                                                                        NOPX
        1082    0x00 0x00                                                                        NOPX
        1084    0x1c 0x1c 0xc0 0xf8                                                                                                                                                                                      MOV r16, p6
        1088    0x00 0x21 0x00 0x00 0x20 0x01 0x5b 0x00 0x06 0xab 0xb4 0x3f 0x08 0x00 0x00 0xe1  MOVA r1, #1;                  NOPB;                         NOPS;                         MOVX r0, #53;                 ADD.NC p7, r16, #-4;                    NOPV
.return_address
        1104    0xfa 0x4a 0x20 0x11 0x00 0x3a 0x28 0x00 0x58 0xba                                LDA r18, [sp, #-48];                                                                      ADD r16, r8, #1;              MOV r17, #0
        1114    0xde 0xce 0xd0 0x1f 0xff 0xfe 0xaf 0xff 0x10 0xba                                LDA r19, [p6, #-4];                                                                       MOVXM r21, #2147483646
        1124    0x12 0xa9 0x08 0x98                                                                                                                                                        NE r20, r10, r16
        1128    0x00 0x00                                                                        NOPX
        1130    0x00 0x00                                                                        NOPX
        1132    0x00 0x00                                                                        NOPX
        1134    0x00 0x00                                                                        NOPX
        1136    0x14 0x65 0x22 0x98                                                                                                                                                        ADC r18, r17, r18
        1140    0xfa 0x4a 0xba 0xd6 0x79 0x5c                                                                                                                ST r18, [sp, #-48];           LTU r21, r21, r19
        1146    0x14 0xa3 0x1a 0x98                                                                                                                                                        LT r17, r18, r17
        1150    0x95 0x9a 0x09 0x33 0xaa 0xa4                                                                                                                                              EQZ r22, r18;                 ADD.NC r18, r19, r21
        1156    0xe3 0xca 0x3b 0x4a 0x89 0x5c                                                                                                                ST r18, [p7], #4;             AND r18, r22, r20
        1162    0x14 0x63 0x25 0x98                                                                                                                                                        OR r17, r17, r18
        1166    0x88 0x00 0xb0 0x40 0x01 0x84                                                                                                                                              JNZ r17, #352
        1172    0x00 0x00                                                                        NOPX
        1174    0x00 0x00                                                                        NOPX
        1176    0x00 0x00                                                                        NOPX
        1178    0x00 0x00                                                                        NOPX
        1180    0x00 0x00                                                                        NOPX
.loop_nesting 0
        1182    0x07 0xd4 0x39 0x18                                                              LDA lr, [sp, #-44]
        1186    0x07 0xf9 0x11 0x18                                                              LDA r8, [sp, #-8]
        1190    0x07 0xf5 0x31 0x18                                                              LDA r9, [sp, #-12]
        1194    0x07 0xf1 0x51 0x18                                                              LDA r10, [sp, #-16]
        1198    0x07 0xed 0x71 0x18                                                              LDA r11, [sp, #-20]
        1202    0x07 0xe9 0x91 0x18                                                              LDA r12, [sp, #-24]
        1206    0x07 0xe5 0xb1 0x18                                                              LDA r13, [sp, #-28]
        1210    0x07 0xe1 0xd1 0x18                                                              LDA r14, [sp, #-32]
        1214    0x07 0xdd 0xf1 0x18                                                              LDA r15, [sp, #-36]
        1218    0x07 0xdb 0x19 0x18                                                              LDA p6, [sp, #-40]
        1222    0x07 0xff 0x99 0x18                                                              LDA p7, [sp, #-4]
        1226    0x10 0x28 0x00 0x18                                                                                                                                                        RET lr
        1230    0x00 0x00                                                                        NOPX
        1232    0x00 0x00                                                                        NOPX
        1234    0x00 0x00                                                                        NOPX
        1236    0x00 0x00                                                                        NOPX
        1238    0xff 0xf8 0x00 0x00 0x01 0xc4                                                                                                                                              PADDXM [sp], #-64
.label core_0_2__end

.text_segment PM   1248
.label llvm___aie2p___acquire
.function_start
        1248    0x10 0x12 0x18 0x18                                                                                                                                                        ACQ r0, r1
        1252    0x10 0x28 0x00 0x18                                                                                                                                                        RET lr
        1256    0x00 0x00                                                                        NOPX
        1258    0x00 0x00                                                                        NOPX
        1260    0x00 0x00                                                                        NOPX
        1262    0x00 0x00                                                                        NOPX
        1264    0x00 0x00                                                                        NOPX
.label llvm___aie2p___acquire__end

.text_segment PM   1280
.label llvm___aie2p___release
.function_start
        1280    0x10 0x10 0x18 0x18                                                                                                                                                        REL r0, r1
        1284    0x10 0x28 0x00 0x18                                                                                                                                                        RET lr
        1288    0x00 0x00                                                                        NOPX
        1290    0x00 0x00                                                                        NOPX
        1292    0x00 0x00                                                                        NOPX
        1294    0x00 0x00                                                                        NOPX
        1296    0x00 0x00                                                                        NOPX
.label llvm___aie2p___release__end

.text_segment PM   1312
.label matmul_vectorized_bfp16
.function_start
        1312    0x00 0x65 0x00 0x00 0x01 0xe9 0xb7 0x86 0x10 0xba                                MOVA r5, #3;                                                                              MOVXM p3, #503564
        1322    0x60 0x9a 0xd0 0x00 0x01 0xea 0x37 0x88 0x10 0xba                                LDA r6, [p3];                                                                             MOVXM p4, #503568
        1332    0x80 0xc0 0x50 0x01 0x90 0x08 0x68 0x40 0x58 0xba                                LDA.s8 r16, [p4];                                                                         MOVX r25, #0;                 MOV r3, #64
        1342    0x01 0x27 0x00 0x20 0x10 0x08 0x28 0x08 0x10 0xba                                MOVA r7, #9;                                                                              MOVXM r1, #-2143281136
        1352    0x00 0x02 0x00 0x00 0x30 0x28 0x06 0x39 0x78 0xba                                MOVA r2, #0;                                                                              MOVX r3, #1;                  VBCST.8 x0, r3
        1362    0x48 0x11 0x00 0x05 0x20 0x08 0x72 0x39 0x78 0xba                                MOVA r17, #576;                                                                           MOVX r18, #128;               VBCST.8 x1, r25
        1372    0x00 0x16 0x00 0x02 0x01 0x00 0x09 0x00 0x90 0xba                                MOVA r22, #0;                                                                             MOVXM r0, #134480385
        1382    0x7f 0x7f 0x72 0x3e 0xfe 0x44                                                                                                                                              MOVXM r4, #2139062143
        1388    0x2e 0xcc 0xf5 0x10 0x08 0x64                                                                                                                                              EQ r27, r5, r6;               VSEL.8 x5, x1, x0, r1:r0
        1394    0x61 0x81 0x00 0x00 0x20 0x00 0x00 0x00 0x70 0xba                                MOVA r1, #780;                                                                            PADDXM [sp], #1024
        1404    0xff 0x2e 0x60 0x21 0xd4 0x02 0x08 0x60 0x79 0x3a                                                                                            VST x5, [sp, #-128];          MOVX crRnd, r16;              MOV r16, p0
        1414    0x00 0x00 0x01 0xec 0x60 0x44                                                                                                                                              MOVXM ls, #1584
        1420    0x00 0x00 0x06 0xf8 0x00 0x44                                                                                                                                              MOVXM le, #3072
        1426    0x00 0x00 0x0a 0xa9 0x00 0x44                                                                                                                                              MOVXM r21, #1152
        1432    0x09 0x06 0x00 0x0c 0x03 0xec 0xa9 0x80 0x48 0xba                                MOVA r6, #72;                                                                             LSHL r0, r6, r7;              ADD.NC r5, r6, #1
        1442    0xff 0xa5 0x00 0x0b 0x3c 0x91 0x42 0x4e 0x78 0xba                                MOVA r5, #-3;                                                                             SEL.EQZ r19, r5, r25, r27;    MOV el5, r4
        1452    0x60 0xce 0x30 0x07 0xff 0xfe 0x6f 0x00 0x11 0x3a                                                                                            ST r19, [p3];                 MOVXM r19, #536870400
        1462    0x00 0xe4 0x07 0xfd 0x6d 0xa6 0x00 0x25 0x62 0x4e 0x78 0x76                      MOVA r4, #7;                                                ST el5, [sp, #-4];            AND r0, r19, r0;              MOV eh5, r4
        1474    0x3c 0xc0 0xc9 0xa9 0x81 0xe4                                                                                                                                              MAC r19, r19, r7, r0;         MOV r19, p2
        1480    0xff 0x29 0xb0 0x00 0xe9 0x60 0x70 0x02                                                                                                      ST eh5, [sp, #-8];                                          MOV r7, p1
        1488    0x00 0x2c 0xf0 0x00 0x20 0x01 0x5b 0x00 0x00 0x01 0xb2 0xf0 0x10 0x00 0x00 0xe1  NOPA;                         NOPB;                         NOPS;                         MOVXM p3, #1504;                                                      NOPV
.label TGT_Fmatmul_vectorized_bfp16_192
.loop_nesting 1
        1504    0x00 0x1e 0x00 0x2c 0x02 0x6f 0x8c 0xd0 0x78 0xba                                MOVA r30, #0;                                                                             LSHL r0, r22, r4;             MOV r28, r19
        1514    0x00 0x1d 0x00 0x2b 0x3b 0x30 0x0c 0x80 0xa8 0xba                                MOVA r29, #0;                                                                             MAC r19, r19, r21, r22;       ADD.NC r0, r18, r0
        1524    0x00 0x85 0x40 0x00 0x02 0xee 0xec 0x10 0x78 0xba                                MOVA lc, #4;                                                                              LSHL r0, r0, r5;              MOV r23, r16
        1534    0x00 0x18 0x02 0x13 0x0b 0x0d 0xc0 0x30 0x09 0xd0 0x78 0x76                      MOVA r24, #0;                                               MOVS dc2, r19;                MAC r28, r28, r6, r0;         MOV r0, r7
        1546    0x92 0x61 0x60 0x22 0x0b 0x32 0x6f 0x10 0x79 0x3a                                                                                            MOVS p4, r19;                 MAC r0, r0, r17, r22;         MOV r19, r28
        1556    0x00 0x2c 0xf0 0x9c 0x0b 0x23 0x7b 0x31 0x27 0x10 0x78 0x76                      NOPA;                                                       MOVS p0, r28;                 MAC r23, r23, r17, r22;       MOV dn2, r28
        1568    0x00 0x2c 0xf0 0x00 0x20 0x00 0x0b 0x00 0x00 0x0a 0xa1 0x4e 0x78 0x00 0x00 0xe1  NOPA;                         NOPB;                         MOVS dc0, r0;                 MOVX r0, #0;                  MOV eh10, r2;                           NOPV
.label ZLS_Fmatmul_vectorized_bfp16_272
.loop_nesting 2
.begin_of_loop
        1584    0xff 0x1f 0x78 0x28 0x28 0x32 0x01 0x53 0x51 0xcf 0x32 0xe1 0x60 0x7e            VLDA x3, [sp, #-128];         VLDB.FILL.512 [p0, lf0, r24]; MOVS p1, r23;                 MOVX r25, #0;                 MOV r20, eh10
        1598    0xff 0x9d 0x25 0x14 0x14 0x01 0x34 0x60 0x7e 0xba                                LDA el3, [sp, #-4];           VLDB.FILL.512 [p1, lf1, r25];                                                             MOV p2, p4
        1608    0xff 0x19 0x23 0x00 0x14 0x03 0x48 0x10 0x7e 0xba                                LDA eh3, [sp, #-8];           VLDB.POP.576 ex0, [p1, lf1, r25];                                                         MOV r26, r0
        1618    0xfc 0x68 0xf3 0x00 0x54 0x03 0x6f 0x90 0x7e 0xba                                VLDA sfh, [sp, #-512];        VLDB.POP.576 ex1, [p1, lf1, r25];                                                         MOV r27, r30
        1628    0xfc 0xb8 0xf6 0x02 0x28 0x3c                                                    VLDA sfl, [sp, #-448];        VLDB.POP.576 ex4, [p1, lf1, r25]
        1634    0x3b 0x01 0x54 0x18                                                                                            VLDB.POP.576 ex5, [p1, lf1, r25]
        1638    0x3b 0x00 0x94 0x18                                                                                            VLDB.POP.576 ex2, [p1, lf1, r25]
        1642    0x3b 0x01 0xd4 0x18                                                                                            VLDB.POP.576 ex7, [p1, lf1, r25]
        1646    0x3b 0x01 0x94 0x18                                                                                            VLDB.POP.576 ex6, [p1, lf1, r25]
        1650    0x3b 0x02 0xd4 0x18                                                                                            VLDB.POP.576 ex11, [p1, lf1, r25]
        1654    0x3d 0x14 0x14 0x18                                                                                            VLDB.FILL.512 [p1, lf1, r25]
        1658    0xa0 0x41 0x72 0x01 0x94 0x02 0x81 0x2e 0x7e 0xba                                VLDA.POP.576 ex8, [p1, lf1, r25];VLDB.POP.576 ex6, [p0, lf0, r24];                                                      VMOV ex10, ex1
        1668    0x60 0x11 0x63 0x02 0x54 0x00 0x0e 0x10 0x76 0xba                                                              VLDB.POP.576 ex9, [p1, lf1, r25];MOVS dc3, p0;                                            MOV r0, r24
        1678    0xfb 0x98 0xf6 0x03 0x28 0x88 0x4b 0x03 0x0f 0x50 0x70 0xf6                      VLDA lfl0, [sp, #-576];       VLDB.POP.576 ex6, [p1, lf1, r25];MOVS p0, dc2;                                            MOV r24, r29
        1690    0x07 0xd8 0x47 0x98                                                              VLDA lfh0, [sp, #-640]
        1694    0xfd 0x11 0xb4 0x14 0x14 0x00 0x47 0x2e 0x76 0xba                                                              VLDB.FILL.512 [p0, lf0, r24]; ST eh2, [sp, #-24];                                         VMOV ex1, ex7
        1704    0xfc 0x36 0x62 0x00 0x94 0x01 0xea 0x4e 0x76 0xba                                                              VLDB.POP.576 ex2, [p0, lf0, r24];VST x6, [sp, #-512];                                     MOV eh7, r20
        1714    0xa0 0x51 0x78 0x28 0x2f 0xf1 0xad 0x82 0x97 0x8e 0x70 0xf6                      VLDA.POP.576 ex10, [p1, lf1, r25];VLDB.FILL.512 [p0, lf0, r24];ST el6, [sp, #-16];                                      MOV r20, eh7
        1726    0xa0 0x31 0x74 0x01 0x2f 0xed 0x8d 0x81 0xc5 0x2e 0x70 0xf6                      VLDA.POP.576 ex6, [p1, lf1, r25];VLDB.POP.576 ex2, [p0, lf0, r24];ST eh6, [sp, #-20];                                   VMOV ex7, ex5
        1738    0xfa 0x9d 0x62 0x96 0x5c 0xe4 0x0a 0xec 0x69 0x4a                                                                                            VST lfl0, [sp, #-704];                                      VMOV ex5, ex11;                         VMUL.f dm2, ex6, ex3, r1
        1748    0xfa 0x0d 0x60 0x02 0xca 0x4e 0x70 0x02                                                                                                      VST lfh0, [sp, #-768];                                      MOV el11, r20
        1756    0xfc 0x96 0x60 0x00 0xab 0x0e 0x70 0x02                                                                                                      VST x2, [sp, #-448];                                        MOV eh2, el11
        1764    0xfe 0x95 0xb0 0x03 0xee 0x50 0x70 0x02                                                                                                      ST el2, [sp, #-12];                                         MOV r31, r25
        1772    0xfb 0xb6 0x60 0x03 0x32 0x8e 0x70 0x02                                                                                                      VST x6, [sp, #-576];                                        MOV r25, eh2
        1780    0xfc 0xb5 0xb5 0x94 0x5c 0xe4 0x08 0xe4 0x69 0x4a                                                                                            ST el6, [sp, #-28];                                         VMOV ex11, ex10;                        VMUL.f dm0, ex2, ex3, r1
        1790    0xfc 0x31 0xb0 0x02 0x21 0x60 0x70 0x02                                                                                                      ST eh6, [sp, #-32];                                         MOV dn4, p1
        1798    0xfe 0xd8 0xf3 0x00 0x96 0x00 0x00 0x7c 0xe1 0x07 0x09 0xe4 0x69 0x6e            VLDA lfl1, [sp, #-192];                                     MOVS p1, dc0;                                               MOV r30, r24;                           VMUL.f dm1, ex2, ex3, r1
        1812    0xfb 0x5d 0x60 0x00 0xe0 0x60 0x70 0x02                                                                                                      VST lfl1, [sp, #-640];                                      MOV dc1, p0
        1820    0xfe 0x48 0xf0 0x8c 0x4b 0x03 0x08 0x10 0x72 0xba                                VLDA lfh1, [sp, #-256];                                     MOVS p0, dc3;                                               MOV r24, r0
        1830    0xf9 0xcd 0x65 0x14 0x14 0x02 0x8f 0xd0 0x76 0xba                                                              VLDB.FILL.512 [p1, lf1, r25]; VST lfh1, [sp, #-832];                                      MOV r20, r31
        1840    0xfa 0x08 0xf6 0x01 0x28 0x3c                                                    VLDA lfh0, [sp, #-768];       VLDB.POP.576 ex2, [p1, lf1, r25]
        1846    0x0f 0xf0 0xeb 0x18                                                                                                                          VST lfl0, [sp, #-256]
        1850    0xfc 0x87 0x76 0x01 0xa8 0x3c                                                    VLDA x0, [sp, #-448];         VLDB.POP.576 ex3, [p1, lf1, r25]
        1856    0x0f 0xe4 0x6b 0x18                                                                                                                          VST lfh0, [sp, #-448]
        1860    0xfa 0x98 0xf6 0x03 0x28 0x3c                                                    VLDA lfl0, [sp, #-704];       VLDB.POP.576 ex6, [p1, lf1, r25]
        1866    0x02 0x81 0x76 0x03 0xaf 0xf5 0xb3 0x32                                          VLDA.FILL.512 [p0, lf0, r24]; VLDB.POP.576 ex7, [p1, lf1, r25];VST x6, [sp, #-192]
        1874    0x07 0xf4 0x29 0x18                                                              LDA el0, [sp, #-12]
        1878    0xfd 0x01 0x26 0x01 0x28 0x3c                                                    LDA eh0, [sp, #-24];          VLDB.POP.576 ex2, [p1, lf1, r25]
        1884    0xfb 0xb5 0xb4 0x02 0x2b 0x00 0x5c 0xe6 0x0a 0x56 0x49 0x66                                                    VLDB.POP.576 ex4, [p0, lf0, r24];ST el6, [sp, #-36];                                      VMOV ex6, ex0;                          VMAC.f dm2, dm2, ex11, ex2, r1
        1896    0xfb 0x31 0xb0 0x00 0x83 0x2e 0x70 0x02                                                                                                      ST eh6, [sp, #-40];                                         VMOV ex2, ex3
        1904    0x08 0x11 0x67 0xdc 0x20 0xe4 0x08 0x0c 0x49 0x4a                                                                                            MOVS dn0, p0;                                               MOV r31, r24;                           VMAC.f dm0, dm0, ex6, ex2, r1
        1914    0xfc 0x27 0x76 0x1a 0x20 0xe2 0x09 0x2c 0x69 0x4a                                VLDA x4, [sp, #-512];                                                                                                   MOV r24, r20;                           VMAC.f dm1, dm1, ex6, ex3, r1
        1924    0xfe 0x25 0x23 0x0e 0x5c 0xe2 0x0a 0x4e 0xc9 0x4a                                LDA el4, [sp, #-16];                                                                                                    VMOV ex6, ex7;                          VMAC.f dm2, dm2, ex7, ex6, r1
        1934    0xfd 0xa1 0x26 0x01 0xaa 0x10 0x5c 0xe2 0x08 0x08 0xc9 0x66                      LDA eh4, [sp, #-20];          VLDB.POP.576 ex3, [p1, lf1, r25];                                                         VMOV ex4, ex8;                          VMAC.f dm0, dm0, ex4, ex6, r1
        1946    0x04 0x04 0x5c 0xe6 0x09 0x28 0xe9 0x62                                                                                                                                                                  VMOV ex8, ex2;                          VMAC.f dm1, dm1, ex4, ex7, r1
        1954    0xfa 0x0d 0x61 0x08 0x5c 0xe4 0x0a 0x42 0x49 0x4a                                                                                            VST lfh0, [sp, #-768];                                      VMOV ex2, ex4;                          VMAC.f dm2, dm2, ex1, ex2, r1
        1964    0xfa 0x9d 0x66 0x03 0x2d 0x1c 0x20 0xe6 0x08 0x00 0x49 0x66                                                    VLDB.POP.576 ex6, [p1, lf1, r25];VST lfl0, [sp, #-704];                                   MOV r20, r24;                           VMAC.f dm0, dm0, ex0, ex2, r1
        1976    0x03 0x01 0xd4 0x00 0x0b 0xe9 0x09 0x62                                                                        VLDB.POP.576 ex7, [p1, lf1, r25];                                                                                                 VMUL.f dm3, ex4, ex8, r1
        1984    0x3d 0x14 0x14 0x18                                                                                            VLDB.FILL.512 [p1, lf1, r25]
        1988    0xfb 0xa7 0x76 0x01 0x28 0x3c                                                    VLDA x4, [sp, #-576];         VLDB.POP.576 ex2, [p1, lf1, r25]
        1994    0xfc 0xa5 0x26 0x01 0xa8 0x04 0x5c 0xe2 0x0b 0x76 0x69 0x66                      LDA el4, [sp, #-28];          VLDB.POP.576 ex3, [p1, lf1, r25];                                                         VMOV ex0, ex2;                          VMAC.f dm3, dm3, ex11, ex3, r1
        2006    0xfc 0x21 0x23 0x01 0x94 0x1d 0x09 0x20 0x69 0x4a                                LDA eh4, [sp, #-32];          VLDB.POP.576 ex6, [p1, lf1, r25];                                                                                                 VMAC.f dm1, dm1, ex0, ex3, r1
        2016    0x00 0x00                                                                        NOPX
        2018    0xfe 0x87 0x73 0x01 0xd4 0x1d 0x0b 0x6c 0xe9 0x4a                                VLDA x0, [sp, #-192];         VLDB.POP.576 ex7, [p1, lf1, r25];                                                                                                 VMAC.f dm3, dm3, ex6, ex7, r1
        2028    0xfb 0x85 0x23 0x00 0x94 0x1d 0x08 0x08 0xc9 0x4a                                LDA el0, [sp, #-36];          VLDB.POP.576 ex2, [p1, lf1, r25];                                                                                                 VMAC.f dm0, dm0, ex4, ex6, r1
        2038    0xfb 0x01 0x21 0x09 0x16 0x00 0x00 0x44 0x92 0xe7 0x09 0x28 0xe9 0x6e            LDA eh0, [sp, #-40];                                        MOVS p0, p1;                                                VMOV ex1, ex9;                          VMAC.f dm1, dm1, ex4, ex7, r1
        2052    0x32 0x49 0x66 0x1c 0xa0 0xe4 0x0b 0x62 0x69 0x4a                                                                                            MOVS p1, dn4;                                               MOV r24, r25;                           VMAC.f dm3, dm3, ex1, ex3, r1
        2062    0x06 0x5a 0x20 0xe6 0x0a 0x4a 0xc9 0x62                                                                                                                                                                  MOV r25, r20;                           VMAC.f dm2, dm2, ex5, ex6, r1
        2070    0xf9 0xc8 0xf4 0x01 0xad 0x1d 0xa0 0xe2 0x08 0x00 0x49 0x66                      VLDA lfh1, [sp, #-832];       VLDB.POP.576 ex3, [p0, lf0, r24];                                                         MOV r20, r27;                           VMAC.f dm0, dm0, ex0, ex2, r1
        2082    0xfb 0x58 0xf4 0x03 0x2a 0x94 0x5c 0xe2 0x09 0x20 0x69 0x66                      VLDA lfl1, [sp, #-640];       VLDB.POP.576 ex6, [p0, lf0, r24];                                                         VMOV ex5, ex10;                         VMAC.f dm1, dm1, ex0, ex3, r1
        2094    0xa0 0x09 0x72 0x01 0xd4 0x1d 0x0b 0x6a 0xe9 0x4a                                VLDA.POP.576 ex1, [p1, lf1, r25];VLDB.POP.576 ex7, [p0, lf0, r24];                                                                                              VMAC.f dm3, dm3, ex5, ex7, r1
        2104    0xa0 0x21 0x78 0x28 0x29 0x75 0x92 0xe2 0x0a 0x42 0x49 0x66                      VLDA.POP.576 ex4, [p1, lf1, r25];VLDB.FILL.512 [p0, lf0, r24];                                                          VMOV lfl0, lfl1;                        VMAC.f dm2, dm2, ex1, ex2, r1
        2116    0xa0 0x29 0x74 0x01 0x28 0x71 0x92 0xe2 0x08 0x08 0xc9 0x66                      VLDA.POP.576 ex5, [p1, lf1, r25];VLDB.POP.576 ex2, [p0, lf0, r24];                                                      VMOV lfh0, lfh1;                        VMAC.f dm0, dm0, ex4, ex6, r1
        2128    0x00 0x19 0x04 0x01 0xac 0x79 0x66 0x71 0x2c 0x0f 0x0b 0x62 0x69 0x4e            MOVA r25, #0;                 VLDB.POP.576 ex3, [p0, lf0, r24];                           MAC r28, r28, r17, r22;       MOV r28, p1;                            VMAC.f dm3, dm3, ex1, ex3, r1
        2142    0x0a 0x4a 0xc9 0x48                                                                                                                                                                                                                              VMAC.f dm2, dm2, ex5, ex6, r1
        2146    0x01 0x6e 0x20 0xe6 0x09 0x28 0xe9 0x62                                                                                                                                                                  MOV p1, r28;                            VMAC.f dm1, dm1, ex4, ex7, r1
        2154    0x05 0x14 0x14 0x00 0x0b 0x6a 0xe9 0x62                                                                        VLDB.FILL.512 [p1, lf1, r25];                                                                                                     VMAC.f dm3, dm3, ex5, ex7, r1
        2162    0x03 0x00 0x14 0x00 0x08 0x00 0x49 0x62                                                                        VLDB.POP.576 ex0, [p1, lf1, r25];                                                                                                 VMAC.f dm0, dm0, ex0, ex2, r1
        2170    0x03 0x00 0x54 0x00 0x0a 0x42 0x49 0x62                                                                        VLDB.POP.576 ex1, [p1, lf1, r25];                                                                                                 VMAC.f dm2, dm2, ex1, ex2, r1
        2178    0x09 0x20 0x69 0x48                                                                                                                                                                                                                              VMAC.f dm1, dm1, ex0, ex3, r1
        2182    0x0b 0x62 0x69 0x48                                                                                                                                                                                                                              VMAC.f dm3, dm3, ex1, ex3, r1
        2186    0x08 0x08 0xc9 0x48                                                                                                                                                                                                                              VMAC.f dm0, dm0, ex4, ex6, r1
        2190    0x09 0x28 0xe9 0x48                                                                                                                                                                                                                              VMAC.f dm1, dm1, ex4, ex7, r1
        2194    0x0a 0x4a 0xc9 0x48                                                                                                                                                                                                                              VMAC.f dm2, dm2, ex5, ex6, r1
        2198    0x0b 0x6a 0xe9 0x48                                                                                                                                                                                                                              VMAC.f dm3, dm3, ex5, ex7, r1
        2202    0x0f 0xf4 0x2d 0x98                                                                                                                          ST el0, [sp, #-12]
        2206    0x0f 0xec 0x6d 0x98                                                                                                                          ST el1, [sp, #-20]
        2210    0x0d 0x80 0x03 0x18                                                                                                                          VST.PUSH.576.CONV.bfp16ebs8.fp32 dm0, [p2, sf, r26]
        2214    0x09 0x00 0x03 0x18                                                                                                                          VST.FLUSH.512.CONV [p2, sf, r26]
        2218    0xfd 0x68 0xfb 0x01 0x06 0x0c                                                    VLDA sfh, [sp, #-384];                                      VST.PUSH.576.CONV.bfp16ebs8.fp32 dm1, [p2, sf, r26]
        2224    0xfd 0xb8 0xf2 0x00 0x06 0x0c                                                    VLDA sfl, [sp, #-320];                                      VST.FLUSH.512.CONV [p2, sf, r26]
        2230    0x81 0x11 0x60 0x03 0x6e 0x90 0x70 0x02                                                                                                      MOVS dc4, p2;                                               MOV r27, r26
        2238    0x51 0x49 0x60 0x03 0x4d 0x10 0x70 0x02                                                                                                      MOVS p2, dn2;                                               MOV r26, r20
        2246    0x1d 0x1f 0xa0 0xf8                                                                                                                                                                                      MOV r20, r31
        2250    0x0f 0xe3 0x6b 0x18                                                                                                                          VST sfh, [sp, #-512]
        2254    0x0f 0xf5 0xeb 0x18                                                                                                                          VST sfl, [sp, #-192]
        2258    0x0d 0x81 0x03 0x18                                                                                                                          VST.PUSH.576.CONV.bfp16ebs8.fp32 dm2, [p2, sf, r26]
        2262    0xfe 0xb8 0xf2 0x00 0x06 0x0c                                                    VLDA sfl, [sp, #-192];                                      VST.FLUSH.512.CONV [p2, sf, r26]
        2268    0xfc 0x68 0xfb 0x03 0x06 0x0c                                                    VLDA sfh, [sp, #-512];                                      VST.PUSH.576.CONV.bfp16ebs8.fp32 dm3, [p2, sf, r26]
        2274    0x09 0x00 0x03 0x18                                                                                                                          VST.FLUSH.512.CONV [p2, sf, r26]
        2278    0x29 0x11 0x60 0x03 0xee 0x90 0x70 0x02                                                                                                      MOVS dn1, p2;                                               MOV r31, r26
        2286    0x52 0x09 0x60 0x03 0x8f 0xd0 0x70 0x02                                                                                                      MOVS p2, dc4;                                               MOV r28, r31
        2294    0x1e 0x9d 0xa0 0xf8                                                                                                                                                                                      MOV r26, r27
        2298    0xf9 0xbd 0x62 0x01 0x94 0x03 0x6d 0x10 0x76 0xba                                                              VLDB.POP.576 ex6, [p0, lf0, r24];VST sfl, [sp, #-832];                                    MOV r27, r20
        2308    0x40 0x3a 0x8f 0x96 0xd6 0x4c                                                                                  VLDB.POP.576 ex7, [p0, lf0, r24];VST sfh, [sp, #-896]
        2314    0x40 0x4a 0x8f 0xd0 0xe6 0x4c                                                                                  VLDB.POP.576 ex9, [p0, lf0, r24];VST x1, [sp, #-384]
        2320    0x40 0x2a 0x8f 0xd0 0x9b 0x4c                                                                                  VLDB.POP.576 ex5, [p0, lf0, r24];ST eh1, [sp, #-24]
        2326    0x40 0x5a 0x8f 0xd8 0x66 0x4c                                                                                  VLDB.POP.576 ex11, [p0, lf0, r24];VST x0, [sp, #-320]
        2332    0x40 0x02 0x8f 0xe0 0x1b 0x4c                                                                                  VLDB.POP.576 ex0, [p0, lf0, r24];ST eh0, [sp, #-16]
        2338    0x3c 0x14 0x14 0x18                                                                                            VLDB.FILL.512 [p0, lf0, r24]
        2342    0x3a 0x00 0x94 0x18                                                                                            VLDB.POP.576 ex2, [p0, lf0, r24]
        2346    0x80 0x49 0x76 0x02 0x28 0x3c                                                    VLDA.POP.576 ex9, [p0, lf0, r24];VLDB.POP.576 ex4, [p1, lf1, r25]
        2352    0x40 0x2a 0x81 0x1c 0xb9 0xf4                                                                                  VLDB.POP.576 ex5, [p0, lf0, r24];                                                         VMOV ex1, ex7
        2358    0xfe 0x18 0xf3 0x40 0x8b 0x01 0xc2 0x2e 0x72 0xba                                VLDA lfl0, [sp, #-256];                                     MOVS dn3, p0;                                               VMOV ex7, ex2
        2368    0xfe 0xae 0x60 0x00 0x89 0x2e 0x70 0x02                                                                                                      VST x5, [sp, #-192];                                        VMOV ex2, ex9
        2376    0xfc 0xad 0xb0 0x01 0x0b 0x2e 0x70 0x02                                                                                                      ST el5, [sp, #-28];                                         VMOV ex4, ex11
        2384    0xfc 0x29 0xb0 0x02 0xc6 0x2e 0x70 0x02                                                                                                      ST eh5, [sp, #-32];                                         VMOV ex11, ex6
        2392    0xfc 0x88 0xf0 0x84 0x4b 0x02 0x82 0x2e 0x72 0xba                                VLDA lfh0, [sp, #-448];                                     MOVS p0, dc1;                                               VMOV ex10, ex2
        2402    0xfc 0x06 0x60 0x01 0x84 0x2e 0x70 0x02                                                                                                      VST x0, [sp, #-512];                                        VMOV ex6, ex4
        2410    0xf8 0x9d 0x60 0x03 0xee 0x10 0x70 0x02                                                                                                      VST lfl0, [sp, #-960];                                      MOV r31, r24
        2418    0xf8 0x0d 0x60 0x03 0x0f 0x90 0x70 0x02                                                                                                      VST lfh0, [sp, #-1024];                                     MOV r24, r30
        2426    0x82 0x82 0x8f 0xe2 0xe6 0x4c                                                                                  VLDB.FILL.512 [p0, lf0, r24]; VST x5, [sp, #-256]
        2432    0x40 0x2a 0x8f 0xaa 0xdb 0x4c                                                                                  VLDB.POP.576 ex5, [p0, lf0, r24];ST el5, [sp, #-44]
        2438    0x82 0x82 0x8f 0xa2 0x9b 0x4c                                                                                  VLDB.FILL.512 [p0, lf0, r24]; ST eh5, [sp, #-48]
        2444    0xfd 0xaf 0x74 0x00 0x28 0x3c                                                    VLDA x5, [sp, #-320];         VLDB.POP.576 ex0, [p0, lf0, r24]
        2450    0xfb 0x85 0xb0 0x03 0xae 0x10 0x70 0x02                                                                                                      ST el0, [sp, #-36];                                         MOV r29, r24
        2458    0xfb 0x01 0xb0 0x01 0x60 0x60 0x70 0x02                                                                                                      ST eh0, [sp, #-40];                                         MOV dc2, p0
        2466    0xfa 0x08 0xf0 0x82 0x4b 0x03 0x0e 0xd0 0x72 0xba                                VLDA lfh0, [sp, #-768];                                     MOVS p0, dn0;                                               MOV r24, r27
        2476    0x07 0xd4 0xc7 0x98                                                              VLDA lfl0, [sp, #-704]
        2480    0xfe 0xad 0x28 0x28 0x28 0x3c                                                    LDA el5, [sp, #-12];          VLDB.FILL.512 [p0, lf0, r24]
        2486    0xfe 0x29 0x20 0x04 0x0c 0xeb 0x09 0x62                                          LDA eh5, [sp, #-16];                                                                                                                                            VMUL.f dm4, ex5, ex8, r1
        2494    0x40 0x2a 0x8f 0xb0 0xd6 0x4c                                                                                  VLDB.POP.576 ex5, [p0, lf0, r24];VST lfh0, [sp, #-640]
        2500    0xfb 0x9d 0x66 0x02 0xa8 0x1c 0x20 0xe6 0x08 0xe1 0x09 0x66                                                    VLDB.POP.576 ex5, [p1, lf1, r25];VST lfl0, [sp, #-576];                                   MOV r0, r24;                            VMUL.f dm0, ex0, ex8, r1
        2512    0xfd 0x07 0x75 0x40 0x8b 0x00 0x33 0x40 0x72 0xba                                VLDA x0, [sp, #-384];                                       MOVS dn5, p0;                                               MOV p0, dn3
        2522    0xfe 0x9f 0x7c 0x3f 0x41 0xd4                                                    VLDA x3, [sp, #-192];                                                                                                   MOV r24, r31
        2528    0x07 0xe4 0xe9 0x18                                                              LDA el3, [sp, #-28]
        2532    0x07 0xe0 0xc9 0x18                                                              LDA eh3, [sp, #-32]
        2536    0xfd 0x85 0x20 0x04 0x0c 0x8a 0xe9 0x62                                          LDA el0, [sp, #-20];                                                                                                                                            VMAC.f dm4, dm4, ex5, ex7, r1
        2544    0xfd 0x01 0x26 0x00 0x2c 0x0e 0x5c 0xe2 0x08 0x0a 0x69 0x66                      LDA eh0, [sp, #-24];          VLDB.POP.576 ex0, [p1, lf1, r25];                                                         VMOV ex8, ex7;                          VMAC.f dm0, dm0, ex5, ex3, r1
        2556    0xfb 0xbd 0x23 0x01 0x54 0x1d 0x09 0xeb 0x09 0x4a                                LDA el7, [sp, #-36];          VLDB.POP.576 ex5, [p1, lf1, r25];                                                                                                 VMUL.f dm1, ex5, ex8, r1
        2566    0xfb 0x39 0x22 0x06 0x5c 0xe2 0x0c 0x89 0x69 0x4a                                LDA eh7, [sp, #-40];                                                                                                    VMOV ex4, ex3;                          VMAC.f dm4, dm4, ex4, ex11, r1
        2576    0xfc 0x3f 0x73 0x01 0x14 0x1d 0x08 0x08 0x29 0x4a                                VLDA x7, [sp, #-512];         VLDB.POP.576 ex4, [p1, lf1, r25];                                                                                                 VMAC.f dm0, dm0, ex4, ex1, r1
        2586    0xf8 0x08 0xf6 0x02 0xa8 0x3c                                                    VLDA lfh0, [sp, #-1024];      VLDB.POP.576 ex5, [p1, lf1, r25]
        2592    0xa2 0x82 0x8f 0xc8 0xd6 0x4c                                                                                  VLDB.FILL.512 [p1, lf1, r25]; VST lfh0, [sp, #-448]
        2598    0xfe 0x9d 0x63 0x00 0x14 0x02 0x03 0x2e 0x76 0xba                                                              VLDB.POP.576 ex0, [p1, lf1, r25];VST lfl0, [sp, #-192];                                   VMOV ex8, ex3
        2608    0xf8 0x98 0xf1 0x92 0x5c 0xe2 0x09 0x21 0x09 0x4a                                VLDA lfl0, [sp, #-960];                                                                                                 VMOV ex3, ex9;                          VMAC.f dm1, dm1, ex0, ex8, r1
        2618    0xff 0xb5 0x24 0x03 0xac 0x8a 0x5c 0xe2 0x0c 0x81 0x49 0x66                      LDA el6, [sp, #-4];           VLDB.POP.576 ex7, [p0, lf0, r24];                                                         VMOV ex9, ex5;                          VMAC.f dm4, dm4, ex0, ex10, r1
        2630    0xfe 0xb5 0xb4 0x01 0x28 0x02 0x5c 0xe6 0x08 0x01 0x09 0x66                                                    VLDB.POP.576 ex2, [p0, lf0, r24];ST el6, [sp, #-12];                                      VMOV ex0, ex1;                          VMAC.f dm0, dm0, ex0, ex8, r1
        2642    0xfc 0x3e 0x65 0x88 0x5c 0xe4 0x09 0x33 0x69 0x4a                                                                                            VST x7, [sp, #-512];                                        VMOV ex11, ex4;                         VMAC.f dm1, dm1, ex9, ex11, r1
        2652    0xfc 0xbd 0xb4 0x01 0xa8 0x8a 0x5c 0xe6 0x0c 0x88 0xc9 0x66                                                    VLDB.POP.576 ex3, [p0, lf0, r24];ST el7, [sp, #-28];                                      VMOV ex1, ex5;                          VMAC.f dm4, dm4, ex4, ex6, r1
        2664    0xfc 0x39 0xb2 0x00 0x5c 0xe4 0x08 0x08 0xe9 0x4a                                                                                            ST eh7, [sp, #-32];                                         VMOV ex4, ex0;                          VMAC.f dm0, dm0, ex4, ex7, r1
        2674    0xfa 0x16 0x60 0x03 0x6e 0x10 0x70 0x02                                                                                                      VST x2, [sp, #-768];                                        MOV r27, r24
        2682    0xf9 0x95 0xb6 0x10 0x20 0xe4 0x0c 0x80 0x49 0x4a                                                                                            ST el2, [sp, #-52];                                         MOV r24, r0;                            VMAC.f dm4, dm4, ex0, ex2, r1
        2692    0xf9 0x11 0xb5 0x60 0xc0 0xe4 0x08 0x00 0x69 0x4a                                                                                            ST eh2, [sp, #-56];                                         MOV p5, p0;                             VMAC.f dm0, dm0, ex0, ex3, r1
        2702    0xfa 0x9e 0x60 0x00 0x35 0x40 0x70 0x02                                                                                                      VST x3, [sp, #-704];                                        MOV p0, dn5
        2710    0xfb 0x9d 0xb0 0x00 0x0a 0x2e 0x70 0x02                                                                                                      ST el3, [sp, #-36];                                         VMOV ex0, ex10
        2718    0xfb 0x19 0xb0 0x00 0x0e 0xd0 0x70 0x02                                                                                                      ST eh3, [sp, #-40];                                         MOV r0, r27
        2726    0xfc 0x88 0xf7 0x90 0x20 0xe2 0x09 0x22 0x09 0x4a                                VLDA lfh0, [sp, #-448];                                                                                                 MOV r30, r0;                            VMAC.f dm1, dm1, ex1, ex0, r1
        2736    0x0f 0xc0 0x6b 0x18                                                                                                                          VST lfh0, [sp, #-1024]
        2740    0x0f 0xc4 0xeb 0x18                                                                                                                          VST lfl0, [sp, #-960]
        2744    0x07 0xf4 0xc7 0x98                                                              VLDA lfl0, [sp, #-192]
        2748    0xff 0x37 0x78 0x28 0x28 0x3c                                                    VLDA x6, [sp, #-128];         VLDB.FILL.512 [p0, lf0, r24]
        2754    0x40 0x52 0x8f 0xdb 0x66 0x4c                                                                                  VLDB.POP.576 ex10, [p0, lf0, r24];VST x6, [sp, #-320]
        2760    0x0f 0xf1 0x8d 0x98                                                                                                                          ST eh6, [sp, #-16]
        2764    0x07 0xf9 0x89 0x18                                                              LDA eh6, [sp, #-8]
        2768    0x07 0xe9 0xbb 0x98                                                              VLDA x6, [sp, #-384]
        2772    0x07 0xed 0xa9 0x18                                                              LDA el6, [sp, #-20]
        2776    0x07 0xe9 0x89 0x18                                                              LDA eh6, [sp, #-24]
        2780    0x07 0xe1 0xbb 0x98                                                              VLDA x6, [sp, #-512]
        2784    0x07 0xe5 0xa9 0x18                                                              LDA el6, [sp, #-28]
        2788    0x07 0xe1 0x89 0x18                                                              LDA eh6, [sp, #-32]
        2792    0xfd 0xd7 0x70 0x04 0x0a 0xf4 0xc9 0x62                                          VLDA x10, [sp, #-320];                                                                                                                                          VMUL.f dm2, ex10, ex6, r1
        2800    0x07 0xf6 0xa9 0x18                                                              LDA el10, [sp, #-12]
        2804    0xfe 0x51 0x26 0x00 0xa8 0x3c                                                    LDA eh10, [sp, #-16];         VLDB.POP.576 ex1, [p1, lf1, r25]
        2810    0xfa 0xdf 0x73 0x01 0x14 0x1d 0x0a 0x4d 0x69 0x4a                                VLDA x11, [sp, #-704];        VLDB.POP.576 ex4, [p1, lf1, r25];                                                                                                 VMAC.f dm2, dm2, ex6, ex11, r1
        2820    0x07 0xca 0x89 0x18                                                              LDA eh10, [sp, #-56]
        2824    0xfa 0x57 0x76 0x02 0xa8 0x3c                                                    VLDA x10, [sp, #-768];        VLDB.POP.576 ex5, [p1, lf1, r25]
        2830    0xfe 0x37 0x73 0x00 0x14 0x1d 0x0a 0x52 0x89 0x4a                                VLDA x6, [sp, #-256];         VLDB.POP.576 ex0, [p1, lf1, r25];                                                                                                 VMAC.f dm2, dm2, ex9, ex4, r1
        2840    0x07 0xd5 0xa9 0x18                                                              LDA el6, [sp, #-44]
        2844    0x07 0xd1 0x89 0x18                                                              LDA eh6, [sp, #-48]
        2848    0xf9 0xd5 0x20 0x04 0x0a 0x43 0x09 0x62                                          LDA el10, [sp, #-52];                                                                                                                                           VMAC.f dm2, dm2, ex1, ex8, r1
        2856    0xfb 0xdd 0x20 0x04 0x09 0x2b 0x49 0x62                                          LDA el11, [sp, #-36];                                                                                                                                           VMAC.f dm1, dm1, ex5, ex10, r1
        2864    0xfb 0x59 0x23 0x00 0x54 0x1d 0x08 0x08 0xe9 0x4a                                LDA eh11, [sp, #-40];         VLDB.POP.576 ex1, [p1, lf1, r25];                                                                                                 VMAC.f dm0, dm0, ex4, ex7, r1
        2874    0xf8 0x48 0xfc 0x89 0x16 0x00 0x00 0x40 0xe5 0x07 0x0a 0x4a 0xc9 0x6e            VLDA lfh1, [sp, #-1024];                                    MOVS dn6, p1;                                               MOV r0, r25;                            VMAC.f dm2, dm2, ex5, ex6, r1
        2888    0xf8 0xd8 0xf1 0x94 0x8b 0x03 0x2f 0x90 0x72 0xba                                VLDA lfl1, [sp, #-960];                                     MOVS p1, p5;                                                MOV r25, r30
        2898    0x03 0x02 0xd4 0x00 0x08 0x00 0x69 0x62                                                                        VLDB.POP.576 ex11, [p1, lf1, r25];                                                                                                VMAC.f dm0, dm0, ex0, ex3, r1
        2906    0x03 0x02 0xd4 0x00 0x0c 0x88 0xc9 0x62                                                                        VLDB.POP.576 ex11, [p1, lf1, r25];                                                                                                VMAC.f dm4, dm4, ex4, ex6, r1
        2914    0x00 0x91 0x65 0x59 0x9c 0xe4 0x09 0x23 0x49 0x4a                                                                                            MOVS dc0, p1;                                               MOV eh10, r25;                          VMAC.f dm1, dm1, ex1, ex10, r1
        2924    0x33 0x49 0x60 0x03 0x28 0x10 0x70 0x02                                                                                                      MOVS p1, dn6;                                               MOV r25, r0
        2932    0xfd 0x4d 0x60 0x02 0x0a 0x43 0x69 0x62                                                                                                      VST lfh1, [sp, #-384];                                                                              VMAC.f dm2, dm2, ex1, ex11, r1
        2940    0xfd 0xdd 0x60 0x02 0x0c 0x80 0x49 0x62                                                                                                      VST lfl1, [sp, #-320];                                                                              VMAC.f dm4, dm4, ex0, ex2, r1
        2948    0xfd 0x48 0xf0 0x04 0x09 0x2a 0xc9 0x62                                          VLDA lfh1, [sp, #-384];                                                                                                                                         VMAC.f dm1, dm1, ex5, ex6, r1
        2956    0xfd 0xd8 0xf0 0x04 0x0a 0x4a 0xe9 0x62                                          VLDA lfl1, [sp, #-320];                                                                                                                                         VMAC.f dm2, dm2, ex5, ex7, r1
        2964    0x60 0x4a 0x8f 0xe4 0xd6 0x4c                                                                                  VLDB.POP.576 ex9, [p1, lf1, r25];VST lfh1, [sp, #-256]
        2970    0xfe 0xdd 0x63 0x02 0x54 0x01 0x09 0x22 0x49 0x4a                                                              VLDB.POP.576 ex9, [p1, lf1, r25];VST lfl1, [sp, #-192];                                                                           VMAC.f dm1, dm1, ex1, ex2, r1
        2980    0x0a 0x42 0x69 0x48                                                                                                                                                                                                                              VMAC.f dm2, dm2, ex1, ex3, r1
        2984    0x0d 0x82 0x03 0x18                                                                                                                          VST.PUSH.576.CONV.bfp16ebs8.fp32 dm4, [p2, sf, r26]
        2988    0x09 0x00 0x03 0x18                                                                                                                          VST.FLUSH.512.CONV [p2, sf, r26]
        2992    0xf9 0x68 0xfb 0x00 0x06 0x0c                                                    VLDA sfh, [sp, #-896];                                      VST.PUSH.576.CONV.bfp16ebs8.fp32 dm0, [p2, sf, r26]
        2998    0xf9 0xb8 0xf2 0x00 0x06 0x0c                                                    VLDA sfl, [sp, #-832];                                      VST.FLUSH.512.CONV [p2, sf, r26]
        3004    0x91 0x11 0x60 0x00 0x0e 0x90 0x70 0x02                                                                                                      MOVS p4, p2;                                                MOV r0, r26
        3012    0x50 0xc9 0x60 0x03 0x4f 0x10 0x70 0x02                                                                                                      MOVS p2, dn1;                                               MOV r26, r28
        3020    0x00 0x00                                                                        NOPX
        3022    0x0f 0xe3 0x6b 0x18                                                                                                                          VST sfh, [sp, #-512]
        3026    0x0f 0xe5 0xeb 0x18                                                                                                                          VST sfl, [sp, #-448]
        3030    0x0d 0x80 0x83 0x18                                                                                                                          VST.PUSH.576.CONV.bfp16ebs8.fp32 dm1, [p2, sf, r26]
        3034    0x09 0x00 0x03 0x18                                                                                                                          VST.FLUSH.512.CONV [p2, sf, r26]
        3038    0x0d 0x81 0x03 0x18                                                                                                                          VST.PUSH.576.CONV.bfp16ebs8.fp32 dm2, [p2, sf, r26]
        3042    0x09 0x00 0x03 0x18                                                                                                                          VST.FLUSH.512.CONV [p2, sf, r26]
        3046    0x49 0x11 0x60 0x03 0xce 0x90 0x70 0x02                                                                                                      MOVS dn2, p2;                                               MOV r30, r26
        3054    0x00 0x00                                                                        NOPX
        3056    0x00 0x00                                                                        NOPX
        3058    0x00 0x2c 0xff 0xdb 0xd6 0x00 0x00 0x40 0x1a 0x57 0x00 0x00 0x1c 0x2e            NOPA;                                                       VST sfl, [sp, #-320];                                       NOPM;                                   NOPV
.label ZLE_Fmatmul_vectorized_bfp16_1760
.end_of_loop
        3072    0x00 0x2c 0xf0 0x00 0x27 0xeb 0x6b 0x00 0x00 0x00 0x01 0xa5 0x78 0x00 0x00 0xe1  NOPA;                         NOPB;                         VST sfh, [sp, #-384];         NOPX;                         NOPM;                                   NOPV
.loop_nesting 1
        3088    0x10 0xc6 0xe0 0x18                                                                                                                                                        JNZD r3, r3, p3
        3092    0x10 0x2c 0x09 0x18                                                                                                                                                        MOVX r22, #2
        3096    0x00 0x00                                                                        NOPX
        3098    0x00 0x00                                                                        NOPX
        3100    0x00 0x00                                                                        NOPX
        3102    0x00 0x00                                                                        NOPX
.loop_nesting 0
        3104    0x10 0x28 0x00 0x18                                                                                                                                                        RET lr
        3108    0xff 0x80 0x00 0x00 0x01 0xc4                                                                                                                                              PADDXM [sp], #-1024
        3114    0x00 0x00                                                                        NOPX
        3116    0x00 0x00                                                                        NOPX
        3118    0x00 0x00                                                                        NOPX
        3120    0x00 0x00                                                                        NOPX
.label matmul_vectorized_bfp16__end

.text_segment PM   3136
.label zero_kernel
.function_start
        3136    0x20 0x05 0x40 0x00 0x22 0x80 0x8b 0x00 0x01 0xe8 0x37 0x88 0x10 0x07 0x00 0xe9  MOVA lc, #256;                NOPB;                         MOVS p2, p0;                  MOVXM p0, #503568;                                                    VCLR dm0
        3152    0x00 0x80 0x50 0x00 0x00 0x00 0x7e 0x60 0x10 0xba                                LDA.s8 r0, [p0];                                                                          MOVXM ls, #3264
        3162    0x00 0x1a 0x00 0x00 0x00 0x01 0xbe 0x68 0x10 0xba                                MOVA r26, #0;                                                                             MOVXM le, #3280
        3172    0x00 0x2c 0xf0 0x00 0x20 0x00 0x00 0x00 0x00 0xad 0x81 0x36                      NOPA;                         NOPB;                         NOPS;                         NOPX
        3184    0x00 0x2c 0xf0 0x00 0x20 0x01 0x5b 0x00 0x00 0x00 0x01 0xa5 0x78 0x00 0x00 0xe1  NOPA;                         NOPB;                         NOPS;                         NOPX;                         NOPM;                                   NOPV
        3200    0x00 0x2c 0xf0 0x00 0x20 0x01 0x5b 0x00 0x00 0x00 0x01 0xa5 0x78 0x00 0x00 0xe1  NOPA;                         NOPB;                         NOPS;                         NOPX;                         NOPM;                                   NOPV
        3216    0x00 0x2c 0xf0 0x00 0x20 0x01 0x5b 0x00 0x00 0x00 0x01 0xa5 0x78 0x00 0x00 0xe1  NOPA;                         NOPB;                         NOPS;                         NOPX;                         NOPM;                                   NOPV
        3232    0x00 0x2c 0xf0 0x00 0x20 0x01 0x5b 0x00 0x00 0x00 0x01 0xa5 0x78 0x00 0x00 0xe1  NOPA;                         NOPB;                         NOPS;                         NOPX;                         NOPM;                                   NOPV
        3248    0x00 0x2c 0xf0 0x00 0x20 0x01 0x5b 0x01 0xd4 0x00 0x01 0xa5 0x78 0x00 0x00 0xe1  NOPA;                         NOPB;                         NOPS;                         MOVX crRnd, r0;               NOPM;                                   NOPV
.label ZLS_Fzero_kernel_128
.loop_nesting 1
.begin_of_loop
        3264    0x00 0x2c 0xf0 0x00 0x25 0x80 0x03 0x00 0x00 0x00 0x01 0xa5 0x78 0x00 0x00 0xe1  NOPA;                         NOPB;                         VST.PUSH.576.CONV.bfp16ebs8.fp32 dm0, [p2, sf, r26];NOPX;   NOPM;                                   NOPV
.label ZLE_Fzero_kernel_144
.end_of_loop
        3280    0x00 0x2c 0xf0 0x00 0x21 0x00 0x03 0x00 0x00 0x00 0x01 0xa5 0x78 0x00 0x00 0xe1  NOPA;                         NOPB;                         VST.FLUSH.512.CONV [p2, sf, r26];NOPX;                      NOPM;                                   NOPV
.loop_nesting 0
        3296    0x10 0x28 0x00 0x18                                                                                                                                                        RET lr
        3300    0x00 0x00                                                                        NOPX
        3302    0x00 0x00                                                                        NOPX
        3304    0x00 0x00                                                                        NOPX
        3306    0x00 0x00                                                                        NOPX
        3308    0x00 0x00                                                                        NOPX
.label zero_kernel__end

.text_segment PM   3312
.label _fini
.function_start
        3312    0x00 0x08 0x00 0x00 0x01 0xc4                                                                                                                                              PADDXM [sp], #64
        3318    0xfe 0xba 0xb0 0x00 0x00 0x02 0x08 0x00 0x11 0x3a                                                                                            ST r14, [sp, #-12];           MOVXM r16, #0
        3328    0xff 0x73 0xb0 0x00 0x00 0x01 0xc8 0x00 0x11 0x3a                                                                                            ST p7, [sp, #-8];             MOVXM r14, #0
        3338    0x74 0x20 0xfe 0xd0 0x41 0xe4                                                                                                                                              EQ r16, r14, r16;             MOV p7, r16
        3344    0x80 0x06 0xb8 0x40 0x01 0x84                                                                                                                                              JNZ r16, #3440
        3350    0x0f 0xfd 0xf5 0x98                                                                                                                          ST r15, [sp, #-4]
        3354    0x0f 0xf0 0x3d 0x98                                                                                                                          ST lr, [sp, #-16]
        3358    0x00 0x00                                                                        NOPX
        3360    0x00 0x00                                                                        NOPX
        3362    0x00 0x2c 0xf0 0x02 0xb6 0x00 0x00 0x40 0x1a 0x57 0x00 0x00 0x1c 0x2e            NOPA;                                                       NOPS;                                                       NOPM;                                   NOPV
.label TGT_F_fini_64
.loop_nesting 1
        3376    0x07 0x1c 0x1e 0x98                                                              LDA p0, [p7], #4
        3380    0x00 0x00                                                                        NOPX
        3382    0x00 0x00                                                                        NOPX
        3384    0x00 0x00                                                                        NOPX
        3386    0x00 0x00                                                                        NOPX
        3388    0x00 0x00                                                                        NOPX
        3390    0x00 0x00                                                                        NOPX
.no_stack_arguments
        3392    0x10 0x30 0x00 0x18                                                                                                                                                        JL p0
        3396    0x1b 0xde 0xc0 0xf8                                                                                                                                                                                      MOV r15, p7
        3400    0x00 0x00                                                                        NOPX
        3402    0x00 0x00                                                                        NOPX
        3404    0x00 0x00                                                                        NOPX
        3406    0x00 0x00                                                                        NOPX
.return_address
        3408    0x13 0xe0 0xe8 0x98                                                                                                                                                        NE r16, r15, r14
        3412    0x80 0x06 0x98 0x40 0x01 0x84                                                                                                                                              JNZ r16, #3376
        3418    0x00 0x00                                                                        NOPX
        3420    0x00 0x00                                                                        NOPX
        3422    0x00 0x00                                                                        NOPX
        3424    0x00 0x00                                                                        NOPX
        3426    0x00 0x2c 0xf0 0x02 0xb6 0x00 0x00 0x40 0x1a 0x57 0x00 0x00 0x1c 0x2e            NOPA;                                                       NOPS;                                                       NOPM;                                   NOPV
.label TGT_F_fini_128
.loop_nesting 0
        3440    0x07 0xf0 0x39 0x18                                                              LDA lr, [sp, #-16]
        3444    0x07 0xf5 0xd1 0x18                                                              LDA r14, [sp, #-12]
        3448    0x07 0xfd 0xf1 0x18                                                              LDA r15, [sp, #-4]
        3452    0x07 0xfb 0x99 0x18                                                              LDA p7, [sp, #-8]
        3456    0x00 0x00                                                                        NOPX
        3458    0x00 0x00                                                                        NOPX
        3460    0x00 0x00                                                                        NOPX
        3462    0x10 0x28 0x00 0x18                                                                                                                                                        RET lr
        3466    0x00 0x00                                                                        NOPX
        3468    0x00 0x00                                                                        NOPX
        3470    0x00 0x00                                                                        NOPX
        3472    0x00 0x00                                                                        NOPX
        3474    0xff 0xf8 0x00 0x00 0x01 0xc4                                                                                                                                              PADDXM [sp], #-64
.label _fini__end

.text_segment PM   3488
.label __cxa_finalize
.function_start
        3488    0xff 0xa1 0x00 0x00 0x01 0xe8 0x37 0x9a 0x10 0xba                                MOVA r1, #-3;                                                                             MOVXM p0, #503604
        3498    0x00 0x8a 0xd0 0x00 0x41 0x08 0x6f 0xe0 0x78 0xba                                LDA r2, [p0];                                                                             MOVX r4, #8;                  MOV r3, srsSign1
        3508    0x00 0x92 0x30 0x00 0x02 0x00 0x00 0x00 0x71 0x3a                                                                                            ST r4, [p0];                  PADDXM [sp], #64
        3518    0xfa 0x8e 0xb0 0x00 0x6b 0xe0 0x70 0x02                                                                                                      ST r3, [sp, #-44];                                          MOV r3, srsSign0
        3526    0xfc 0x0e 0xb0 0x00 0x6d 0xe0 0x70 0x02                                                                                                      ST r3, [sp, #-32];                                          MOV r3, packSign1
        3534    0xfc 0x8e 0xb0 0x00 0x69 0xe0 0x70 0x02                                                                                                      ST r3, [sp, #-28];                                          MOV r3, packSign0
        3542    0xfd 0x8e 0xb0 0x00 0x6a 0x70 0x70 0x02                                                                                                      ST r3, [sp, #-20];                                          MOV r3, crSat
        3550    0xfe 0x0e 0xb0 0x00 0x6c 0x70 0x70 0x02                                                                                                      ST r3, [sp, #-16];                                          MOV r3, crSRSMode
        3558    0xfe 0x8e 0xb0 0x04 0x2f 0x18 0x6b 0xb0 0x79 0x3a                                                                                            ST r3, [sp, #-12];            ADD r2, r2, #-8;              MOV r3, crPackSize
        3568    0xff 0x0e 0xb0 0x04 0xd0 0xf4 0x2f 0xb0 0x79 0x3a                                                                                            ST r3, [sp, #-8];             ASHL r13, r2, r1;             MOV r1, crRnd
        3578    0xff 0x86 0xb0 0x00 0x29 0x70 0x70 0x02                                                                                                      ST r1, [sp, #-4];                                           MOV r1, crUnpackSize
        3586    0xfd 0x06 0xb0 0x00 0x2e 0x70 0x70 0x02                                                                                                      ST r1, [sp, #-24];                                          MOV r1, crUPSMode
        3594    0xfb 0x86 0xb0 0x00 0x01 0xe8 0x2f 0x8a 0x11 0x3a                                                                                            ST r1, [sp, #-36];            MOVXM r1, #503572
        3604    0xfb 0x07 0xb0 0x03 0x30 0x44 0xa0 0x02                                                                                                      ST lr, [sp, #-40];                                          ADD.NC p6, r1, r2
        3612    0x1a 0x58 0x60 0xf8                                                                                                                                                                                      MOV r9, upsSign1
        3616    0x1a 0x10 0x60 0xf8                                                                                                                                                                                      MOV r8, upsSign0
        3620    0x1a 0xda 0x60 0xf8                                                                                                                                                                                      MOV r11, vaddSign1
        3624    0x1a 0x92 0x60 0xf8                                                                                                                                                                                      MOV r10, vaddSign0
        3628    0x1b 0x1c 0x60 0xf8                                                                                                                                                                                      MOV r12, unpackSign1
        3632    0x1b 0x94 0x60 0xf8                                                                                                                                                                                      MOV r14, unpackSign0
        3636    0x00 0x2c 0xf0 0x00 0x20 0x00 0x00 0x03 0xb7 0x20 0x10 0xb6                      NOPA;                         NOPB;                                                       MOVXM p7, #3648
.label TGT_F__cxa_finalize_160
.loop_nesting 1
        3648    0x06 0x1c 0x9e 0x98                                                              LDA p1, [p6], #4
        3652    0x06 0xdc 0x1e 0x98                                                              LDA p0, [p6], #-12
        3656    0x00 0x00                                                                        NOPX
        3658    0x00 0x00                                                                        NOPX
        3660    0x00 0x00                                                                        NOPX
        3662    0x00 0x00                                                                        NOPX
        3664    0x00 0x00                                                                        NOPX
.no_stack_arguments
        3666    0x10 0x30 0x40 0x18                                                                                                                                                        JL p1
        3670    0x00 0x00                                                                        NOPX
        3672    0x00 0x00                                                                        NOPX
        3674    0x00 0x00                                                                        NOPX
        3676    0x00 0x01 0x67 0x98                                                              NOPA
        3680    0x00 0x2c 0xf0 0x00 0x20 0x01 0x5b 0x00 0x00 0x01 0xe8 0x10 0x78 0x00 0x00 0xe1  NOPA;                         NOPB;                         NOPS;                         NOPX;                         MOV r15, r0;                            NOPV
.return_address
        3696    0x13 0x5b 0xe0 0x18                                                                                                                                                        JNZD r13, r13, p7
        3700    0x18 0x17 0xa0 0xf8                                                                                                                                                                                      MOV r0, r15
        3704    0x00 0x00                                                                        NOPX
        3706    0x00 0x00                                                                        NOPX
        3708    0x00 0x00                                                                        NOPX
        3710    0x00 0x00                                                                        NOPX
.loop_nesting 0
        3712    0xfa 0x86 0x20 0x17 0xf2 0x02 0x1a 0x50 0x78 0xba                                LDA r1, [sp, #-44];                                                                       MOVX vaddSign1, r11;          MOV upsSign1, r9
        3722    0xfc 0x8e 0x20 0x15 0xd2 0x00 0x1a 0x10 0x78 0xba                                LDA r3, [sp, #-28];                                                                       MOVX vaddSign0, r10;          MOV upsSign0, r8
        3732    0xfb 0x07 0x26 0x7b 0x80 0x2c                                                    LDA lr, [sp, #-40];                                                                       MOVX unpackSign1, r12
        3738    0xfc 0x0a 0x27 0x73 0x80 0x2c                                                    LDA r2, [sp, #-32];                                                                       MOVX unpackSign0, r14
        3744    0x07 0xec 0xf1 0x18                                                              LDA r7, [sp, #-20]
        3748    0x07 0xf0 0x91 0x18                                                              LDA r4, [sp, #-16]
        3752    0x07 0xf4 0xb1 0x18                                                              LDA r5, [sp, #-12]
        3756    0xff 0x1a 0x20 0xf9 0x80 0x2c                                                    LDA r6, [sp, #-8];                                                                        MOVX srsSign1, r1
        3762    0xff 0x86 0x21 0xf8 0x80 0x2c                                                    LDA r1, [sp, #-4];                                                                        MOVX packSign1, r3
        3768    0x07 0xe8 0x51 0x18                                                              LDA r2, [sp, #-24]
        3772    0x07 0xdc 0x71 0x18                                                              LDA r3, [sp, #-36]
        3776    0x00 0x00                                                                        NOPX
        3778    0x10 0x28 0x00 0x18                                                                                                                                                        RET lr
        3782    0xff 0xf8 0x00 0x00 0x01 0xc4                                                                                                                                              PADDXM [sp], #-64
        3788    0x17 0x18 0x03 0xc7 0x41 0xe4                                                                                                                                              MOVX srsSign0, r2;            MOV packSign0, r7
        3794    0x27 0x70 0x08 0xe5 0x41 0xe4                                                                                                                                              MOVX crSat, r4;               MOV crSRSMode, r5
        3800    0x37 0x40 0x0f 0x61 0x41 0xe4                                                                                                                                              MOVX crPackSize, r6;          MOV crRnd, r1
        3806    0x17 0x90 0x0c 0xe3 0x41 0xe4                                                                                                                                              MOVX crUnpackSize, r2;        MOV crUPSMode, r3
.label __cxa_finalize__end

.bss_segment DMb 503564	    4

.bss_segment DMb 503568	    1

.data_segment DMb 503572
.label _ZL7atexits
	0xf0
	0xc
	0x0
	0x0
	0x0
	0x0
	0x0
	0x0
	0x0
	0x0
	0x0
	0x0
	0x0
	0x0
	0x0
	0x0
	0x0
	0x0
	0x0
	0x0
	0x0
	0x0
	0x0
	0x0
	0x0
	0x0
	0x0
	0x0
	0x0
	0x0
	0x0
	0x0
.label _ZL10atexit_cnt
	0x8
	0x0
	0x0
	0x0

.stack DM_stack 458752 462080
