
// File generated by darts version U-2023.06#b8bbc031dd#240626, Mon Sep 29 14:41:35 2025
// Copyright 2014-2023 Synopsys, Inc. All rights reserved.
// darts -I/tools/ryzen_ai-1.3.0/vitis_aie_essentials/data/aie2p/lib -d -h -I/tools/ryzen_ai-1.3.0/vitis_aie_essentials/include -I/tools/ryzen_ai-1.3.0/vitis_aie_essentials/data/aie2p/lib/runtime_cxx/libcxx-lite/include -I/tools/ryzen_ai-1.3.0/vitis_aie_essentials/data/aie2p/lib/runtime_cxx/libs/libcxx-9.0.0/include-lite -I/tools/ryzen_ai-1.3.0/vitis_aie_essentials/data/aie2p/lib/runtime/include -D__AIENGINE__ -D__AIE_ARCH__=21 -D__AIEARCH__=21 -D__tct_tgt__=240628 -L +Ihex +nanno +u core_0_2.elf me

// Release: ipp U-2023.06-TGT-240628

.text_segment PM      0
.entry_point
.label __AIE_ARCH_MODEL_VERSION__21011000__inlined__1__me_basic___main_init_
.label _main_init
.function_start
           0    0x00 0x07 0x09 0xe0 0x00 0x44                                                                                                                                              MOVXM sp, #458752
           6    0x00 0x00 0x04 0x20 0x00 0x44                                                                                                                                              MOVXM r8, #0
          12    0x00 0x00 0x08 0x20 0x00 0x44                                                                                                                                              MOVXM r16, #0
          18    0x12 0x21 0x07 0x98                                                                                                                                                        EQ r16, r8, r16
          22    0x80 0x00 0x40 0x40 0x01 0x84                                                                                                                                              JNZ r16, #128
          28    0x00 0x00                                                                        NOPX
          30    0x00 0x00                                                                        NOPX
          32    0x00 0x00                                                                        NOPX
          34    0x00 0x00                                                                        NOPX
          36    0x00 0x00                                                                        NOPX
          38    0xf0 0x11 0x60 0x3f 0xff 0xff 0x37 0xfe 0x11 0x3a                                                                                            MOVS p7, p0;                  MOVXM p6, #-4
          48    0x00 0x2c 0xf0 0x00 0x20 0x01 0x5b 0x00 0x00 0x01 0x28 0x50 0x78 0x00 0x00 0xe1  NOPA;                         NOPB;                         NOPS;                         NOPX;                         MOV r9, r1;                             NOPV
.label TGT_F_main_init_64
.loop_nesting 1
          64    0xdf 0x83 0xd5 0x39 0x81 0xd4                                                    LDA p0, [p6], #-4;                                                                                                      MOV r10, p6
          70    0x00 0x00                                                                        NOPX
          72    0x00 0x00                                                                        NOPX
          74    0x00 0x00                                                                        NOPX
          76    0x00 0x00                                                                        NOPX
          78    0x00 0x00                                                                        NOPX
          80    0x00 0x00                                                                        NOPX
.no_stack_arguments
          82    0x10 0x30 0x00 0x18                                                                                                                                                        JL p0
          86    0x00 0x00                                                                        NOPX
          88    0x00 0x00                                                                        NOPX
          90    0x00 0x00                                                                        NOPX
          92    0x00 0x00                                                                        NOPX
          94    0x00 0x00                                                                        NOPX
.return_address
          96    0x12 0xa0 0x88 0x98                                                                                                                                                        NE r16, r10, r8
         100    0x80 0x00 0x20 0x40 0x01 0x84                                                                                                                                              JNZ r16, #64
         106    0x00 0x00                                                                        NOPX
         108    0x00 0x00                                                                        NOPX
         110    0x00 0x00                                                                        NOPX
         112    0x00 0x00                                                                        NOPX
         114    0x00 0x00                                                                        NOPX
.loop_nesting 0
         116    0x00 0x2c 0xf0 0x00 0x20 0x9c 0x8b 0x00 0x2a 0x50 0x70 0xf6                      NOPA;                         NOPB;                         MOVS p0, p7;                                                MOV r1, r9
.label TGT_F_main_init_128
.no_stack_arguments
         128    0x00 0x00 0x70 0x00 0x01 0x04                                                                                                                                              JL #224
         134    0x00 0x00                                                                        NOPX
         136    0x00 0x00                                                                        NOPX
         138    0x00 0x00                                                                        NOPX
         140    0x00 0x00                                                                        NOPX
         142    0x00 0x00                                                                        NOPX
.return_address
.no_stack_arguments
         144    0x00 0x07 0x10 0x00 0x01 0x04                                                                                                                                              JL #3616
         150    0x18 0x60 0x00 0xb8                                                                                                                                                                                      MOV p0, #0
         154    0x00 0x00                                                                        NOPX
         156    0x00 0x00                                                                        NOPX
         158    0x00 0x00                                                                        NOPX
         160    0x00 0x2c 0xf0 0x00 0x20 0x01 0x5b 0x00 0x00 0x00 0x01 0xa5 0x78 0x00 0x00 0xe1  NOPA;                         NOPB;                         NOPS;                         NOPX;                         NOPM;                                   NOPV
.return_address
.swstall chess_separator_scheduler
         176    0x00 0x00                                                                        NOPX
.swstall chess_separator_scheduler
         178    0x00 0x00                                                                        NOPX
.swstall chess_separator_scheduler
         180    0x00 0x00                                                                        NOPX
.swstall chess_separator_scheduler
         182    0x00 0x00                                                                        NOPX
.swstall chess_separator_scheduler
         184    0x00 0x00                                                                        NOPX
.swstall chess_separator_scheduler
         186    0x00 0x00                                                                        NOPX
         188    0x10 0x08 0x00 0x18                                                                                                                                                        DONE
.swstall chess_separator_scheduler
         192    0x00 0x00                                                                        NOPX
.swstall chess_separator_scheduler
         194    0x00 0x00                                                                        NOPX
.swstall chess_separator_scheduler
         196    0x00 0x00                                                                        NOPX
.swstall chess_separator_scheduler
         198    0x00 0x00                                                                        NOPX
.swstall chess_separator_scheduler
         200    0x00 0x00                                                                        NOPX
.swstall chess_separator_scheduler
         202    0x00 0x00                                                                        NOPX
.swstall for_chess_exit
.exit
         204    0x00 0x01 0x67 0x98                                                              NOPA
.label TGT_F_main_init_208
.loop_nesting 1
         208    0x00 0x00 0x68 0x00 0x00 0x84                                                                                                                                              J #208
         214    0x00 0x00                                                                        NOPX
         216    0x00 0x00                                                                        NOPX
         218    0x00 0x00                                                                        NOPX
         220    0x00 0x00                                                                        NOPX
         222    0x00 0x00                                                                        NOPX
.label _main_init__end
.label core_0_2
.function_start
         224    0x00 0x18 0x02 0x9c 0x8b 0x00 0x01 0xeb 0xb7 0x80 0x10 0x76                      MOVA r24, #0;                                               MOVS p2, p7;                  MOVXM p7, #503552
         236    0x00 0x10 0x07 0x1f 0x11 0x80 0x02 0x00 0x00 0x00 0x70 0x76                      MOVA r16, #0;                                               ST r24, [p7], #4;             PADDXM [sp], #64
         248    0xe0 0xe2 0x30 0x00 0xab 0xd0 0x70 0x02                                                                                                      ST r24, [p7];                                               MOV r5, r15
         256    0xe2 0xe2 0x30 0x00 0x8b 0x90 0x70 0x02                                                                                                      ST r24, [p7, #4];                                           MOV r4, r14
         264    0xfa 0x62 0xb0 0x00 0xb0 0x28 0x2a 0xd0 0x79 0x3a                                                                                            ST r24, [sp, #-48];           MOVX r11, #1;                 MOV r1, r11
         274    0xfb 0x96 0xb0 0x3e 0xa7 0xe8 0x0a 0x90 0x79 0x3a                                                                                            ST r5, [sp, #-36];            MOVX r10, #-1;                MOV r0, r10
         284    0xfc 0x12 0xb0 0x00 0x6b 0x50 0x70 0x02                                                                                                      ST r4, [sp, #-32];                                          MOV r3, r13
         292    0xfc 0x8e 0xb0 0x00 0x4b 0x10 0x70 0x02                                                                                                      ST r3, [sp, #-28];                                          MOV r2, r12
         300    0xfd 0x0a 0xb0 0x00 0x01 0xe9 0xcb 0x00 0x11 0x3a                                                                                            ST r2, [sp, #-24];            MOVXM r14, #501248
         310    0xfd 0x86 0xb0 0x00 0x01 0xe5 0xee 0x80 0x11 0x3a                                                                                            ST r1, [sp, #-20];            MOVXM r15, #498944
         320    0x0f 0xf0 0x15 0x98                                                                                                                          ST r0, [sp, #-16]
         324    0x0f 0xf5 0x35 0x98                                                                                                                          ST r9, [sp, #-12]
         328    0x0f 0xf9 0x15 0x98                                                                                                                          ST r8, [sp, #-8]
         332    0x0f 0xfd 0x1d 0x98                                                                                                                          ST p2, [sp, #-4]
         336    0x0f 0xdb 0x1d 0x98                                                                                                                          ST p6, [sp, #-40]
         340    0x00 0x2c 0xf0 0x00 0x20 0x00 0x00 0x03 0xea 0x1e 0xc1 0x36                      NOPA;                         NOPB;                         ST lr, [sp, #-44];            NOPX
.label TGT_Fcore_0_2_128
.loop_nesting 1
.no_stack_arguments
         352    0x00 0x02 0x70 0x00 0x01 0x04                                                                                                                                              JL #1248
         358    0xff 0xe1 0x07 0xce 0x15 0x80 0x06 0x8b 0x37 0x60 0x78 0x76                      MOVA r1, #-1;                                               ST r16, [sp, #-52];           MOVX r0, #52;                 MOV p6, p7
         370    0x00 0x00                                                                        NOPX
         372    0x00 0x00                                                                        NOPX
         374    0x00 0x00                                                                        NOPX
         376    0x00 0x2c 0xf0 0x04 0x00 0x00 0x1c 0x22                                          NOPA;                                                                                                                                                           NOPV
.return_address
.no_stack_arguments
         384    0x00 0x06 0x08 0x00 0x01 0x04                                                                                                                                              JL #3088
         390    0x00 0x07 0x00 0xda 0x00 0x44                                                                                                                                              MOVXM p0, #462080
         396    0x00 0x00                                                                        NOPX
         398    0x00 0x00                                                                        NOPX
         400    0x00 0x00                                                                        NOPX
         402    0x00 0x2c 0xf0 0x02 0xb6 0x00 0x00 0x40 0x1a 0x57 0x00 0x00 0x1c 0x2e            NOPA;                                                       NOPS;                                                       NOPM;                                   NOPV
.return_address
         416    0x00 0x2c 0xf0 0x00 0x20 0x01 0x5b 0x00 0x87 0xe8 0x01 0xa5 0x78 0x00 0x00 0xe1  NOPA;                         NOPB;                         NOPS;                         MOVX r8, #63;                 NOPM;                                   NOPV
.label TGT_Fcore_0_2_208
.loop_nesting 2
.no_stack_arguments
         432    0x00 0x02 0x70 0x00 0x01 0x04                                                                                                                                              JL #1248
         438    0xf8 0x5f 0xa0 0x20 0xcd 0x64                                                                                                                                              MOVX r1, #-1;                 MOV r0, #51
         444    0x00 0x00                                                                        NOPX
         446    0x00 0x00                                                                        NOPX
         448    0x00 0x00                                                                        NOPX
         450    0x00 0x2c 0xf0 0x02 0xb6 0x00 0x00 0x40 0x1a 0x57 0x00 0x00 0x1c 0x2e            NOPA;                                                       NOPS;                                                       NOPM;                                   NOPV
.return_address
         464    0x06 0x06 0x56 0x98                                                              LDA r18, [p6]
         468    0x00 0x00                                                                        NOPX
         470    0x00 0x00                                                                        NOPX
.no_stack_arguments
         472    0x00 0x02 0x70 0x00 0x01 0x04                                                                                                                                              JL #1248
         478    0x00 0x00                                                                        NOPX
         480    0x00 0x07 0x78 0x32 0x00 0x44                                                                                                                                              MOVXM r16, #489728
         486    0x00 0x07 0x58 0xaa 0x00 0x44                                                                                                                                              MOVXM r17, #480512
         492    0x12 0xf7 0x27 0x98                                                                                                                                                        EQ r27, r11, r18
         496    0xff 0xe1 0x00 0x00 0x20 0x01 0x5b 0x22 0x98 0x10 0x08 0x31 0x58 0x00 0x00 0xe1  MOVA r1, #-1;                 NOPB;                         NOPS;                         SEL.EQZ r9, r17, r16, r27;    MOV r0, #49;                            NOPV
.return_address
         512    0x06 0x16 0x16 0x98                                                              LDA r16, [p6, #4]
         516    0x00 0x00                                                                        NOPX
         518    0x00 0x00                                                                        NOPX
         520    0x00 0x00                                                                        NOPX
.no_stack_arguments
         522    0x00 0x02 0x90 0x00 0x01 0x04                                                                                                                                              JL #1312
         528    0x00 0x00                                                                        NOPX
         530    0x00 0x07 0x04 0xda 0x00 0x44                                                                                                                                              MOVXM p2, #462080
         536    0x12 0xf7 0x07 0x98                                                                                                                                                        EQ r27, r11, r16
         540    0x7c 0x1c 0x42 0xc9 0x41 0xe4                                                                                                                                              SEL.EQZ r16, r15, r14, r27;   MOV p1, r9
         546    0x00 0x2c 0xf1 0x20 0x16 0x00 0x00 0x7b 0x16 0x07 0x00 0x00 0x1c 0x2e            NOPA;                                                       MOVS p0, r16;                                               MOV p7, p1;                             NOPV
.return_address
.no_stack_arguments
         560    0x00 0x02 0x80 0x00 0x01 0x04                                                                                                                                              JL #1280
         566    0x00 0x18 0x20 0xa0 0x05 0x64                                                                                                                                              MOVX r0, #48;                 MOV r1, #1
         572    0x00 0x00                                                                        NOPX
         574    0x00 0x00                                                                        NOPX
         576    0x00 0x00                                                                        NOPX
         578    0x00 0x2c 0xf0 0x02 0xb6 0x00 0x00 0x40 0x1a 0x57 0x00 0x00 0x1c 0x2e            NOPA;                                                       NOPS;                                                       NOPM;                                   NOPV
.return_address
         592    0x06 0x16 0x16 0x98                                                              LDA r16, [p6, #4]
         596    0x00 0x00                                                                        NOPX
         598    0x00 0x00                                                                        NOPX
         600    0x00 0x00                                                                        NOPX
         602    0x00 0x00                                                                        NOPX
.no_stack_arguments
         604    0x00 0x02 0x70 0x00 0x01 0x04                                                                                                                                              JL #1248
         610    0x00 0x00                                                                        NOPX
         612    0x84 0x7f 0xe8 0x30 0x01 0x24                                                                                                                                              ADD r17, r16, #-1;            ADD.NC r16, r16, #1
         618    0x12 0xf7 0x0a 0x98                                                                                                                                                        LT r27, r11, r16
         622    0x14 0x21 0x12 0x18                                                                                                                                                        SEL.EQZ r16, r16, r17, r27
         626    0x00 0x2c 0xf0 0x00 0x20 0x00 0xc5 0x05 0xff 0xeb 0xc2 0xc2 0x30 0x7e            NOPA;                         NOPB;                         ST r16, [p6, #4];             MOVX r0, #49;                 MOV r1, #-1
.return_address
         640    0x06 0x16 0x16 0x98                                                              LDA r16, [p6, #4]
         644    0x00 0x00                                                                        NOPX
         646    0x00 0x00                                                                        NOPX
         648    0x00 0x00                                                                        NOPX
.no_stack_arguments
         650    0x00 0x02 0x90 0x00 0x01 0x04                                                                                                                                              JL #1312
         656    0x00 0x00                                                                        NOPX
         658    0x00 0x07 0x04 0xda 0x00 0x44                                                                                                                                              MOVXM p2, #462080
         664    0x12 0xf7 0x07 0x98                                                                                                                                                        EQ r27, r11, r16
         668    0x13 0xe0 0xe2 0x18                                                                                                                                                        SEL.EQZ r16, r15, r14, r27
         672    0x00 0x2c 0xf0 0x00 0x20 0x90 0x0b 0x00 0x00 0x00 0xb7 0x60 0x78 0x00 0x00 0xe1  NOPA;                         NOPB;                         MOVS p0, r16;                 NOPX;                         MOV p1, p7;                             NOPV
.return_address
.no_stack_arguments
         688    0x00 0x02 0x80 0x00 0x01 0x04                                                                                                                                              JL #1280
         694    0x00 0x18 0x20 0xa0 0x05 0x64                                                                                                                                              MOVX r0, #48;                 MOV r1, #1
         700    0x00 0x00                                                                        NOPX
         702    0x00 0x00                                                                        NOPX
         704    0x00 0x00                                                                        NOPX
         706    0x00 0x2c 0xf0 0x02 0xb6 0x00 0x00 0x40 0x1a 0x57 0x00 0x00 0x1c 0x2e            NOPA;                                                       NOPS;                                                       NOPM;                                   NOPV
.return_address
         720    0x06 0x16 0x16 0x98                                                              LDA r16, [p6, #4]
         724    0x00 0x00                                                                        NOPX
         726    0x00 0x00                                                                        NOPX
         728    0x00 0x00                                                                        NOPX
         730    0x00 0x00                                                                        NOPX
.no_stack_arguments
         732    0x00 0x02 0x70 0x00 0x01 0x04                                                                                                                                              JL #1248
         738    0x00 0x00                                                                        NOPX
         740    0x84 0x7f 0xe8 0x30 0x01 0x24                                                                                                                                              ADD r17, r16, #-1;            ADD.NC r16, r16, #1
         746    0x12 0xf7 0x0a 0x98                                                                                                                                                        LT r27, r11, r16
         750    0x14 0x21 0x12 0x18                                                                                                                                                        SEL.EQZ r16, r16, r17, r27
         754    0x00 0x2c 0xf0 0x00 0x20 0x00 0xc5 0x05 0xff 0xeb 0xc2 0xc2 0x30 0x7e            NOPA;                         NOPB;                         ST r16, [p6, #4];             MOVX r0, #49;                 MOV r1, #-1
.return_address
         768    0x06 0x16 0x16 0x98                                                              LDA r16, [p6, #4]
         772    0x00 0x00                                                                        NOPX
         774    0x00 0x00                                                                        NOPX
         776    0x00 0x00                                                                        NOPX
.no_stack_arguments
         778    0x00 0x02 0x90 0x00 0x01 0x04                                                                                                                                              JL #1312
         784    0x00 0x00                                                                        NOPX
         786    0x00 0x07 0x04 0xda 0x00 0x44                                                                                                                                              MOVXM p2, #462080
         792    0x12 0xf7 0x07 0x98                                                                                                                                                        EQ r27, r11, r16
         796    0x13 0xe0 0xe2 0x18                                                                                                                                                        SEL.EQZ r16, r15, r14, r27
         800    0x00 0x2c 0xf0 0x00 0x20 0x90 0x0b 0x00 0x00 0x00 0xb7 0x60 0x78 0x00 0x00 0xe1  NOPA;                         NOPB;                         MOVS p0, r16;                 NOPX;                         MOV p1, p7;                             NOPV
.return_address
.no_stack_arguments
         816    0x00 0x02 0x80 0x00 0x01 0x04                                                                                                                                              JL #1280
         822    0x00 0x18 0x20 0xa0 0x05 0x64                                                                                                                                              MOVX r0, #48;                 MOV r1, #1
         828    0x00 0x00                                                                        NOPX
         830    0x00 0x00                                                                        NOPX
         832    0x00 0x00                                                                        NOPX
         834    0x00 0x2c 0xf0 0x02 0xb6 0x00 0x00 0x40 0x1a 0x57 0x00 0x00 0x1c 0x2e            NOPA;                                                       NOPS;                                                       NOPM;                                   NOPV
.return_address
         848    0x06 0x16 0x16 0x98                                                              LDA r16, [p6, #4]
         852    0x00 0x00                                                                        NOPX
         854    0x00 0x00                                                                        NOPX
         856    0x00 0x00                                                                        NOPX
         858    0x00 0x00                                                                        NOPX
.no_stack_arguments
         860    0x00 0x02 0x70 0x00 0x01 0x04                                                                                                                                              JL #1248
         866    0x00 0x00                                                                        NOPX
         868    0x84 0x7f 0xe8 0x30 0x01 0x24                                                                                                                                              ADD r17, r16, #-1;            ADD.NC r16, r16, #1
         874    0x12 0xf7 0x0a 0x98                                                                                                                                                        LT r27, r11, r16
         878    0x14 0x21 0x12 0x18                                                                                                                                                        SEL.EQZ r16, r16, r17, r27
         882    0x00 0x2c 0xf0 0x00 0x20 0x00 0xc5 0x05 0xff 0xeb 0xc2 0xc2 0x30 0x7e            NOPA;                         NOPB;                         ST r16, [p6, #4];             MOVX r0, #49;                 MOV r1, #-1
.return_address
         896    0x06 0x16 0x16 0x98                                                              LDA r16, [p6, #4]
         900    0x00 0x00                                                                        NOPX
         902    0x00 0x00                                                                        NOPX
         904    0x00 0x00                                                                        NOPX
.no_stack_arguments
         906    0x00 0x02 0x90 0x00 0x01 0x04                                                                                                                                              JL #1312
         912    0x00 0x00                                                                        NOPX
         914    0x00 0x07 0x04 0xda 0x00 0x44                                                                                                                                              MOVXM p2, #462080
         920    0x12 0xf7 0x07 0x98                                                                                                                                                        EQ r27, r11, r16
         924    0x13 0xe0 0xe2 0x18                                                                                                                                                        SEL.EQZ r16, r15, r14, r27
         928    0x00 0x2c 0xf0 0x00 0x20 0x90 0x0b 0x00 0x00 0x00 0xb7 0x60 0x78 0x00 0x00 0xe1  NOPA;                         NOPB;                         MOVS p0, r16;                 NOPX;                         MOV p1, p7;                             NOPV
.return_address
.no_stack_arguments
         944    0x00 0x02 0x80 0x00 0x01 0x04                                                                                                                                              JL #1280
         950    0x00 0x18 0x20 0xa0 0x05 0x64                                                                                                                                              MOVX r0, #48;                 MOV r1, #1
         956    0x00 0x00                                                                        NOPX
         958    0x00 0x00                                                                        NOPX
         960    0x00 0x00                                                                        NOPX
         962    0x00 0x2c 0xf0 0x02 0xb6 0x00 0x00 0x40 0x1a 0x57 0x00 0x00 0x1c 0x2e            NOPA;                                                       NOPS;                                                       NOPM;                                   NOPV
.return_address
         976    0x06 0x16 0x16 0x98                                                              LDA r16, [p6, #4]
         980    0x00 0x00                                                                        NOPX
         982    0x00 0x00                                                                        NOPX
         984    0x00 0x00                                                                        NOPX
         986    0x00 0x00                                                                        NOPX
.no_stack_arguments
         988    0x00 0x02 0x80 0x00 0x01 0x04                                                                                                                                              JL #1280
         994    0x00 0x00                                                                        NOPX
         996    0x84 0x7f 0xe8 0x30 0x01 0x24                                                                                                                                              ADD r17, r16, #-1;            ADD.NC r16, r16, #1
        1002    0x12 0xf7 0x0a 0x98                                                                                                                                                        LT r27, r11, r16
        1006    0x14 0x21 0x12 0x18                                                                                                                                                        SEL.EQZ r16, r16, r17, r27
        1010    0x00 0x2c 0xf0 0x00 0x20 0x02 0x05 0x01 0x06 0x4b 0xc2 0xc2 0x30 0x7e            NOPA;                         NOPB;                         ST r16, [p6, #4];             MOVX r1, #1;                  MOV r0, #50
.return_address
        1024    0xc0 0xc2 0xd0 0x00 0x00 0x03 0xb0 0xd8 0x10 0xba                                LDA r16, [p6];                                                                            MOVXM p7, #432
        1034    0x00 0x00                                                                        NOPX
        1036    0x00 0x00                                                                        NOPX
        1038    0x00 0x00                                                                        NOPX
        1040    0x00 0x00                                                                        NOPX
        1042    0x12 0x11 0xe0 0x18                                                                                                                                                        JNZD r8, r8, p7
        1046    0x00 0x00                                                                        NOPX
        1048    0x84 0x7f 0xe8 0x30 0x01 0x24                                                                                                                                              ADD r17, r16, #-1;            ADD.NC r16, r16, #1
        1054    0x12 0xf7 0x0a 0x98                                                                                                                                                        LT r27, r11, r16
        1058    0x14 0x21 0x12 0x18                                                                                                                                                        SEL.EQZ r16, r16, r17, r27
        1062    0x0e 0x06 0x11 0x98                                                                                                                          ST r16, [p6]
.loop_nesting 1
        1066    0x07 0xcd 0x11 0x18                                                              LDA r8, [sp, #-52]
        1070    0x00 0x00                                                                        NOPX
.no_stack_arguments
        1072    0x00 0x02 0x80 0x00 0x01 0x04                                                                                                                                              JL #1280
        1078    0x00 0x00                                                                        NOPX
        1080    0x00 0x00                                                                        NOPX
        1082    0x00 0x00                                                                        NOPX
        1084    0x1c 0x1c 0xc0 0xf8                                                                                                                                                                                      MOV r16, p6
        1088    0x00 0x21 0x00 0x00 0x20 0x01 0x5b 0x00 0x06 0xab 0xb4 0x3f 0x08 0x00 0x00 0xe1  MOVA r1, #1;                  NOPB;                         NOPS;                         MOVX r0, #53;                 ADD.NC p7, r16, #-4;                    NOPV
.return_address
        1104    0xfa 0x4a 0x20 0x11 0x00 0x3a 0x28 0x00 0x58 0xba                                LDA r18, [sp, #-48];                                                                      ADD r16, r8, #1;              MOV r17, #0
        1114    0xde 0xce 0xd0 0x1f 0xff 0xfe 0xaf 0xff 0x10 0xba                                LDA r19, [p6, #-4];                                                                       MOVXM r21, #2147483646
        1124    0x12 0xa9 0x08 0x98                                                                                                                                                        NE r20, r10, r16
        1128    0x00 0x00                                                                        NOPX
        1130    0x00 0x00                                                                        NOPX
        1132    0x00 0x00                                                                        NOPX
        1134    0x00 0x00                                                                        NOPX
        1136    0x14 0x65 0x22 0x98                                                                                                                                                        ADC r18, r17, r18
        1140    0xfa 0x4a 0xba 0xd6 0x79 0x5c                                                                                                                ST r18, [sp, #-48];           LTU r21, r21, r19
        1146    0x14 0xa3 0x1a 0x98                                                                                                                                                        LT r17, r18, r17
        1150    0x95 0x9a 0x09 0x33 0xaa 0xa4                                                                                                                                              EQZ r22, r18;                 ADD.NC r18, r19, r21
        1156    0xe3 0xca 0x3b 0x4a 0x89 0x5c                                                                                                                ST r18, [p7], #4;             AND r18, r22, r20
        1162    0x14 0x63 0x25 0x98                                                                                                                                                        OR r17, r17, r18
        1166    0x88 0x00 0xb0 0x40 0x01 0x84                                                                                                                                              JNZ r17, #352
        1172    0x00 0x00                                                                        NOPX
        1174    0x00 0x00                                                                        NOPX
        1176    0x00 0x00                                                                        NOPX
        1178    0x00 0x00                                                                        NOPX
        1180    0x00 0x00                                                                        NOPX
.loop_nesting 0
        1182    0x07 0xd4 0x39 0x18                                                              LDA lr, [sp, #-44]
        1186    0x07 0xf9 0x11 0x18                                                              LDA r8, [sp, #-8]
        1190    0x07 0xf5 0x31 0x18                                                              LDA r9, [sp, #-12]
        1194    0x07 0xf1 0x51 0x18                                                              LDA r10, [sp, #-16]
        1198    0x07 0xed 0x71 0x18                                                              LDA r11, [sp, #-20]
        1202    0x07 0xe9 0x91 0x18                                                              LDA r12, [sp, #-24]
        1206    0x07 0xe5 0xb1 0x18                                                              LDA r13, [sp, #-28]
        1210    0x07 0xe1 0xd1 0x18                                                              LDA r14, [sp, #-32]
        1214    0x07 0xdd 0xf1 0x18                                                              LDA r15, [sp, #-36]
        1218    0x07 0xdb 0x19 0x18                                                              LDA p6, [sp, #-40]
        1222    0x07 0xff 0x99 0x18                                                              LDA p7, [sp, #-4]
        1226    0x10 0x28 0x00 0x18                                                                                                                                                        RET lr
        1230    0x00 0x00                                                                        NOPX
        1232    0x00 0x00                                                                        NOPX
        1234    0x00 0x00                                                                        NOPX
        1236    0x00 0x00                                                                        NOPX
        1238    0xff 0xf8 0x00 0x00 0x01 0xc4                                                                                                                                              PADDXM [sp], #-64
.label core_0_2__end

.text_segment PM   1248
.label llvm___aie2p___acquire
.function_start
        1248    0x10 0x12 0x18 0x18                                                                                                                                                        ACQ r0, r1
        1252    0x10 0x28 0x00 0x18                                                                                                                                                        RET lr
        1256    0x00 0x00                                                                        NOPX
        1258    0x00 0x00                                                                        NOPX
        1260    0x00 0x00                                                                        NOPX
        1262    0x00 0x00                                                                        NOPX
        1264    0x00 0x00                                                                        NOPX
.label llvm___aie2p___acquire__end

.text_segment PM   1280
.label llvm___aie2p___release
.function_start
        1280    0x10 0x10 0x18 0x18                                                                                                                                                        REL r0, r1
        1284    0x10 0x28 0x00 0x18                                                                                                                                                        RET lr
        1288    0x00 0x00                                                                        NOPX
        1290    0x00 0x00                                                                        NOPX
        1292    0x00 0x00                                                                        NOPX
        1294    0x00 0x00                                                                        NOPX
        1296    0x00 0x00                                                                        NOPX
.label llvm___aie2p___release__end

.text_segment PM   1312
.label matmul_vectorized_bfp16
.function_start
        1312    0x00 0x85 0x40 0x00 0x01 0xe9 0xb7 0x88 0x10 0xba                                MOVA lc, #4;                                                                              MOVXM p3, #503568
        1322    0x60 0x80 0x50 0x00 0x01 0xe9 0xb7 0xa0 0x10 0xba                                LDA.s8 r0, [p3];                                                                          MOVXM p3, #503616
        1332    0x00 0x01 0x04 0x8c 0x8b 0x00 0x00 0x00 0x7a 0xc0 0x10 0x76                      MOVA r1, #0;                                                MOVS p4, p3;                  MOVXM ls, #1408
        1344    0x00 0x1a 0x00 0x00 0x00 0x01 0xbd 0x78 0x10 0xba                                MOVA r26, #0;                                                                             MOVXM le, #2800
        1354    0x61 0x83 0x00 0x00 0x10 0x00 0x00 0x00 0x70 0xba                                MOVA r3, #780;                                                                            PADDXM [sp], #512
        1364    0x09 0x06 0x00 0x02 0x50 0x08 0x89 0x60 0x78 0xba                                MOVA r6, #72;                                                                             MOVX r5, #64;                 MOV r4, p1
        1374    0x00 0x11 0x00 0x00 0x20 0x01 0x20 0x08 0xe8 0x60 0x78 0xb6                      MOVA r17, #0;                 NOPB;                                                       MOVX r18, #0;                 MOV r7, p0
        1386    0x7f 0xff 0xf8 0x3f 0xe0 0x44                                                                                                                                              MOVXM r16, #2147483632
        1392    0x00 0x2c 0xf0 0x00 0x20 0x01 0x5b 0x01 0xd4 0x00 0x01 0xa5 0x78 0x00 0x00 0xe1  NOPA;                         NOPB;                         NOPS;                         MOVX crRnd, r0;               NOPM;                                   NOPV
.label ZLS_Fmatmul_vectorized_bfp16_96
.loop_nesting 1
.begin_of_loop
        1408    0xff 0xc8 0xf0 0x22 0x28 0x26 0x69 0x10 0x78 0xba                                VLDA lfh1, [sp, #-64];                                                                    AND r2, r17, r16;             MOV r19, r4
        1418    0xff 0x58 0xf0 0x0b 0x49 0x26 0xa9 0xd0 0x78 0xba                                VLDA lfl1, [sp, #-128];                                                                   AND r20, r5, r18;             MOV r21, r7
        1428    0x00 0x18 0x00 0x0d 0x51 0x33 0x28 0x00 0x58 0xba                                MOVA r24, #0;                                                                             MAC r21, r21, r6, r2;         MOV r25, #0
        1438    0x83 0x95 0x70 0x0d 0x3a 0x32 0x4c 0x90 0x08 0xba                                VLDA.CONV.fp32.bf16 cml1, [p4], #64;                                                      MAC r19, r19, r6, r20;        ADD.NC r18, r18, #64
        1448    0x83 0x9d 0x71 0x95 0x0b 0x02 0x2c 0x42 0x02 0xba                                VLDA.CONV.fp32.bf16 cmh1, [p4], #64;                        MOVS p1, r21;                                               ADD.NC r17, r17, #8
        1458    0x83 0xa5 0x75 0x14 0x14 0x00 0x34 0xd0 0x7e 0xba                                VLDA.CONV.fp32.bf16 cml2, [p4], #64;VLDB.FILL.512 [p1, lf1, r25];                                                       MOV p0, r19
        1468    0x02 0x81 0x76 0x00 0x28 0x3c                                                    VLDA.FILL.512 [p0, lf0, r24]; VLDB.POP.576 ex0, [p1, lf1, r25]
        1474    0x80 0x11 0x76 0x00 0xa8 0x3c                                                    VLDA.POP.576 ex2, [p0, lf0, r24];VLDB.POP.576 ex1, [p1, lf1, r25]
        1480    0x80 0x19 0x76 0x02 0x28 0x3c                                                    VLDA.POP.576 ex3, [p0, lf0, r24];VLDB.POP.576 ex4, [p1, lf1, r25]
        1486    0x80 0x29 0x76 0x03 0x28 0x3c                                                    VLDA.POP.576 ex5, [p0, lf0, r24];VLDB.POP.576 ex6, [p1, lf1, r25]
        1492    0x80 0x39 0x76 0x00 0x28 0x3c                                                    VLDA.POP.576 ex7, [p0, lf0, r24];VLDB.POP.576 ex0, [p1, lf1, r25]
        1498    0x83 0xad 0x74 0x01 0x28 0x3c                                                    VLDA.CONV.fp32.bf16 cmh2, [p4], #64;VLDB.POP.576 ex2, [p0, lf0, r24]
        1504    0x83 0xb5 0x76 0x00 0xa8 0x3c                                                    VLDA.CONV.fp32.bf16 cml3, [p4], #64;VLDB.POP.576 ex1, [p1, lf1, r25]
        1510    0x83 0xbd 0x74 0x01 0xa8 0x3c                                                    VLDA.CONV.fp32.bf16 cmh3, [p4], #64;VLDB.POP.576 ex3, [p0, lf0, r24]
        1516    0x83 0xc5 0x76 0x02 0x28 0x3c                                                    VLDA.CONV.fp32.bf16 cml4, [p4], #64;VLDB.POP.576 ex4, [p1, lf1, r25]
        1522    0x93 0xcd 0x72 0x01 0x54 0x1d 0x19 0x20 0x49 0x4a                                VLDA.CONV.fp32.bf16 cmh4, [p4], #-448;VLDB.POP.576 ex5, [p0, lf0, r24];                                                                                         VMAC.f dm1, dm1, ex0, ex2, r3
        1532    0xa0 0x31 0x72 0x01 0xd4 0x1d 0x1a 0x40 0x69 0x4a                                VLDA.POP.576 ex6, [p1, lf1, r25];VLDB.POP.576 ex7, [p0, lf0, r24];                                                                                              VMAC.f dm2, dm2, ex0, ex3, r3
        1542    0x22 0x81 0x74 0x14 0x14 0x1d 0x1b 0x62 0x49 0x4a                                VLDA.FILL.512 [p1, lf1, r25]; VLDB.FILL.512 [p0, lf0, r24];                                                                                                     VMAC.f dm3, dm3, ex1, ex2, r3
        1552    0xa0 0x01 0x72 0x00 0x94 0x1d 0x19 0x28 0xa9 0x4a                                VLDA.POP.576 ex0, [p1, lf1, r25];VLDB.POP.576 ex2, [p0, lf0, r24];                                                                                              VMAC.f dm1, dm1, ex4, ex5, r3
        1562    0xa0 0x09 0x72 0x00 0xd4 0x1d 0x1c 0x82 0x69 0x4a                                VLDA.POP.576 ex1, [p1, lf1, r25];VLDB.POP.576 ex3, [p0, lf0, r24];                                                                                              VMAC.f dm4, dm4, ex1, ex3, r3
        1572    0x1a 0x48 0xe9 0x48                                                                                                                                                                                                                              VMAC.f dm2, dm2, ex4, ex7, r3
        1576    0x03 0x01 0x14 0x00 0x1b 0x6c 0xa9 0x62                                                                        VLDB.POP.576 ex4, [p1, lf1, r25];                                                                                                 VMAC.f dm3, dm3, ex6, ex5, r3
        1584    0x02 0x01 0x54 0x00 0x1c 0x8c 0xe9 0x62                                                                        VLDB.POP.576 ex5, [p0, lf0, r24];                                                                                                 VMAC.f dm4, dm4, ex6, ex7, r3
        1592    0xa0 0x31 0x72 0x01 0xd4 0x1d 0x19 0x20 0x49 0x4a                                VLDA.POP.576 ex6, [p1, lf1, r25];VLDB.POP.576 ex7, [p0, lf0, r24];                                                                                              VMAC.f dm1, dm1, ex0, ex2, r3
        1602    0x1a 0x40 0x69 0x48                                                                                                                                                                                                                              VMAC.f dm2, dm2, ex0, ex3, r3
        1606    0x03 0x00 0x14 0x00 0x1b 0x62 0x49 0x62                                                                        VLDB.POP.576 ex0, [p1, lf1, r25];                                                                                                 VMAC.f dm3, dm3, ex1, ex2, r3
        1614    0x02 0x00 0x94 0x00 0x1c 0x82 0x69 0x62                                                                        VLDB.POP.576 ex2, [p0, lf0, r24];                                                                                                 VMAC.f dm4, dm4, ex1, ex3, r3
        1622    0xa0 0x09 0x72 0x00 0xd4 0x1d 0x19 0x28 0xa9 0x4a                                VLDA.POP.576 ex1, [p1, lf1, r25];VLDB.POP.576 ex3, [p0, lf0, r24];                                                                                              VMAC.f dm1, dm1, ex4, ex5, r3
        1632    0x1a 0x48 0xe9 0x48                                                                                                                                                                                                                              VMAC.f dm2, dm2, ex4, ex7, r3
        1636    0x03 0x01 0x14 0x00 0x1b 0x6c 0xa9 0x62                                                                        VLDB.POP.576 ex4, [p1, lf1, r25];                                                                                                 VMAC.f dm3, dm3, ex6, ex5, r3
        1644    0x02 0x01 0x54 0x00 0x1c 0x8c 0xe9 0x62                                                                        VLDB.POP.576 ex5, [p0, lf0, r24];                                                                                                 VMAC.f dm4, dm4, ex6, ex7, r3
        1652    0x80 0x39 0x73 0x01 0x94 0x1d 0x19 0x20 0x49 0x4a                                VLDA.POP.576 ex7, [p0, lf0, r24];VLDB.POP.576 ex6, [p1, lf1, r25];                                                                                              VMAC.f dm1, dm1, ex0, ex2, r3
        1662    0xfe 0xc8 0xf8 0x28 0x28 0x32 0x01 0x16 0xaa 0x0f 0x1a 0x40 0x69 0x4e            VLDA lfh1, [sp, #-192];       VLDB.FILL.512 [p0, lf0, r24];                               MOVX r25, #0;                 MOV p1, r21;                            VMAC.f dm2, dm2, ex0, ex3, r3
        1676    0xfe 0x58 0xf4 0x05 0x28 0xc2 0xc0 0xe2 0x1b 0x62 0x49 0x66                      VLDA lfl1, [sp, #-256];       VLDB.POP.576 ex10, [p0, lf0, r24];                                                        MOV dc0, p1;                            VMAC.f dm3, dm3, ex1, ex2, r3
        1688    0x22 0x81 0x72 0x02 0xd4 0x1d 0x1c 0x82 0x69 0x4a                                VLDA.FILL.512 [p1, lf1, r25]; VLDB.POP.576 ex11, [p0, lf0, r24];                                                                                                VMAC.f dm4, dm4, ex1, ex3, r3
        1698    0x03 0x02 0x14 0x00 0x19 0x28 0xa9 0x62                                                                        VLDB.POP.576 ex8, [p1, lf1, r25];                                                                                                 VMAC.f dm1, dm1, ex4, ex5, r3
        1706    0x03 0x02 0x54 0x00 0x1a 0x48 0xe9 0x62                                                                        VLDB.POP.576 ex9, [p1, lf1, r25];                                                                                                 VMAC.f dm2, dm2, ex4, ex7, r3
        1714    0x03 0x01 0x14 0x00 0x1b 0x6c 0xa9 0x62                                                                        VLDB.POP.576 ex4, [p1, lf1, r25];                                                                                                 VMAC.f dm3, dm3, ex6, ex5, r3
        1722    0xff 0xcd 0x62 0x01 0x54 0x01 0x1c 0x8c 0xe9 0x4a                                                              VLDB.POP.576 ex5, [p0, lf0, r24];VST lfh1, [sp, #-64];                                                                            VMAC.f dm4, dm4, ex6, ex7, r3
        1732    0xa0 0x31 0x74 0x03 0xab 0xfd 0x75 0x8e 0x19 0x20 0x49 0x66                      VLDA.POP.576 ex6, [p1, lf1, r25];VLDB.POP.576 ex7, [p0, lf0, r24];VST lfl1, [sp, #-128];                                                                        VMAC.f dm1, dm1, ex0, ex2, r3
        1744    0x1a 0x40 0x69 0x48                                                                                                                                                                                                                              VMAC.f dm2, dm2, ex0, ex3, r3
        1748    0x1b 0x62 0x49 0x48                                                                                                                                                                                                                              VMAC.f dm3, dm3, ex1, ex2, r3
        1752    0x1c 0x82 0x69 0x48                                                                                                                                                                                                                              VMAC.f dm4, dm4, ex1, ex3, r3
        1756    0x19 0x28 0xa9 0x48                                                                                                                                                                                                                              VMAC.f dm1, dm1, ex4, ex5, r3
        1760    0x1a 0x48 0xe9 0x48                                                                                                                                                                                                                              VMAC.f dm2, dm2, ex4, ex7, r3
        1764    0x1b 0x6c 0xa9 0x48                                                                                                                                                                                                                              VMAC.f dm3, dm3, ex6, ex5, r3
        1768    0x1c 0x8c 0xe9 0x48                                                                                                                                                                                                                              VMAC.f dm4, dm4, ex6, ex7, r3
        1772    0x00 0x00                                                                        NOPX
        1774    0x00 0x00                                                                        NOPX
        1776    0x0c 0x1c 0xa3 0x18                                                                                                                          VST.CONV.bf16.fp32 cml1, [p4], #64
        1780    0x0c 0x7c 0xe3 0x18                                                                                                                          VST.CONV.bf16.fp32 cmh1, [p4], #448
        1784    0x04 0x1c 0xab 0x98                                                              VLDA.CONV.fp32.bf16 cml1, [p4], #64
        1788    0x04 0x9c 0xeb 0x98                                                              VLDA.CONV.fp32.bf16 cmh1, [p4], #-448
        1792    0x60 0x42 0x88 0x3a 0x46 0x4c                                                                                  VLDB.POP.576 ex8, [p1, lf1, r25];VST.CONV.bf16.fp32 cml2, [p4], #64
        1798    0x0c 0x7d 0x63 0x18                                                                                                                          VST.CONV.bf16.fp32 cmh2, [p4], #448
        1802    0x04 0x1d 0x2b 0x98                                                              VLDA.CONV.fp32.bf16 cml2, [p4], #64
        1806    0x93 0xad 0x70 0x04 0x19 0x31 0x49 0x62                                          VLDA.CONV.fp32.bf16 cmh2, [p4], #-448;                                                                                                                          VMAC.f dm1, dm1, ex8, ex10, r3
        1814    0x40 0x52 0x88 0x3b 0x46 0x4c                                                                                  VLDB.POP.576 ex10, [p0, lf0, r24];VST.CONV.bf16.fp32 cml3, [p4], #64
        1820    0x0c 0x7d 0xe3 0x18                                                                                                                          VST.CONV.bf16.fp32 cmh3, [p4], #448
        1824    0x83 0xb5 0x70 0x04 0x19 0x28 0xa9 0x62                                          VLDA.CONV.fp32.bf16 cml3, [p4], #64;                                                                                                                            VMAC.f dm1, dm1, ex4, ex5, r3
        1832    0x93 0xbd 0x70 0x04 0x1a 0x51 0x69 0x62                                          VLDA.CONV.fp32.bf16 cmh3, [p4], #-448;                                                                                                                          VMAC.f dm2, dm2, ex8, ex11, r3
        1840    0xa0 0x49 0x74 0x05 0xac 0x1e 0x23 0x32                                          VLDA.POP.576 ex9, [p1, lf1, r25];VLDB.POP.576 ex11, [p0, lf0, r24];VST.CONV.bf16.fp32 cml4, [p4], #64
        1848    0xa0 0x21 0x74 0x02 0xac 0x7e 0x63 0x32                                          VLDA.POP.576 ex4, [p1, lf1, r25];VLDB.POP.576 ex5, [p0, lf0, r24];VST.CONV.bf16.fp32 cmh4, [p4], #448
        1856    0x83 0xc5 0x70 0x04 0x1a 0x48 0xe9 0x62                                          VLDA.CONV.fp32.bf16 cml4, [p4], #64;                                                                                                                            VMAC.f dm2, dm2, ex4, ex7, r3
        1864    0x93 0xcd 0x73 0x01 0x94 0x1d 0x1b 0x73 0x49 0x4a                                VLDA.CONV.fp32.bf16 cmh4, [p4], #-448;VLDB.POP.576 ex6, [p1, lf1, r25];                                                                                         VMAC.f dm3, dm3, ex9, ex10, r3
        1874    0x80 0x39 0x75 0x14 0x14 0x1d 0x19 0x31 0x49 0x4a                                VLDA.POP.576 ex7, [p0, lf0, r24];VLDB.FILL.512 [p1, lf1, r25];                                                                                                  VMAC.f dm1, dm1, ex8, ex10, r3
        1884    0x02 0x81 0x76 0x04 0x28 0x3c                                                    VLDA.FILL.512 [p0, lf0, r24]; VLDB.POP.576 ex8, [p1, lf1, r25]
        1890    0x80 0x51 0x73 0x02 0x54 0x1d 0x1b 0x6c 0xa9 0x4a                                VLDA.POP.576 ex10, [p0, lf0, r24];VLDB.POP.576 ex9, [p1, lf1, r25];                                                                                             VMAC.f dm3, dm3, ex6, ex5, r3
        1900    0x80 0x59 0x73 0x01 0x14 0x1d 0x1c 0x93 0x69 0x4a                                VLDA.POP.576 ex11, [p0, lf0, r24];VLDB.POP.576 ex4, [p1, lf1, r25];                                                                                             VMAC.f dm4, dm4, ex9, ex11, r3
        1910    0x02 0x01 0x54 0x00 0x1a 0x51 0x69 0x62                                                                        VLDB.POP.576 ex5, [p0, lf0, r24];                                                                                                 VMAC.f dm2, dm2, ex8, ex11, r3
        1918    0xa0 0x31 0x72 0x01 0xd4 0x1d 0x1b 0x73 0x49 0x4a                                VLDA.POP.576 ex6, [p1, lf1, r25];VLDB.POP.576 ex7, [p0, lf0, r24];                                                                                              VMAC.f dm3, dm3, ex9, ex10, r3
        1928    0x03 0x02 0x14 0x00 0x1c 0x8c 0xe9 0x62                                                                        VLDB.POP.576 ex8, [p1, lf1, r25];                                                                                                 VMAC.f dm4, dm4, ex6, ex7, r3
        1936    0x02 0x02 0x94 0x00 0x19 0x28 0xa9 0x62                                                                        VLDB.POP.576 ex10, [p0, lf0, r24];                                                                                                VMAC.f dm1, dm1, ex4, ex5, r3
        1944    0xa0 0x49 0x72 0x02 0xd4 0x1d 0x1a 0x48 0xe9 0x4a                                VLDA.POP.576 ex9, [p1, lf1, r25];VLDB.POP.576 ex11, [p0, lf0, r24];                                                                                             VMAC.f dm2, dm2, ex4, ex7, r3
        1954    0x1c 0x93 0x69 0x48                                                                                                                                                                                                                              VMAC.f dm4, dm4, ex9, ex11, r3
        1958    0x03 0x01 0x14 0x00 0x1b 0x6c 0xa9 0x62                                                                        VLDB.POP.576 ex4, [p1, lf1, r25];                                                                                                 VMAC.f dm3, dm3, ex6, ex5, r3
        1966    0x02 0x01 0x54 0x00 0x19 0x31 0x49 0x62                                                                        VLDB.POP.576 ex5, [p0, lf0, r24];                                                                                                 VMAC.f dm1, dm1, ex8, ex10, r3
        1974    0x80 0x39 0x73 0x01 0x94 0x1d 0x1c 0x8c 0xe9 0x4a                                VLDA.POP.576 ex7, [p0, lf0, r24];VLDB.POP.576 ex6, [p1, lf1, r25];                                                                                              VMAC.f dm4, dm4, ex6, ex7, r3
        1984    0xfd 0x48 0xf8 0x28 0x28 0x32 0x01 0x16 0x18 0x0f 0x1a 0x51 0x69 0x4e            VLDA lfh1, [sp, #-384];       VLDB.FILL.512 [p0, lf0, r24];                               MOVX r25, #0;                 MOV p1, dc0;                            VMAC.f dm2, dm2, ex8, ex11, r3
        1998    0xfd 0xd8 0xf4 0x01 0x28 0x42 0xc0 0xe2 0x1b 0x73 0x49 0x66                      VLDA lfl1, [sp, #-320];       VLDB.POP.576 ex2, [p0, lf0, r24];                                                         MOV dn0, p1;                            VMAC.f dm3, dm3, ex9, ex10, r3
        2010    0x22 0x81 0x72 0x00 0xd4 0x1d 0x1c 0x93 0x69 0x4a                                VLDA.FILL.512 [p1, lf1, r25]; VLDB.POP.576 ex3, [p0, lf0, r24];                                                                                                 VMAC.f dm4, dm4, ex9, ex11, r3
        2020    0x03 0x00 0x14 0x00 0x19 0x28 0xa9 0x62                                                                        VLDB.POP.576 ex0, [p1, lf1, r25];                                                                                                 VMAC.f dm1, dm1, ex4, ex5, r3
        2028    0x03 0x00 0x54 0x00 0x1a 0x48 0xe9 0x62                                                                        VLDB.POP.576 ex1, [p1, lf1, r25];                                                                                                 VMAC.f dm2, dm2, ex4, ex7, r3
        2036    0x03 0x01 0x14 0x00 0x1b 0x6c 0xa9 0x62                                                                        VLDB.POP.576 ex4, [p1, lf1, r25];                                                                                                 VMAC.f dm3, dm3, ex6, ex5, r3
        2044    0xfe 0xcd 0x62 0x01 0x54 0x01 0x1c 0x8c 0xe9 0x4a                                                              VLDB.POP.576 ex5, [p0, lf0, r24];VST lfh1, [sp, #-192];                                                                           VMAC.f dm4, dm4, ex6, ex7, r3
        2054    0x80 0x39 0x76 0x03 0x2b 0xf9 0x75 0x8e 0x19 0x31 0x49 0x66                      VLDA.POP.576 ex7, [p0, lf0, r24];VLDB.POP.576 ex6, [p1, lf1, r25];VST lfl1, [sp, #-256];                                                                        VMAC.f dm1, dm1, ex8, ex10, r3
        2066    0x1a 0x51 0x69 0x48                                                                                                                                                                                                                              VMAC.f dm2, dm2, ex8, ex11, r3
        2070    0x1b 0x73 0x49 0x48                                                                                                                                                                                                                              VMAC.f dm3, dm3, ex9, ex10, r3
        2074    0x1c 0x93 0x69 0x48                                                                                                                                                                                                                              VMAC.f dm4, dm4, ex9, ex11, r3
        2078    0x19 0x28 0xa9 0x48                                                                                                                                                                                                                              VMAC.f dm1, dm1, ex4, ex5, r3
        2082    0x1a 0x48 0xe9 0x48                                                                                                                                                                                                                              VMAC.f dm2, dm2, ex4, ex7, r3
        2086    0x1b 0x6c 0xa9 0x48                                                                                                                                                                                                                              VMAC.f dm3, dm3, ex6, ex5, r3
        2090    0x1c 0x8c 0xe9 0x48                                                                                                                                                                                                                              VMAC.f dm4, dm4, ex6, ex7, r3
        2094    0x00 0x00                                                                        NOPX
        2096    0x00 0x00                                                                        NOPX
        2098    0x0c 0x1c 0xa3 0x18                                                                                                                          VST.CONV.bf16.fp32 cml1, [p4], #64
        2102    0x0c 0x7c 0xe3 0x18                                                                                                                          VST.CONV.bf16.fp32 cmh1, [p4], #448
        2106    0x04 0x1c 0xab 0x98                                                              VLDA.CONV.fp32.bf16 cml1, [p4], #64
        2110    0x04 0x9c 0xeb 0x98                                                              VLDA.CONV.fp32.bf16 cmh1, [p4], #-448
        2114    0x60 0x02 0x88 0x3a 0x46 0x4c                                                                                  VLDB.POP.576 ex0, [p1, lf1, r25];VST.CONV.bf16.fp32 cml2, [p4], #64
        2120    0x0c 0x7d 0x63 0x18                                                                                                                          VST.CONV.bf16.fp32 cmh2, [p4], #448
        2124    0x04 0x1d 0x2b 0x98                                                              VLDA.CONV.fp32.bf16 cml2, [p4], #64
        2128    0x93 0xad 0x70 0x04 0x19 0x20 0x49 0x62                                          VLDA.CONV.fp32.bf16 cmh2, [p4], #-448;                                                                                                                          VMAC.f dm1, dm1, ex0, ex2, r3
        2136    0x40 0x12 0x88 0x3b 0x46 0x4c                                                                                  VLDB.POP.576 ex2, [p0, lf0, r24];VST.CONV.bf16.fp32 cml3, [p4], #64
        2142    0x0c 0x7d 0xe3 0x18                                                                                                                          VST.CONV.bf16.fp32 cmh3, [p4], #448
        2146    0x83 0xb5 0x70 0x04 0x19 0x28 0xa9 0x62                                          VLDA.CONV.fp32.bf16 cml3, [p4], #64;                                                                                                                            VMAC.f dm1, dm1, ex4, ex5, r3
        2154    0x93 0xbd 0x70 0x04 0x1a 0x40 0x69 0x62                                          VLDA.CONV.fp32.bf16 cmh3, [p4], #-448;                                                                                                                          VMAC.f dm2, dm2, ex0, ex3, r3
        2162    0x80 0x19 0x76 0x00 0xac 0x1e 0x23 0x32                                          VLDA.POP.576 ex3, [p0, lf0, r24];VLDB.POP.576 ex1, [p1, lf1, r25];VST.CONV.bf16.fp32 cml4, [p4], #64
        2170    0xa0 0x21 0x74 0x02 0xac 0x7e 0x63 0x32                                          VLDA.POP.576 ex4, [p1, lf1, r25];VLDB.POP.576 ex5, [p0, lf0, r24];VST.CONV.bf16.fp32 cmh4, [p4], #448
        2178    0x83 0xc5 0x70 0x04 0x1a 0x48 0xe9 0x62                                          VLDA.CONV.fp32.bf16 cml4, [p4], #64;                                                                                                                            VMAC.f dm2, dm2, ex4, ex7, r3
        2186    0x93 0xcd 0x73 0x01 0x94 0x1d 0x1b 0x62 0x49 0x4a                                VLDA.CONV.fp32.bf16 cmh4, [p4], #-448;VLDB.POP.576 ex6, [p1, lf1, r25];                                                                                         VMAC.f dm3, dm3, ex1, ex2, r3
        2196    0x80 0x39 0x75 0x14 0x14 0x1d 0x19 0x20 0x49 0x4a                                VLDA.POP.576 ex7, [p0, lf0, r24];VLDB.FILL.512 [p1, lf1, r25];                                                                                                  VMAC.f dm1, dm1, ex0, ex2, r3
        2206    0x02 0x81 0x76 0x00 0x28 0x3c                                                    VLDA.FILL.512 [p0, lf0, r24]; VLDB.POP.576 ex0, [p1, lf1, r25]
        2212    0x80 0x11 0x73 0x00 0x54 0x1d 0x1b 0x6c 0xa9 0x4a                                VLDA.POP.576 ex2, [p0, lf0, r24];VLDB.POP.576 ex1, [p1, lf1, r25];                                                                                              VMAC.f dm3, dm3, ex6, ex5, r3
        2222    0x80 0x19 0x73 0x01 0x14 0x1d 0x1c 0x82 0x69 0x4a                                VLDA.POP.576 ex3, [p0, lf0, r24];VLDB.POP.576 ex4, [p1, lf1, r25];                                                                                              VMAC.f dm4, dm4, ex1, ex3, r3
        2232    0x02 0x01 0x54 0x00 0x1a 0x40 0x69 0x62                                                                        VLDB.POP.576 ex5, [p0, lf0, r24];                                                                                                 VMAC.f dm2, dm2, ex0, ex3, r3
        2240    0xa0 0x31 0x72 0x01 0xd4 0x1d 0x1b 0x62 0x49 0x4a                                VLDA.POP.576 ex6, [p1, lf1, r25];VLDB.POP.576 ex7, [p0, lf0, r24];                                                                                              VMAC.f dm3, dm3, ex1, ex2, r3
        2250    0x03 0x00 0x14 0x00 0x1c 0x8c 0xe9 0x62                                                                        VLDB.POP.576 ex0, [p1, lf1, r25];                                                                                                 VMAC.f dm4, dm4, ex6, ex7, r3
        2258    0x02 0x00 0x94 0x00 0x19 0x28 0xa9 0x62                                                                        VLDB.POP.576 ex2, [p0, lf0, r24];                                                                                                 VMAC.f dm1, dm1, ex4, ex5, r3
        2266    0xa0 0x09 0x72 0x00 0xd4 0x1d 0x1a 0x48 0xe9 0x4a                                VLDA.POP.576 ex1, [p1, lf1, r25];VLDB.POP.576 ex3, [p0, lf0, r24];                                                                                              VMAC.f dm2, dm2, ex4, ex7, r3
        2276    0xfc 0x48 0xf0 0x00 0x21 0x04 0x8b 0x01 0x90 0x0a 0xce 0x50 0x78 0xe4 0x13 0x4b  VLDA lfh1, [sp, #-512];       NOPB;                         MOVS dc1, p1;                 MOVX r25, #0;                 MOV r22, r25;                           VMAC.f dm4, dm4, ex1, ex3, r3
        2292    0xfc 0xd8 0xf1 0x60 0x80 0xe2 0x1b 0x6c 0xa9 0x4a                                VLDA lfl1, [sp, #-448];                                                                                                 MOV p1, dn0;                            VMAC.f dm3, dm3, ex6, ex5, r3
        2302    0x22 0x81 0x72 0x01 0x54 0x1d 0x19 0x20 0x49 0x4a                                VLDA.FILL.512 [p1, lf1, r25]; VLDB.POP.576 ex5, [p0, lf0, r24];                                                                                                 VMAC.f dm1, dm1, ex0, ex2, r3
        2312    0x02 0x01 0xd4 0x00 0x1c 0x8c 0xe9 0x62                                                                        VLDB.POP.576 ex7, [p0, lf0, r24];                                                                                                 VMAC.f dm4, dm4, ex6, ex7, r3
        2320    0x04 0x14 0x14 0x00 0x1a 0x40 0x69 0x62                                                                        VLDB.FILL.512 [p0, lf0, r24];                                                                                                     VMAC.f dm2, dm2, ex0, ex3, r3
        2328    0x03 0x00 0x14 0x00 0x1b 0x62 0x49 0x62                                                                        VLDB.POP.576 ex0, [p1, lf1, r25];                                                                                                 VMAC.f dm3, dm3, ex1, ex2, r3
        2336    0xfd 0x4d 0x62 0x00 0x94 0x01 0x1c 0x82 0x69 0x4a                                                              VLDB.POP.576 ex2, [p0, lf0, r24];VST lfh1, [sp, #-384];                                                                           VMAC.f dm4, dm4, ex1, ex3, r3
        2346    0xa0 0x09 0x74 0x01 0xab 0xf7 0x75 0x8e 0x19 0x28 0xa9 0x66                      VLDA.POP.576 ex1, [p1, lf1, r25];VLDB.POP.576 ex3, [p0, lf0, r24];VST lfl1, [sp, #-320];                                                                        VMAC.f dm1, dm1, ex4, ex5, r3
        2358    0x03 0x02 0xd4 0x00 0x1a 0x48 0xe9 0x62                                                                        VLDB.POP.576 ex11, [p1, lf1, r25];                                                                                                VMAC.f dm2, dm2, ex4, ex7, r3
        2366    0x03 0x02 0x54 0x00 0x1b 0x6c 0xa9 0x62                                                                        VLDB.POP.576 ex9, [p1, lf1, r25];                                                                                                 VMAC.f dm3, dm3, ex6, ex5, r3
        2374    0xfd 0x48 0xf2 0x89 0x16 0x00 0x00 0x6e 0xe5 0x07 0x1c 0x8c 0xe9 0x6e            VLDA lfh1, [sp, #-384];                                     MOVS dn1, p1;                                               MOV r23, r25;                           VMAC.f dm4, dm4, ex6, ex7, r3
        2388    0xfd 0xd8 0xf3 0x08 0x96 0x00 0x00 0x72 0xd9 0x07 0x19 0x20 0x49 0x6e            VLDA lfl1, [sp, #-320];                                     MOVS p1, dc1;                                               MOV r25, r22;                           VMAC.f dm1, dm1, ex0, ex2, r3
        2402    0x03 0x01 0x14 0x00 0x1a 0x40 0x69 0x62                                                                        VLDB.POP.576 ex4, [p1, lf1, r25];                                                                                                 VMAC.f dm2, dm2, ex0, ex3, r3
        2410    0x03 0x01 0x94 0x00 0x1b 0x62 0x49 0x62                                                                        VLDB.POP.576 ex6, [p1, lf1, r25];                                                                                                 VMAC.f dm3, dm3, ex1, ex2, r3
        2418    0x30 0xc9 0x66 0x5b 0xa0 0xe4 0x1c 0x82 0x69 0x4a                                                                                            MOVS p1, dn1;                                               MOV r25, r23;                           VMAC.f dm4, dm4, ex1, ex3, r3
        2428    0x3a 0x01 0x54 0x18                                                                                            VLDB.POP.576 ex5, [p0, lf0, r24]
        2432    0x40 0x3a 0x8f 0xc4 0xd6 0x4c                                                                                  VLDB.POP.576 ex7, [p0, lf0, r24];VST lfh1, [sp, #-512]
        2438    0x0f 0xe6 0xeb 0x18                                                                                                                          VST lfl1, [sp, #-448]
        2442    0x07 0xe2 0x47 0x98                                                              VLDA lfh1, [sp, #-512]
        2446    0x07 0xe6 0xc7 0x98                                                              VLDA lfl1, [sp, #-448]
        2450    0xfd 0x4d 0x62 0x16 0x5c 0xe4 0x19 0x28 0xa9 0x4a                                                                                            VST lfh1, [sp, #-384];                                      VMOV ex4, ex11;                         VMAC.f dm1, dm1, ex4, ex5, r3
        2460    0xfd 0xdd 0x60 0x02 0x1a 0x48 0xe9 0x62                                                                                                      VST lfl1, [sp, #-320];                                                                              VMAC.f dm2, dm2, ex4, ex7, r3
        2468    0x03 0x12 0x5c 0xe6 0x1b 0x6c 0xa9 0x62                                                                                                                                                                  VMOV ex6, ex9;                          VMAC.f dm3, dm3, ex6, ex5, r3
        2476    0x1c 0x8c 0xe9 0x48                                                                                                                                                                                                                              VMAC.f dm4, dm4, ex6, ex7, r3
        2480    0x00 0x00                                                                        NOPX
        2482    0x00 0x00                                                                        NOPX
        2484    0x0c 0x1c 0xa3 0x18                                                                                                                          VST.CONV.bf16.fp32 cml1, [p4], #64
        2488    0x0c 0x7c 0xe3 0x18                                                                                                                          VST.CONV.bf16.fp32 cmh1, [p4], #448
        2492    0x04 0x1c 0xab 0x98                                                              VLDA.CONV.fp32.bf16 cml1, [p4], #64
        2496    0x04 0x9c 0xeb 0x98                                                              VLDA.CONV.fp32.bf16 cmh1, [p4], #-448
        2500    0x60 0x02 0x88 0x3a 0x46 0x4c                                                                                  VLDB.POP.576 ex0, [p1, lf1, r25];VST.CONV.bf16.fp32 cml2, [p4], #64
        2506    0x0c 0x7d 0x63 0x18                                                                                                                          VST.CONV.bf16.fp32 cmh2, [p4], #448
        2510    0x04 0x1d 0x2b 0x98                                                              VLDA.CONV.fp32.bf16 cml2, [p4], #64
        2514    0x93 0xad 0x70 0x04 0x19 0x20 0x49 0x62                                          VLDA.CONV.fp32.bf16 cmh2, [p4], #-448;                                                                                                                          VMAC.f dm1, dm1, ex0, ex2, r3
        2522    0x40 0x12 0x88 0x3b 0x46 0x4c                                                                                  VLDB.POP.576 ex2, [p0, lf0, r24];VST.CONV.bf16.fp32 cml3, [p4], #64
        2528    0x0c 0x7d 0xe3 0x18                                                                                                                          VST.CONV.bf16.fp32 cmh3, [p4], #448
        2532    0x83 0xb5 0x70 0x04 0x19 0x28 0xa9 0x62                                          VLDA.CONV.fp32.bf16 cml3, [p4], #64;                                                                                                                            VMAC.f dm1, dm1, ex4, ex5, r3
        2540    0x93 0xbd 0x70 0x04 0x1a 0x40 0x69 0x62                                          VLDA.CONV.fp32.bf16 cmh3, [p4], #-448;                                                                                                                          VMAC.f dm2, dm2, ex0, ex3, r3
        2548    0xa0 0x09 0x74 0x01 0xac 0x1e 0x23 0x32                                          VLDA.POP.576 ex1, [p1, lf1, r25];VLDB.POP.576 ex3, [p0, lf0, r24];VST.CONV.bf16.fp32 cml4, [p4], #64
        2556    0xa0 0x21 0x74 0x02 0xac 0x7e 0x63 0x32                                          VLDA.POP.576 ex4, [p1, lf1, r25];VLDB.POP.576 ex5, [p0, lf0, r24];VST.CONV.bf16.fp32 cmh4, [p4], #448
        2564    0x83 0xc5 0x70 0x04 0x1a 0x48 0xe9 0x62                                          VLDA.CONV.fp32.bf16 cml4, [p4], #64;                                                                                                                            VMAC.f dm2, dm2, ex4, ex7, r3
        2572    0x93 0xcd 0x73 0x01 0x94 0x1d 0x1b 0x62 0x49 0x4a                                VLDA.CONV.fp32.bf16 cmh4, [p4], #-448;VLDB.POP.576 ex6, [p1, lf1, r25];                                                                                         VMAC.f dm3, dm3, ex1, ex2, r3
        2582    0x80 0x39 0x75 0x14 0x14 0x1d 0x19 0x20 0x49 0x4a                                VLDA.POP.576 ex7, [p0, lf0, r24];VLDB.FILL.512 [p1, lf1, r25];                                                                                                  VMAC.f dm1, dm1, ex0, ex2, r3
        2592    0x02 0x81 0x76 0x00 0x28 0x3c                                                    VLDA.FILL.512 [p0, lf0, r24]; VLDB.POP.576 ex0, [p1, lf1, r25]
        2598    0x80 0x11 0x73 0x00 0x54 0x1d 0x1b 0x6c 0xa9 0x4a                                VLDA.POP.576 ex2, [p0, lf0, r24];VLDB.POP.576 ex1, [p1, lf1, r25];                                                                                              VMAC.f dm3, dm3, ex6, ex5, r3
        2608    0x80 0x19 0x73 0x01 0x14 0x1d 0x1c 0x82 0x69 0x4a                                VLDA.POP.576 ex3, [p0, lf0, r24];VLDB.POP.576 ex4, [p1, lf1, r25];                                                                                              VMAC.f dm4, dm4, ex1, ex3, r3
        2618    0x02 0x01 0x54 0x00 0x1a 0x40 0x69 0x62                                                                        VLDB.POP.576 ex5, [p0, lf0, r24];                                                                                                 VMAC.f dm2, dm2, ex0, ex3, r3
        2626    0xa0 0x31 0x72 0x01 0xd4 0x1d 0x1b 0x62 0x49 0x4a                                VLDA.POP.576 ex6, [p1, lf1, r25];VLDB.POP.576 ex7, [p0, lf0, r24];                                                                                              VMAC.f dm3, dm3, ex1, ex2, r3
        2636    0x03 0x00 0x14 0x00 0x1c 0x8c 0xe9 0x62                                                                        VLDB.POP.576 ex0, [p1, lf1, r25];                                                                                                 VMAC.f dm4, dm4, ex6, ex7, r3
        2644    0x02 0x00 0x94 0x00 0x19 0x28 0xa9 0x62                                                                        VLDB.POP.576 ex2, [p0, lf0, r24];                                                                                                 VMAC.f dm1, dm1, ex4, ex5, r3
        2652    0xa0 0x09 0x72 0x00 0xd4 0x1d 0x1a 0x48 0xe9 0x4a                                VLDA.POP.576 ex1, [p1, lf1, r25];VLDB.POP.576 ex3, [p0, lf0, r24];                                                                                              VMAC.f dm2, dm2, ex4, ex7, r3
        2662    0x1c 0x82 0x69 0x48                                                                                                                                                                                                                              VMAC.f dm4, dm4, ex1, ex3, r3
        2666    0x03 0x01 0x14 0x00 0x1b 0x6c 0xa9 0x62                                                                        VLDB.POP.576 ex4, [p1, lf1, r25];                                                                                                 VMAC.f dm3, dm3, ex6, ex5, r3
        2674    0x02 0x01 0x54 0x00 0x19 0x20 0x49 0x62                                                                        VLDB.POP.576 ex5, [p0, lf0, r24];                                                                                                 VMAC.f dm1, dm1, ex0, ex2, r3
        2682    0x80 0x39 0x73 0x01 0x94 0x1d 0x1c 0x8c 0xe9 0x4a                                VLDA.POP.576 ex7, [p0, lf0, r24];VLDB.POP.576 ex6, [p1, lf1, r25];                                                                                              VMAC.f dm4, dm4, ex6, ex7, r3
        2692    0x1a 0x40 0x69 0x48                                                                                                                                                                                                                              VMAC.f dm2, dm2, ex0, ex3, r3
        2696    0x1b 0x62 0x49 0x48                                                                                                                                                                                                                              VMAC.f dm3, dm3, ex1, ex2, r3
        2700    0x1c 0x82 0x69 0x48                                                                                                                                                                                                                              VMAC.f dm4, dm4, ex1, ex3, r3
        2704    0x19 0x28 0xa9 0x48                                                                                                                                                                                                                              VMAC.f dm1, dm1, ex4, ex5, r3
        2708    0x1a 0x48 0xe9 0x48                                                                                                                                                                                                                              VMAC.f dm2, dm2, ex4, ex7, r3
        2712    0x1b 0x6c 0xa9 0x48                                                                                                                                                                                                                              VMAC.f dm3, dm3, ex6, ex5, r3
        2716    0xfc 0xdd 0x60 0x02 0x1c 0x8c 0xe9 0x62                                                                                                      VST lfl1, [sp, #-448];                                                                              VMAC.f dm4, dm4, ex6, ex7, r3
        2724    0xfc 0x4d 0x60 0x02 0x19 0x20 0x49 0x62                                                                                                      VST lfh1, [sp, #-512];                                                                              VMAC.f dm1, dm1, ex0, ex2, r3
        2732    0x1a 0x40 0x69 0x48                                                                                                                                                                                                                              VMAC.f dm2, dm2, ex0, ex3, r3
        2736    0x1b 0x62 0x49 0x48                                                                                                                                                                                                                              VMAC.f dm3, dm3, ex1, ex2, r3
        2740    0x19 0x28 0xa9 0x48                                                                                                                                                                                                                              VMAC.f dm1, dm1, ex4, ex5, r3
        2744    0x1a 0x48 0xe9 0x48                                                                                                                                                                                                                              VMAC.f dm2, dm2, ex4, ex7, r3
        2748    0x1c 0x82 0x69 0x48                                                                                                                                                                                                                              VMAC.f dm4, dm4, ex1, ex3, r3
        2752    0x1b 0x6c 0xa9 0x48                                                                                                                                                                                                                              VMAC.f dm3, dm3, ex6, ex5, r3
        2756    0x00 0x00                                                                        NOPX
        2758    0x1c 0x8c 0xe9 0x48                                                                                                                                                                                                                              VMAC.f dm4, dm4, ex6, ex7, r3
        2762    0x0c 0x1c 0xa3 0x18                                                                                                                          VST.CONV.bf16.fp32 cml1, [p4], #64
        2766    0x0c 0x1c 0xe3 0x18                                                                                                                          VST.CONV.bf16.fp32 cmh1, [p4], #64
        2770    0x0c 0x1d 0x23 0x18                                                                                                                          VST.CONV.bf16.fp32 cml2, [p4], #64
        2774    0x0c 0x1d 0x63 0x18                                                                                                                          VST.CONV.bf16.fp32 cmh2, [p4], #64
        2778    0x0c 0x1d 0xa3 0x18                                                                                                                          VST.CONV.bf16.fp32 cml3, [p4], #64
        2782    0x0c 0x1d 0xe3 0x18                                                                                                                          VST.CONV.bf16.fp32 cmh3, [p4], #64
        2786    0x00 0x2c 0xf8 0x3c 0x46 0x00 0x00 0x40 0x1a 0x57 0x00 0x00 0x1c 0x2e            NOPA;                                                       VST.CONV.bf16.fp32 cml4, [p4], #64;                         NOPM;                                   NOPV
.label ZLE_Fmatmul_vectorized_bfp16_1488
.end_of_loop
        2800    0x00 0x2c 0xf0 0x00 0x24 0x1e 0x63 0x00 0x00 0x00 0x01 0xa5 0x78 0x00 0x00 0xe1  NOPA;                         NOPB;                         VST.CONV.bf16.fp32 cmh4, [p4], #64;NOPX;                    NOPM;                                   NOPV
.loop_nesting 0
        2816    0x20 0x15 0x00 0x00 0x01 0xea 0xb7 0x86 0x10 0xba                                MOVA r21, #256;                                                                           MOVXM p5, #503564
        2826    0x05 0x04 0x56 0x98                                                              LDA r2, [p5]
        2830    0x00 0x00                                                                        NOPX
        2832    0x00 0x00                                                                        NOPX
        2834    0x00 0x00                                                                        NOPX
        2836    0x00 0x00                                                                        NOPX
        2838    0x00 0x00                                                                        NOPX
        2840    0x00 0x00                                                                        NOPX
        2842    0x18 0x91 0x00 0x98                                                                                                                                                                                      ADD.NC r2, r2, #1
        2846    0x15 0x6a 0x28 0x98                                                                                                                                                        NE r21, r21, r2
        2850    0xa8 0x05 0xf8 0x40 0x01 0x84                                                                                                                                              JNZ r21, #3056
        2856    0x0d 0x04 0x51 0x98                                                                                                                          ST r2, [p5]
        2860    0x00 0x00                                                                        NOPX
        2862    0x00 0x00                                                                        NOPX
        2864    0x00 0x00                                                                        NOPX
        2866    0x00 0x00                                                                        NOPX
        2868    0x63 0x95 0x74 0x1f 0x20 0x02 0x0f 0x8a 0x82 0x18 0xc1 0x36                      VLDA.CONV.fp32.bf16 cml1, [p3], #64;PADDB [p2], #0;         ST r1, [p5];                  MOVX lc, #124
        2880    0x63 0x9d 0x70 0x00 0x20 0x01 0x5b 0x00 0x00 0x00 0x7d 0xd8 0x10 0x00 0x00 0xe1  VLDA.CONV.fp32.bf16 cmh1, [p3], #64;NOPB;                   NOPS;                         MOVXM ls, #2992;                                                      NOPV
        2896    0x63 0x95 0x70 0x00 0x20 0x01 0x5b 0x00 0x00 0x01 0xbd 0xe0 0x10 0x00 0x00 0xe1  VLDA.CONV.fp32.bf16 cml1, [p3], #64;NOPB;                   NOPS;                         MOVXM le, #3008;                                                      NOPV
        2912    0x63 0x9d 0x70 0x00 0x20 0x01 0x5b 0x00 0x00 0x00 0x01 0xa5 0x78 0x00 0x00 0xe1  VLDA.CONV.fp32.bf16 cmh1, [p3], #64;NOPB;                   NOPS;                         NOPX;                         NOPM;                                   NOPV
        2928    0x63 0x95 0x70 0x00 0x20 0x01 0x5b 0x00 0x00 0x00 0x01 0xa5 0x78 0x00 0x00 0xe1  VLDA.CONV.fp32.bf16 cml1, [p3], #64;NOPB;                   NOPS;                         NOPX;                         NOPM;                                   NOPV
        2944    0x63 0x9d 0x70 0x00 0x20 0x01 0x5b 0x00 0x00 0x00 0x01 0xa5 0x78 0x00 0x00 0xe1  VLDA.CONV.fp32.bf16 cmh1, [p3], #64;NOPB;                   NOPS;                         NOPX;                         NOPM;                                   NOPV
        2960    0x63 0x95 0x70 0x00 0x20 0x01 0x5b 0x00 0x00 0x00 0x01 0xa5 0x78 0x00 0x00 0xe1  VLDA.CONV.fp32.bf16 cml1, [p3], #64;NOPB;                   NOPS;                         NOPX;                         NOPM;                                   NOPV
        2976    0x63 0x9d 0x70 0x00 0x20 0x01 0x5b 0x00 0x00 0x00 0x01 0xa5 0x78 0x00 0x00 0xe1  VLDA.CONV.fp32.bf16 cmh1, [p3], #64;NOPB;                   NOPS;                         NOPX;                         NOPM;                                   NOPV
.label ZLS_Fmatmul_vectorized_bfp16_1680
.loop_nesting 1
.begin_of_loop
        2992    0x63 0x95 0x70 0x00 0x25 0x80 0x83 0x00 0x00 0x00 0x01 0xa5 0x78 0x00 0x00 0xe1  VLDA.CONV.fp32.bf16 cml1, [p3], #64;NOPB;                   VST.PUSH.576.CONV.bfp16ebs8.fp32 dm1, [p2, sf, r26];NOPX;   NOPM;                                   NOPV
.label ZLE_Fmatmul_vectorized_bfp16_1696
.end_of_loop
        3008    0x63 0x9d 0x70 0x00 0x21 0x00 0x03 0x00 0x00 0x00 0x01 0xa5 0x78 0x00 0x00 0xe1  VLDA.CONV.fp32.bf16 cmh1, [p3], #64;NOPB;                   VST.FLUSH.512.CONV [p2, sf, r26];NOPX;                      NOPM;                                   NOPV
.loop_nesting 0
        3024    0x0d 0x80 0x83 0x18                                                                                                                          VST.PUSH.576.CONV.bfp16ebs8.fp32 dm1, [p2, sf, r26]
        3028    0x09 0x00 0x03 0x18                                                                                                                          VST.FLUSH.512.CONV [p2, sf, r26]
        3032    0x0d 0x80 0x83 0x18                                                                                                                          VST.PUSH.576.CONV.bfp16ebs8.fp32 dm1, [p2, sf, r26]
        3036    0x09 0x00 0x03 0x18                                                                                                                          VST.FLUSH.512.CONV [p2, sf, r26]
        3040    0x0d 0x80 0x83 0x18                                                                                                                          VST.PUSH.576.CONV.bfp16ebs8.fp32 dm1, [p2, sf, r26]
        3044    0x09 0x00 0x03 0x18                                                                                                                          VST.FLUSH.512.CONV [p2, sf, r26]
        3048    0x0d 0x80 0x83 0x18                                                                                                                          VST.PUSH.576.CONV.bfp16ebs8.fp32 dm1, [p2, sf, r26]
        3052    0x09 0x00 0x03 0x18                                                                                                                          VST.FLUSH.512.CONV [p2, sf, r26]
.label TGT_Fmatmul_vectorized_bfp16_1744
        3056    0x10 0x28 0x00 0x18                                                                                                                                                        RET lr
        3060    0xff 0xc0 0x00 0x00 0x01 0xc4                                                                                                                                              PADDXM [sp], #-512
        3066    0x00 0x00                                                                        NOPX
        3068    0x00 0x00                                                                        NOPX
        3070    0x00 0x00                                                                        NOPX
        3072    0x00 0x00                                                                        NOPX
.label matmul_vectorized_bfp16__end

.text_segment PM   3088
.label zero_kernel
.function_start
        3088    0x00 0x40 0x20 0x21 0x81 0xe4                                                                                                                                              MOVX r1, #0;                  MOV r0, p0
        3094    0x00 0x00 0x41 0x20 0x00 0x44                                                                                                                                              MOVXM r2, #16384
        3100    0x10 0x40 0x10 0x0a 0xe5 0xe4                                                                                                                                              ADD r1, r2, r0;               VBCST.16 x0, r1
        3106    0x10 0x04 0x1b 0x98                                                                                                                                                        GEU r2, r0, r1
        3110    0x10 0x06 0x70 0x40 0x01 0x84                                                                                                                                              JNZ r2, #3296
        3116    0x18 0x00 0x92 0xf8                                                                                                                                                                                      VMOV bmll0, x0
        3120    0x00 0x00                                                                        NOPX
        3122    0x00 0x00                                                                        NOPX
        3124    0x00 0x00                                                                        NOPX
        3126    0x00 0x00                                                                        NOPX
        3128    0x00 0x20 0x00 0x5f 0x20 0x44 0x01 0x8d 0xff 0x2b 0x30 0x11 0x60 0x7e            MOVA r0, #1;                  PADDB [p0], #128;             MOVS p1, p0;                  SUB r2, r1, r0;               MOV r3, #-7
        3142    0x11 0x3f 0xe1 0x21 0x81 0xe4                                                                                                                                              ADD r4, r2, #-1;              MOV r2, p0
        3148    0x11 0x06 0x3e 0x98                                                                                                                                                        ASHL r3, r4, r3
        3152    0x16 0xc3 0x90 0xa3 0x01 0x24                                                                                                                                              LTU r27, r2, r1;              ADD.NC r1, r3, #1
        3158    0x10 0x00 0x12 0x18                                                                                                                                                        SEL.EQZ r0, r0, r1, r27
        3162    0x00 0x00 0x01 0xf9 0x80 0x44                                                                                                                                              MOVXM ls, #3264
        3168    0x00 0x00 0x06 0xf9 0xa0 0x44                                                                                                                                              MOVXM le, #3280
        3174    0x00 0x2c 0xf0 0x00 0x10 0x02 0xb8 0x10 0x7e 0xba                                NOPA;                         NOPB;                                                                                     MOV lc, r0
        3184    0x00 0x2c 0xf0 0x00 0x20 0x01 0x5b 0x00 0x00 0x00 0x01 0xa5 0x78 0x00 0x00 0xe1  NOPA;                         NOPB;                         NOPS;                         NOPX;                         NOPM;                                   NOPV
        3200    0x00 0x2c 0xf0 0x00 0x20 0x01 0x5b 0x00 0x00 0x00 0x01 0xa5 0x78 0x00 0x00 0xe1  NOPA;                         NOPB;                         NOPS;                         NOPX;                         NOPM;                                   NOPV
        3216    0x00 0x2c 0xf0 0x00 0x20 0x01 0x5b 0x00 0x00 0x00 0x01 0xa5 0x78 0x00 0x00 0xe1  NOPA;                         NOPB;                         NOPS;                         NOPX;                         NOPM;                                   NOPV
        3232    0x00 0x2c 0xf0 0x00 0x20 0x01 0x5b 0x00 0x00 0x00 0x01 0xa5 0x78 0x00 0x00 0xe1  NOPA;                         NOPB;                         NOPS;                         NOPX;                         NOPM;                                   NOPV
        3248    0x00 0x2c 0xf0 0x00 0x20 0x01 0x5b 0x00 0x00 0x00 0x01 0xa5 0x78 0x00 0x00 0xe1  NOPA;                         NOPB;                         NOPS;                         NOPX;                         NOPM;                                   NOPV
.label ZLS_Fzero_kernel_176
.loop_nesting 1
.begin_of_loop
        3264    0x00 0x2c 0xf0 0x00 0x21 0x1c 0x06 0x80 0x00 0x00 0x01 0xa5 0x78 0x00 0x00 0xe1  NOPA;                         NOPB;                         VST bmll0, [p1], #64;         NOPX;                         NOPM;                                   NOPV
.label ZLE_Fzero_kernel_192
.end_of_loop
        3280    0x00 0x2c 0xf0 0x00 0x21 0x1c 0x06 0x80 0x00 0x00 0x01 0xa5 0x78 0x00 0x00 0xe1  NOPA;                         NOPB;                         VST bmll0, [p1], #64;         NOPX;                         NOPM;                                   NOPV
.label TGT_Fzero_kernel_208
.loop_nesting 0
        3296    0x20 0x05 0x40 0x00 0x00 0x00 0x7e 0xa0 0x10 0xba                                MOVA lc, #256;                                                                            MOVXM ls, #3392
        3306    0x00 0x00 0x06 0xfa 0xa0 0x44                                                                                                                                              MOVXM le, #3408
        3312    0x00 0x2c 0xf0 0x00 0x20 0x01 0x5b 0x00 0x01 0xe8 0x37 0xa0 0x10 0x00 0x00 0xe1  NOPA;                         NOPB;                         NOPS;                         MOVXM p0, #503616;                                                    NOPV
        3328    0x00 0x2c 0xf0 0x00 0x20 0x01 0x5b 0x00 0x00 0x00 0x01 0xa5 0x78 0x00 0x00 0xe1  NOPA;                         NOPB;                         NOPS;                         NOPX;                         NOPM;                                   NOPV
        3344    0x00 0x2c 0xf0 0x00 0x20 0x01 0x5b 0x00 0x00 0x00 0x01 0xa5 0x78 0x00 0x00 0xe1  NOPA;                         NOPB;                         NOPS;                         NOPX;                         NOPM;                                   NOPV
        3360    0x00 0x2c 0xf0 0x00 0x20 0x01 0x5b 0x00 0x00 0x00 0x01 0xa5 0x78 0x00 0x00 0xe1  NOPA;                         NOPB;                         NOPS;                         NOPX;                         NOPM;                                   NOPV
        3376    0x00 0x2c 0xf0 0x00 0x20 0x01 0x5b 0x00 0x00 0x00 0x01 0xa5 0x78 0x00 0x00 0xe1  NOPA;                         NOPB;                         NOPS;                         NOPX;                         NOPM;                                   NOPV
.label ZLS_Fzero_kernel_304
.loop_nesting 1
.begin_of_loop
        3392    0x00 0x2c 0xf0 0x00 0x20 0x1c 0x06 0x80 0x00 0x00 0x01 0xa5 0x78 0x00 0x00 0xe1  NOPA;                         NOPB;                         VST bmll0, [p0], #64;         NOPX;                         NOPM;                                   NOPV
.label ZLE_Fzero_kernel_320
.end_of_loop
        3408    0x00 0x2c 0xf0 0x00 0x20 0x1c 0x06 0x80 0x00 0x00 0x01 0xa5 0x78 0x00 0x00 0xe1  NOPA;                         NOPB;                         VST bmll0, [p0], #64;         NOPX;                         NOPM;                                   NOPV
.loop_nesting 0
        3424    0x10 0x28 0x00 0x18                                                                                                                                                        RET lr
        3428    0x00 0x00                                                                        NOPX
        3430    0x00 0x00                                                                        NOPX
        3432    0x00 0x00                                                                        NOPX
        3434    0x00 0x00                                                                        NOPX
        3436    0x00 0x00                                                                        NOPX
.label zero_kernel__end

.text_segment PM   3440
.label _fini
.function_start
        3440    0x00 0x08 0x00 0x00 0x01 0xc4                                                                                                                                              PADDXM [sp], #64
        3446    0xfe 0xba 0xb0 0x00 0x00 0x02 0x08 0x00 0x11 0x3a                                                                                            ST r14, [sp, #-12];           MOVXM r16, #0
        3456    0xff 0x73 0xb0 0x00 0x00 0x01 0xc8 0x00 0x11 0x3a                                                                                            ST p7, [sp, #-8];             MOVXM r14, #0
        3466    0x74 0x20 0xfe 0xd0 0x41 0xe4                                                                                                                                              EQ r16, r14, r16;             MOV p7, r16
        3472    0x80 0x06 0xf8 0x40 0x01 0x84                                                                                                                                              JNZ r16, #3568
        3478    0x0f 0xfd 0xf5 0x98                                                                                                                          ST r15, [sp, #-4]
        3482    0x0f 0xf0 0x3d 0x98                                                                                                                          ST lr, [sp, #-16]
        3486    0x00 0x00                                                                        NOPX
        3488    0x00 0x00                                                                        NOPX
        3490    0x00 0x2c 0xf0 0x02 0xb6 0x00 0x00 0x40 0x1a 0x57 0x00 0x00 0x1c 0x2e            NOPA;                                                       NOPS;                                                       NOPM;                                   NOPV
.label TGT_F_fini_64
.loop_nesting 1
        3504    0x07 0x1c 0x1e 0x98                                                              LDA p0, [p7], #4
        3508    0x00 0x00                                                                        NOPX
        3510    0x00 0x00                                                                        NOPX
        3512    0x00 0x00                                                                        NOPX
        3514    0x00 0x00                                                                        NOPX
        3516    0x00 0x00                                                                        NOPX
        3518    0x00 0x00                                                                        NOPX
.no_stack_arguments
        3520    0x10 0x30 0x00 0x18                                                                                                                                                        JL p0
        3524    0x1b 0xde 0xc0 0xf8                                                                                                                                                                                      MOV r15, p7
        3528    0x00 0x00                                                                        NOPX
        3530    0x00 0x00                                                                        NOPX
        3532    0x00 0x00                                                                        NOPX
        3534    0x00 0x00                                                                        NOPX
.return_address
        3536    0x13 0xe0 0xe8 0x98                                                                                                                                                        NE r16, r15, r14
        3540    0x80 0x06 0xd8 0x40 0x01 0x84                                                                                                                                              JNZ r16, #3504
        3546    0x00 0x00                                                                        NOPX
        3548    0x00 0x00                                                                        NOPX
        3550    0x00 0x00                                                                        NOPX
        3552    0x00 0x00                                                                        NOPX
        3554    0x00 0x2c 0xf0 0x02 0xb6 0x00 0x00 0x40 0x1a 0x57 0x00 0x00 0x1c 0x2e            NOPA;                                                       NOPS;                                                       NOPM;                                   NOPV
.label TGT_F_fini_128
.loop_nesting 0
        3568    0x07 0xf0 0x39 0x18                                                              LDA lr, [sp, #-16]
        3572    0x07 0xf5 0xd1 0x18                                                              LDA r14, [sp, #-12]
        3576    0x07 0xfd 0xf1 0x18                                                              LDA r15, [sp, #-4]
        3580    0x07 0xfb 0x99 0x18                                                              LDA p7, [sp, #-8]
        3584    0x00 0x00                                                                        NOPX
        3586    0x00 0x00                                                                        NOPX
        3588    0x00 0x00                                                                        NOPX
        3590    0x10 0x28 0x00 0x18                                                                                                                                                        RET lr
        3594    0x00 0x00                                                                        NOPX
        3596    0x00 0x00                                                                        NOPX
        3598    0x00 0x00                                                                        NOPX
        3600    0x00 0x00                                                                        NOPX
        3602    0xff 0xf8 0x00 0x00 0x01 0xc4                                                                                                                                              PADDXM [sp], #-64
.label _fini__end

.text_segment PM   3616
.label __cxa_finalize
.function_start
        3616    0xff 0xa1 0x00 0x00 0x01 0xe8 0x37 0x9a 0x10 0xba                                MOVA r1, #-3;                                                                             MOVXM p0, #503604
        3626    0x00 0x8a 0xd0 0x00 0x41 0x08 0x6f 0xe0 0x78 0xba                                LDA r2, [p0];                                                                             MOVX r4, #8;                  MOV r3, srsSign1
        3636    0x00 0x92 0x30 0x00 0x02 0x00 0x00 0x00 0x71 0x3a                                                                                            ST r4, [p0];                  PADDXM [sp], #64
        3646    0xfa 0x8e 0xb0 0x00 0x6b 0xe0 0x70 0x02                                                                                                      ST r3, [sp, #-44];                                          MOV r3, srsSign0
        3654    0xfc 0x0e 0xb0 0x00 0x6d 0xe0 0x70 0x02                                                                                                      ST r3, [sp, #-32];                                          MOV r3, packSign1
        3662    0xfc 0x8e 0xb0 0x00 0x69 0xe0 0x70 0x02                                                                                                      ST r3, [sp, #-28];                                          MOV r3, packSign0
        3670    0xfd 0x8e 0xb0 0x00 0x6a 0x70 0x70 0x02                                                                                                      ST r3, [sp, #-20];                                          MOV r3, crSat
        3678    0xfe 0x0e 0xb0 0x00 0x6c 0x70 0x70 0x02                                                                                                      ST r3, [sp, #-16];                                          MOV r3, crSRSMode
        3686    0xfe 0x8e 0xb0 0x04 0x2f 0x18 0x6b 0xb0 0x79 0x3a                                                                                            ST r3, [sp, #-12];            ADD r2, r2, #-8;              MOV r3, crPackSize
        3696    0xff 0x0e 0xb0 0x04 0xd0 0xf4 0x2f 0xb0 0x79 0x3a                                                                                            ST r3, [sp, #-8];             ASHL r13, r2, r1;             MOV r1, crRnd
        3706    0xff 0x86 0xb0 0x00 0x29 0x70 0x70 0x02                                                                                                      ST r1, [sp, #-4];                                           MOV r1, crUnpackSize
        3714    0xfd 0x06 0xb0 0x00 0x2e 0x70 0x70 0x02                                                                                                      ST r1, [sp, #-24];                                          MOV r1, crUPSMode
        3722    0xfb 0x86 0xb0 0x00 0x01 0xe8 0x2f 0x8a 0x11 0x3a                                                                                            ST r1, [sp, #-36];            MOVXM r1, #503572
        3732    0xfb 0x07 0xb0 0x03 0x30 0x44 0xa0 0x02                                                                                                      ST lr, [sp, #-40];                                          ADD.NC p6, r1, r2
        3740    0x1a 0x58 0x60 0xf8                                                                                                                                                                                      MOV r9, upsSign1
        3744    0x1a 0x10 0x60 0xf8                                                                                                                                                                                      MOV r8, upsSign0
        3748    0x1a 0xda 0x60 0xf8                                                                                                                                                                                      MOV r11, vaddSign1
        3752    0x1a 0x92 0x60 0xf8                                                                                                                                                                                      MOV r10, vaddSign0
        3756    0x1b 0x1c 0x60 0xf8                                                                                                                                                                                      MOV r12, unpackSign1
        3760    0x1b 0x94 0x60 0xf8                                                                                                                                                                                      MOV r14, unpackSign0
        3764    0x00 0x2c 0xf0 0x00 0x20 0x00 0x00 0x03 0xb7 0x60 0x10 0xb6                      NOPA;                         NOPB;                                                       MOVXM p7, #3776
.label TGT_F__cxa_finalize_160
.loop_nesting 1
        3776    0x06 0x1c 0x9e 0x98                                                              LDA p1, [p6], #4
        3780    0x06 0xdc 0x1e 0x98                                                              LDA p0, [p6], #-12
        3784    0x00 0x00                                                                        NOPX
        3786    0x00 0x00                                                                        NOPX
        3788    0x00 0x00                                                                        NOPX
        3790    0x00 0x00                                                                        NOPX
        3792    0x00 0x00                                                                        NOPX
.no_stack_arguments
        3794    0x10 0x30 0x40 0x18                                                                                                                                                        JL p1
        3798    0x00 0x00                                                                        NOPX
        3800    0x00 0x00                                                                        NOPX
        3802    0x00 0x00                                                                        NOPX
        3804    0x00 0x01 0x67 0x98                                                              NOPA
        3808    0x00 0x2c 0xf0 0x00 0x20 0x01 0x5b 0x00 0x00 0x01 0xe8 0x10 0x78 0x00 0x00 0xe1  NOPA;                         NOPB;                         NOPS;                         NOPX;                         MOV r15, r0;                            NOPV
.return_address
        3824    0x13 0x5b 0xe0 0x18                                                                                                                                                        JNZD r13, r13, p7
        3828    0x18 0x17 0xa0 0xf8                                                                                                                                                                                      MOV r0, r15
        3832    0x00 0x00                                                                        NOPX
        3834    0x00 0x00                                                                        NOPX
        3836    0x00 0x00                                                                        NOPX
        3838    0x00 0x00                                                                        NOPX
.loop_nesting 0
        3840    0xfa 0x86 0x20 0x17 0xf2 0x02 0x1a 0x50 0x78 0xba                                LDA r1, [sp, #-44];                                                                       MOVX vaddSign1, r11;          MOV upsSign1, r9
        3850    0xfc 0x8e 0x20 0x15 0xd2 0x00 0x1a 0x10 0x78 0xba                                LDA r3, [sp, #-28];                                                                       MOVX vaddSign0, r10;          MOV upsSign0, r8
        3860    0xfb 0x07 0x26 0x7b 0x80 0x2c                                                    LDA lr, [sp, #-40];                                                                       MOVX unpackSign1, r12
        3866    0xfc 0x0a 0x27 0x73 0x80 0x2c                                                    LDA r2, [sp, #-32];                                                                       MOVX unpackSign0, r14
        3872    0x07 0xec 0xf1 0x18                                                              LDA r7, [sp, #-20]
        3876    0x07 0xf0 0x91 0x18                                                              LDA r4, [sp, #-16]
        3880    0x07 0xf4 0xb1 0x18                                                              LDA r5, [sp, #-12]
        3884    0xff 0x1a 0x20 0xf9 0x80 0x2c                                                    LDA r6, [sp, #-8];                                                                        MOVX srsSign1, r1
        3890    0xff 0x86 0x21 0xf8 0x80 0x2c                                                    LDA r1, [sp, #-4];                                                                        MOVX packSign1, r3
        3896    0x07 0xe8 0x51 0x18                                                              LDA r2, [sp, #-24]
        3900    0x07 0xdc 0x71 0x18                                                              LDA r3, [sp, #-36]
        3904    0x00 0x00                                                                        NOPX
        3906    0x10 0x28 0x00 0x18                                                                                                                                                        RET lr
        3910    0xff 0xf8 0x00 0x00 0x01 0xc4                                                                                                                                              PADDXM [sp], #-64
        3916    0x17 0x18 0x03 0xc7 0x41 0xe4                                                                                                                                              MOVX srsSign0, r2;            MOV packSign0, r7
        3922    0x27 0x70 0x08 0xe5 0x41 0xe4                                                                                                                                              MOVX crSat, r4;               MOV crSRSMode, r5
        3928    0x37 0x40 0x0f 0x61 0x41 0xe4                                                                                                                                              MOVX crPackSize, r6;          MOV crRnd, r1
        3934    0x17 0x90 0x0c 0xe3 0x41 0xe4                                                                                                                                              MOVX crUnpackSize, r2;        MOV crUPSMode, r3
.label __cxa_finalize__end

.bss_segment DMb 503564	    4

.bss_segment DMb 503568	    1

.data_segment DMb 503572
.label _ZL7atexits
	0x70
	0xd
	0x0
	0x0
	0x0
	0x0
	0x0
	0x0
	0x0
	0x0
	0x0
	0x0
	0x0
	0x0
	0x0
	0x0
	0x0
	0x0
	0x0
	0x0
	0x0
	0x0
	0x0
	0x0
	0x0
	0x0
	0x0
	0x0
	0x0
	0x0
	0x0
	0x0
.label _ZL10atexit_cnt
	0x8
	0x0
	0x0
	0x0

.bss_segment DMb 503616	    16384

.stack DM_stack 458752 462080
