
// File generated by darts version U-2023.06#b8bbc031dd#240626, Tue Sep 30 10:54:36 2025
// Copyright 2014-2023 Synopsys, Inc. All rights reserved.
// darts -I/tools/ryzen_ai-1.3.0/vitis_aie_essentials/data/aie2p/lib -d -h -I/tools/ryzen_ai-1.3.0/vitis_aie_essentials/include -I/tools/ryzen_ai-1.3.0/vitis_aie_essentials/data/aie2p/lib/runtime_cxx/libcxx-lite/include -I/tools/ryzen_ai-1.3.0/vitis_aie_essentials/data/aie2p/lib/runtime_cxx/libs/libcxx-9.0.0/include-lite -I/tools/ryzen_ai-1.3.0/vitis_aie_essentials/data/aie2p/lib/runtime/include -D__AIENGINE__ -D__AIE_ARCH__=21 -D__AIEARCH__=21 -D__tct_tgt__=240628 -L +Ihex +nanno +u core_0_2.elf me

// Release: ipp U-2023.06-TGT-240628

.text_segment PM      0
.entry_point
.label __AIE_ARCH_MODEL_VERSION__21011000__inlined__1__me_basic___main_init_
.label _main_init
.function_start
           0    0x00 0x07 0x09 0xe0 0x00 0x44                                                                                                                                              MOVXM sp, #458752
           6    0x00 0x00 0x04 0x20 0x00 0x44                                                                                                                                              MOVXM r8, #0
          12    0x00 0x00 0x08 0x20 0x00 0x44                                                                                                                                              MOVXM r16, #0
          18    0x12 0x21 0x07 0x98                                                                                                                                                        EQ r16, r8, r16
          22    0x80 0x00 0x40 0x40 0x01 0x84                                                                                                                                              JNZ r16, #128
          28    0x00 0x00                                                                        NOPX
          30    0x00 0x00                                                                        NOPX
          32    0x00 0x00                                                                        NOPX
          34    0x00 0x00                                                                        NOPX
          36    0x00 0x00                                                                        NOPX
          38    0xf0 0x11 0x60 0x3f 0xff 0xff 0x37 0xfe 0x11 0x3a                                                                                            MOVS p7, p0;                  MOVXM p6, #-4
          48    0x00 0x2c 0xf0 0x00 0x20 0x01 0x5b 0x00 0x00 0x01 0x28 0x50 0x78 0x00 0x00 0xe1  NOPA;                         NOPB;                         NOPS;                         NOPX;                         MOV r9, r1;                             NOPV
.label TGT_F_main_init_64
.loop_nesting 1
          64    0xdf 0x83 0xd5 0x39 0x81 0xd4                                                    LDA p0, [p6], #-4;                                                                                                      MOV r10, p6
          70    0x00 0x00                                                                        NOPX
          72    0x00 0x00                                                                        NOPX
          74    0x00 0x00                                                                        NOPX
          76    0x00 0x00                                                                        NOPX
          78    0x00 0x00                                                                        NOPX
          80    0x00 0x00                                                                        NOPX
.no_stack_arguments
          82    0x10 0x30 0x00 0x18                                                                                                                                                        JL p0
          86    0x00 0x00                                                                        NOPX
          88    0x00 0x00                                                                        NOPX
          90    0x00 0x00                                                                        NOPX
          92    0x00 0x00                                                                        NOPX
          94    0x00 0x00                                                                        NOPX
.return_address
          96    0x12 0xa0 0x88 0x98                                                                                                                                                        NE r16, r10, r8
         100    0x80 0x00 0x20 0x40 0x01 0x84                                                                                                                                              JNZ r16, #64
         106    0x00 0x00                                                                        NOPX
         108    0x00 0x00                                                                        NOPX
         110    0x00 0x00                                                                        NOPX
         112    0x00 0x00                                                                        NOPX
         114    0x00 0x00                                                                        NOPX
.loop_nesting 0
         116    0x00 0x2c 0xf0 0x00 0x20 0x9c 0x8b 0x00 0x2a 0x50 0x70 0xf6                      NOPA;                         NOPB;                         MOVS p0, p7;                                                MOV r1, r9
.label TGT_F_main_init_128
.no_stack_arguments
         128    0x00 0x00 0x70 0x00 0x01 0x04                                                                                                                                              JL #224
         134    0x00 0x00                                                                        NOPX
         136    0x00 0x00                                                                        NOPX
         138    0x00 0x00                                                                        NOPX
         140    0x00 0x00                                                                        NOPX
         142    0x00 0x00                                                                        NOPX
.return_address
.no_stack_arguments
         144    0x00 0x07 0x68 0x00 0x01 0x04                                                                                                                                              JL #3792
         150    0x18 0x60 0x00 0xb8                                                                                                                                                                                      MOV p0, #0
         154    0x00 0x00                                                                        NOPX
         156    0x00 0x00                                                                        NOPX
         158    0x00 0x00                                                                        NOPX
         160    0x00 0x2c 0xf0 0x00 0x20 0x01 0x5b 0x00 0x00 0x00 0x01 0xa5 0x78 0x00 0x00 0xe1  NOPA;                         NOPB;                         NOPS;                         NOPX;                         NOPM;                                   NOPV
.return_address
.swstall chess_separator_scheduler
         176    0x00 0x00                                                                        NOPX
.swstall chess_separator_scheduler
         178    0x00 0x00                                                                        NOPX
.swstall chess_separator_scheduler
         180    0x00 0x00                                                                        NOPX
.swstall chess_separator_scheduler
         182    0x00 0x00                                                                        NOPX
.swstall chess_separator_scheduler
         184    0x00 0x00                                                                        NOPX
.swstall chess_separator_scheduler
         186    0x00 0x00                                                                        NOPX
         188    0x10 0x08 0x00 0x18                                                                                                                                                        DONE
.swstall chess_separator_scheduler
         192    0x00 0x00                                                                        NOPX
.swstall chess_separator_scheduler
         194    0x00 0x00                                                                        NOPX
.swstall chess_separator_scheduler
         196    0x00 0x00                                                                        NOPX
.swstall chess_separator_scheduler
         198    0x00 0x00                                                                        NOPX
.swstall chess_separator_scheduler
         200    0x00 0x00                                                                        NOPX
.swstall chess_separator_scheduler
         202    0x00 0x00                                                                        NOPX
.swstall for_chess_exit
.exit
         204    0x00 0x01 0x67 0x98                                                              NOPA
.label TGT_F_main_init_208
.loop_nesting 1
         208    0x00 0x00 0x68 0x00 0x00 0x84                                                                                                                                              J #208
         214    0x00 0x00                                                                        NOPX
         216    0x00 0x00                                                                        NOPX
         218    0x00 0x00                                                                        NOPX
         220    0x00 0x00                                                                        NOPX
         222    0x00 0x00                                                                        NOPX
.label _main_init__end
.label core_0_2
.function_start
         224    0x00 0x18 0x02 0x9c 0x8b 0x00 0x01 0xeb 0xb7 0x80 0x10 0x76                      MOVA r24, #0;                                               MOVS p2, p7;                  MOVXM p7, #503552
         236    0x00 0x10 0x07 0x1f 0x11 0x80 0x02 0x00 0x00 0x00 0x70 0x76                      MOVA r16, #0;                                               ST r24, [p7], #4;             PADDXM [sp], #64
         248    0xe0 0xe2 0x30 0x00 0xab 0xd0 0x70 0x02                                                                                                      ST r24, [p7];                                               MOV r5, r15
         256    0xe2 0xe2 0x30 0x00 0x8b 0x90 0x70 0x02                                                                                                      ST r24, [p7, #4];                                           MOV r4, r14
         264    0xfa 0x62 0xb0 0x00 0xb0 0x28 0x2a 0xd0 0x79 0x3a                                                                                            ST r24, [sp, #-48];           MOVX r11, #1;                 MOV r1, r11
         274    0xfb 0x96 0xb0 0x3e 0xa7 0xe8 0x0a 0x90 0x79 0x3a                                                                                            ST r5, [sp, #-36];            MOVX r10, #-1;                MOV r0, r10
         284    0xfc 0x12 0xb0 0x00 0x6b 0x50 0x70 0x02                                                                                                      ST r4, [sp, #-32];                                          MOV r3, r13
         292    0xfc 0x8e 0xb0 0x00 0x4b 0x10 0x70 0x02                                                                                                      ST r3, [sp, #-28];                                          MOV r2, r12
         300    0xfd 0x0a 0xb0 0x00 0x01 0xe9 0xcb 0x00 0x11 0x3a                                                                                            ST r2, [sp, #-24];            MOVXM r14, #501248
         310    0xfd 0x86 0xb0 0x00 0x01 0xe5 0xee 0x80 0x11 0x3a                                                                                            ST r1, [sp, #-20];            MOVXM r15, #498944
         320    0x0f 0xf0 0x15 0x98                                                                                                                          ST r0, [sp, #-16]
         324    0x0f 0xf5 0x35 0x98                                                                                                                          ST r9, [sp, #-12]
         328    0x0f 0xf9 0x15 0x98                                                                                                                          ST r8, [sp, #-8]
         332    0x0f 0xfd 0x1d 0x98                                                                                                                          ST p2, [sp, #-4]
         336    0x0f 0xdb 0x1d 0x98                                                                                                                          ST p6, [sp, #-40]
         340    0x00 0x2c 0xf0 0x00 0x20 0x00 0x00 0x03 0xea 0x1e 0xc1 0x36                      NOPA;                         NOPB;                         ST lr, [sp, #-44];            NOPX
.label TGT_Fcore_0_2_128
.loop_nesting 1
.no_stack_arguments
         352    0x00 0x02 0x70 0x00 0x01 0x04                                                                                                                                              JL #1248
         358    0xff 0xe1 0x07 0xce 0x15 0x80 0x06 0x8b 0x37 0x60 0x78 0x76                      MOVA r1, #-1;                                               ST r16, [sp, #-52];           MOVX r0, #52;                 MOV p6, p7
         370    0x00 0x00                                                                        NOPX
         372    0x00 0x00                                                                        NOPX
         374    0x00 0x00                                                                        NOPX
         376    0x00 0x2c 0xf0 0x04 0x00 0x00 0x1c 0x22                                          NOPA;                                                                                                                                                           NOPV
.return_address
.no_stack_arguments
         384    0x00 0x06 0x60 0x00 0x01 0x04                                                                                                                                              JL #3264
         390    0x00 0x07 0x00 0xda 0x00 0x44                                                                                                                                              MOVXM p0, #462080
         396    0x00 0x00                                                                        NOPX
         398    0x00 0x00                                                                        NOPX
         400    0x00 0x00                                                                        NOPX
         402    0x00 0x2c 0xf0 0x02 0xb6 0x00 0x00 0x40 0x1a 0x57 0x00 0x00 0x1c 0x2e            NOPA;                                                       NOPS;                                                       NOPM;                                   NOPV
.return_address
         416    0x00 0x2c 0xf0 0x00 0x20 0x01 0x5b 0x00 0x87 0xe8 0x01 0xa5 0x78 0x00 0x00 0xe1  NOPA;                         NOPB;                         NOPS;                         MOVX r8, #63;                 NOPM;                                   NOPV
.label TGT_Fcore_0_2_208
.loop_nesting 2
.no_stack_arguments
         432    0x00 0x02 0x70 0x00 0x01 0x04                                                                                                                                              JL #1248
         438    0xf8 0x5f 0xa0 0x20 0xcd 0x64                                                                                                                                              MOVX r1, #-1;                 MOV r0, #51
         444    0x00 0x00                                                                        NOPX
         446    0x00 0x00                                                                        NOPX
         448    0x00 0x00                                                                        NOPX
         450    0x00 0x2c 0xf0 0x02 0xb6 0x00 0x00 0x40 0x1a 0x57 0x00 0x00 0x1c 0x2e            NOPA;                                                       NOPS;                                                       NOPM;                                   NOPV
.return_address
         464    0x06 0x06 0x56 0x98                                                              LDA r18, [p6]
         468    0x00 0x00                                                                        NOPX
         470    0x00 0x00                                                                        NOPX
.no_stack_arguments
         472    0x00 0x02 0x70 0x00 0x01 0x04                                                                                                                                              JL #1248
         478    0x00 0x00                                                                        NOPX
         480    0x00 0x07 0x78 0x32 0x00 0x44                                                                                                                                              MOVXM r16, #489728
         486    0x00 0x07 0x58 0xaa 0x00 0x44                                                                                                                                              MOVXM r17, #480512
         492    0x12 0xf7 0x27 0x98                                                                                                                                                        EQ r27, r11, r18
         496    0xff 0xe1 0x00 0x00 0x20 0x01 0x5b 0x22 0x98 0x10 0x08 0x31 0x58 0x00 0x00 0xe1  MOVA r1, #-1;                 NOPB;                         NOPS;                         SEL.EQZ r9, r17, r16, r27;    MOV r0, #49;                            NOPV
.return_address
         512    0x06 0x16 0x16 0x98                                                              LDA r16, [p6, #4]
         516    0x00 0x00                                                                        NOPX
         518    0x00 0x00                                                                        NOPX
         520    0x00 0x00                                                                        NOPX
.no_stack_arguments
         522    0x00 0x02 0x90 0x00 0x01 0x04                                                                                                                                              JL #1312
         528    0x00 0x00                                                                        NOPX
         530    0x00 0x07 0x04 0xda 0x00 0x44                                                                                                                                              MOVXM p2, #462080
         536    0x12 0xf7 0x07 0x98                                                                                                                                                        EQ r27, r11, r16
         540    0x7c 0x1c 0x42 0xc9 0x41 0xe4                                                                                                                                              SEL.EQZ r16, r15, r14, r27;   MOV p1, r9
         546    0x00 0x2c 0xf1 0x20 0x16 0x00 0x00 0x7b 0x16 0x07 0x00 0x00 0x1c 0x2e            NOPA;                                                       MOVS p0, r16;                                               MOV p7, p1;                             NOPV
.return_address
.no_stack_arguments
         560    0x00 0x02 0x80 0x00 0x01 0x04                                                                                                                                              JL #1280
         566    0x00 0x18 0x20 0xa0 0x05 0x64                                                                                                                                              MOVX r0, #48;                 MOV r1, #1
         572    0x00 0x00                                                                        NOPX
         574    0x00 0x00                                                                        NOPX
         576    0x00 0x00                                                                        NOPX
         578    0x00 0x2c 0xf0 0x02 0xb6 0x00 0x00 0x40 0x1a 0x57 0x00 0x00 0x1c 0x2e            NOPA;                                                       NOPS;                                                       NOPM;                                   NOPV
.return_address
         592    0x06 0x16 0x16 0x98                                                              LDA r16, [p6, #4]
         596    0x00 0x00                                                                        NOPX
         598    0x00 0x00                                                                        NOPX
         600    0x00 0x00                                                                        NOPX
         602    0x00 0x00                                                                        NOPX
.no_stack_arguments
         604    0x00 0x02 0x70 0x00 0x01 0x04                                                                                                                                              JL #1248
         610    0x00 0x00                                                                        NOPX
         612    0x84 0x7f 0xe8 0x30 0x01 0x24                                                                                                                                              ADD r17, r16, #-1;            ADD.NC r16, r16, #1
         618    0x12 0xf7 0x0a 0x98                                                                                                                                                        LT r27, r11, r16
         622    0x14 0x21 0x12 0x18                                                                                                                                                        SEL.EQZ r16, r16, r17, r27
         626    0x00 0x2c 0xf0 0x00 0x20 0x00 0xc5 0x05 0xff 0xeb 0xc2 0xc2 0x30 0x7e            NOPA;                         NOPB;                         ST r16, [p6, #4];             MOVX r0, #49;                 MOV r1, #-1
.return_address
         640    0x06 0x16 0x16 0x98                                                              LDA r16, [p6, #4]
         644    0x00 0x00                                                                        NOPX
         646    0x00 0x00                                                                        NOPX
         648    0x00 0x00                                                                        NOPX
.no_stack_arguments
         650    0x00 0x02 0x90 0x00 0x01 0x04                                                                                                                                              JL #1312
         656    0x00 0x00                                                                        NOPX
         658    0x00 0x07 0x04 0xda 0x00 0x44                                                                                                                                              MOVXM p2, #462080
         664    0x12 0xf7 0x07 0x98                                                                                                                                                        EQ r27, r11, r16
         668    0x13 0xe0 0xe2 0x18                                                                                                                                                        SEL.EQZ r16, r15, r14, r27
         672    0x00 0x2c 0xf0 0x00 0x20 0x90 0x0b 0x00 0x00 0x00 0xb7 0x60 0x78 0x00 0x00 0xe1  NOPA;                         NOPB;                         MOVS p0, r16;                 NOPX;                         MOV p1, p7;                             NOPV
.return_address
.no_stack_arguments
         688    0x00 0x02 0x80 0x00 0x01 0x04                                                                                                                                              JL #1280
         694    0x00 0x18 0x20 0xa0 0x05 0x64                                                                                                                                              MOVX r0, #48;                 MOV r1, #1
         700    0x00 0x00                                                                        NOPX
         702    0x00 0x00                                                                        NOPX
         704    0x00 0x00                                                                        NOPX
         706    0x00 0x2c 0xf0 0x02 0xb6 0x00 0x00 0x40 0x1a 0x57 0x00 0x00 0x1c 0x2e            NOPA;                                                       NOPS;                                                       NOPM;                                   NOPV
.return_address
         720    0x06 0x16 0x16 0x98                                                              LDA r16, [p6, #4]
         724    0x00 0x00                                                                        NOPX
         726    0x00 0x00                                                                        NOPX
         728    0x00 0x00                                                                        NOPX
         730    0x00 0x00                                                                        NOPX
.no_stack_arguments
         732    0x00 0x02 0x70 0x00 0x01 0x04                                                                                                                                              JL #1248
         738    0x00 0x00                                                                        NOPX
         740    0x84 0x7f 0xe8 0x30 0x01 0x24                                                                                                                                              ADD r17, r16, #-1;            ADD.NC r16, r16, #1
         746    0x12 0xf7 0x0a 0x98                                                                                                                                                        LT r27, r11, r16
         750    0x14 0x21 0x12 0x18                                                                                                                                                        SEL.EQZ r16, r16, r17, r27
         754    0x00 0x2c 0xf0 0x00 0x20 0x00 0xc5 0x05 0xff 0xeb 0xc2 0xc2 0x30 0x7e            NOPA;                         NOPB;                         ST r16, [p6, #4];             MOVX r0, #49;                 MOV r1, #-1
.return_address
         768    0x06 0x16 0x16 0x98                                                              LDA r16, [p6, #4]
         772    0x00 0x00                                                                        NOPX
         774    0x00 0x00                                                                        NOPX
         776    0x00 0x00                                                                        NOPX
.no_stack_arguments
         778    0x00 0x02 0x90 0x00 0x01 0x04                                                                                                                                              JL #1312
         784    0x00 0x00                                                                        NOPX
         786    0x00 0x07 0x04 0xda 0x00 0x44                                                                                                                                              MOVXM p2, #462080
         792    0x12 0xf7 0x07 0x98                                                                                                                                                        EQ r27, r11, r16
         796    0x13 0xe0 0xe2 0x18                                                                                                                                                        SEL.EQZ r16, r15, r14, r27
         800    0x00 0x2c 0xf0 0x00 0x20 0x90 0x0b 0x00 0x00 0x00 0xb7 0x60 0x78 0x00 0x00 0xe1  NOPA;                         NOPB;                         MOVS p0, r16;                 NOPX;                         MOV p1, p7;                             NOPV
.return_address
.no_stack_arguments
         816    0x00 0x02 0x80 0x00 0x01 0x04                                                                                                                                              JL #1280
         822    0x00 0x18 0x20 0xa0 0x05 0x64                                                                                                                                              MOVX r0, #48;                 MOV r1, #1
         828    0x00 0x00                                                                        NOPX
         830    0x00 0x00                                                                        NOPX
         832    0x00 0x00                                                                        NOPX
         834    0x00 0x2c 0xf0 0x02 0xb6 0x00 0x00 0x40 0x1a 0x57 0x00 0x00 0x1c 0x2e            NOPA;                                                       NOPS;                                                       NOPM;                                   NOPV
.return_address
         848    0x06 0x16 0x16 0x98                                                              LDA r16, [p6, #4]
         852    0x00 0x00                                                                        NOPX
         854    0x00 0x00                                                                        NOPX
         856    0x00 0x00                                                                        NOPX
         858    0x00 0x00                                                                        NOPX
.no_stack_arguments
         860    0x00 0x02 0x70 0x00 0x01 0x04                                                                                                                                              JL #1248
         866    0x00 0x00                                                                        NOPX
         868    0x84 0x7f 0xe8 0x30 0x01 0x24                                                                                                                                              ADD r17, r16, #-1;            ADD.NC r16, r16, #1
         874    0x12 0xf7 0x0a 0x98                                                                                                                                                        LT r27, r11, r16
         878    0x14 0x21 0x12 0x18                                                                                                                                                        SEL.EQZ r16, r16, r17, r27
         882    0x00 0x2c 0xf0 0x00 0x20 0x00 0xc5 0x05 0xff 0xeb 0xc2 0xc2 0x30 0x7e            NOPA;                         NOPB;                         ST r16, [p6, #4];             MOVX r0, #49;                 MOV r1, #-1
.return_address
         896    0x06 0x16 0x16 0x98                                                              LDA r16, [p6, #4]
         900    0x00 0x00                                                                        NOPX
         902    0x00 0x00                                                                        NOPX
         904    0x00 0x00                                                                        NOPX
.no_stack_arguments
         906    0x00 0x02 0x90 0x00 0x01 0x04                                                                                                                                              JL #1312
         912    0x00 0x00                                                                        NOPX
         914    0x00 0x07 0x04 0xda 0x00 0x44                                                                                                                                              MOVXM p2, #462080
         920    0x12 0xf7 0x07 0x98                                                                                                                                                        EQ r27, r11, r16
         924    0x13 0xe0 0xe2 0x18                                                                                                                                                        SEL.EQZ r16, r15, r14, r27
         928    0x00 0x2c 0xf0 0x00 0x20 0x90 0x0b 0x00 0x00 0x00 0xb7 0x60 0x78 0x00 0x00 0xe1  NOPA;                         NOPB;                         MOVS p0, r16;                 NOPX;                         MOV p1, p7;                             NOPV
.return_address
.no_stack_arguments
         944    0x00 0x02 0x80 0x00 0x01 0x04                                                                                                                                              JL #1280
         950    0x00 0x18 0x20 0xa0 0x05 0x64                                                                                                                                              MOVX r0, #48;                 MOV r1, #1
         956    0x00 0x00                                                                        NOPX
         958    0x00 0x00                                                                        NOPX
         960    0x00 0x00                                                                        NOPX
         962    0x00 0x2c 0xf0 0x02 0xb6 0x00 0x00 0x40 0x1a 0x57 0x00 0x00 0x1c 0x2e            NOPA;                                                       NOPS;                                                       NOPM;                                   NOPV
.return_address
         976    0x06 0x16 0x16 0x98                                                              LDA r16, [p6, #4]
         980    0x00 0x00                                                                        NOPX
         982    0x00 0x00                                                                        NOPX
         984    0x00 0x00                                                                        NOPX
         986    0x00 0x00                                                                        NOPX
.no_stack_arguments
         988    0x00 0x02 0x80 0x00 0x01 0x04                                                                                                                                              JL #1280
         994    0x00 0x00                                                                        NOPX
         996    0x84 0x7f 0xe8 0x30 0x01 0x24                                                                                                                                              ADD r17, r16, #-1;            ADD.NC r16, r16, #1
        1002    0x12 0xf7 0x0a 0x98                                                                                                                                                        LT r27, r11, r16
        1006    0x14 0x21 0x12 0x18                                                                                                                                                        SEL.EQZ r16, r16, r17, r27
        1010    0x00 0x2c 0xf0 0x00 0x20 0x02 0x05 0x01 0x06 0x4b 0xc2 0xc2 0x30 0x7e            NOPA;                         NOPB;                         ST r16, [p6, #4];             MOVX r1, #1;                  MOV r0, #50
.return_address
        1024    0xc0 0xc2 0xd0 0x00 0x00 0x03 0xb0 0xd8 0x10 0xba                                LDA r16, [p6];                                                                            MOVXM p7, #432
        1034    0x00 0x00                                                                        NOPX
        1036    0x00 0x00                                                                        NOPX
        1038    0x00 0x00                                                                        NOPX
        1040    0x00 0x00                                                                        NOPX
        1042    0x12 0x11 0xe0 0x18                                                                                                                                                        JNZD r8, r8, p7
        1046    0x00 0x00                                                                        NOPX
        1048    0x84 0x7f 0xe8 0x30 0x01 0x24                                                                                                                                              ADD r17, r16, #-1;            ADD.NC r16, r16, #1
        1054    0x12 0xf7 0x0a 0x98                                                                                                                                                        LT r27, r11, r16
        1058    0x14 0x21 0x12 0x18                                                                                                                                                        SEL.EQZ r16, r16, r17, r27
        1062    0x0e 0x06 0x11 0x98                                                                                                                          ST r16, [p6]
.loop_nesting 1
        1066    0x07 0xcd 0x11 0x18                                                              LDA r8, [sp, #-52]
        1070    0x00 0x00                                                                        NOPX
.no_stack_arguments
        1072    0x00 0x02 0x80 0x00 0x01 0x04                                                                                                                                              JL #1280
        1078    0x00 0x00                                                                        NOPX
        1080    0x00 0x00                                                                        NOPX
        1082    0x00 0x00                                                                        NOPX
        1084    0x1c 0x1c 0xc0 0xf8                                                                                                                                                                                      MOV r16, p6
        1088    0x00 0x21 0x00 0x00 0x20 0x01 0x5b 0x00 0x06 0xab 0xb4 0x3f 0x08 0x00 0x00 0xe1  MOVA r1, #1;                  NOPB;                         NOPS;                         MOVX r0, #53;                 ADD.NC p7, r16, #-4;                    NOPV
.return_address
        1104    0xfa 0x4a 0x20 0x11 0x00 0x3a 0x28 0x00 0x58 0xba                                LDA r18, [sp, #-48];                                                                      ADD r16, r8, #1;              MOV r17, #0
        1114    0xde 0xce 0xd0 0x1f 0xff 0xfe 0xaf 0xff 0x10 0xba                                LDA r19, [p6, #-4];                                                                       MOVXM r21, #2147483646
        1124    0x12 0xa9 0x08 0x98                                                                                                                                                        NE r20, r10, r16
        1128    0x00 0x00                                                                        NOPX
        1130    0x00 0x00                                                                        NOPX
        1132    0x00 0x00                                                                        NOPX
        1134    0x00 0x00                                                                        NOPX
        1136    0x14 0x65 0x22 0x98                                                                                                                                                        ADC r18, r17, r18
        1140    0xfa 0x4a 0xba 0xd6 0x79 0x5c                                                                                                                ST r18, [sp, #-48];           LTU r21, r21, r19
        1146    0x14 0xa3 0x1a 0x98                                                                                                                                                        LT r17, r18, r17
        1150    0x95 0x9a 0x09 0x33 0xaa 0xa4                                                                                                                                              EQZ r22, r18;                 ADD.NC r18, r19, r21
        1156    0xe3 0xca 0x3b 0x4a 0x89 0x5c                                                                                                                ST r18, [p7], #4;             AND r18, r22, r20
        1162    0x14 0x63 0x25 0x98                                                                                                                                                        OR r17, r17, r18
        1166    0x88 0x00 0xb0 0x40 0x01 0x84                                                                                                                                              JNZ r17, #352
        1172    0x00 0x00                                                                        NOPX
        1174    0x00 0x00                                                                        NOPX
        1176    0x00 0x00                                                                        NOPX
        1178    0x00 0x00                                                                        NOPX
        1180    0x00 0x00                                                                        NOPX
.loop_nesting 0
        1182    0x07 0xd4 0x39 0x18                                                              LDA lr, [sp, #-44]
        1186    0x07 0xf9 0x11 0x18                                                              LDA r8, [sp, #-8]
        1190    0x07 0xf5 0x31 0x18                                                              LDA r9, [sp, #-12]
        1194    0x07 0xf1 0x51 0x18                                                              LDA r10, [sp, #-16]
        1198    0x07 0xed 0x71 0x18                                                              LDA r11, [sp, #-20]
        1202    0x07 0xe9 0x91 0x18                                                              LDA r12, [sp, #-24]
        1206    0x07 0xe5 0xb1 0x18                                                              LDA r13, [sp, #-28]
        1210    0x07 0xe1 0xd1 0x18                                                              LDA r14, [sp, #-32]
        1214    0x07 0xdd 0xf1 0x18                                                              LDA r15, [sp, #-36]
        1218    0x07 0xdb 0x19 0x18                                                              LDA p6, [sp, #-40]
        1222    0x07 0xff 0x99 0x18                                                              LDA p7, [sp, #-4]
        1226    0x10 0x28 0x00 0x18                                                                                                                                                        RET lr
        1230    0x00 0x00                                                                        NOPX
        1232    0x00 0x00                                                                        NOPX
        1234    0x00 0x00                                                                        NOPX
        1236    0x00 0x00                                                                        NOPX
        1238    0xff 0xf8 0x00 0x00 0x01 0xc4                                                                                                                                              PADDXM [sp], #-64
.label core_0_2__end

.text_segment PM   1248
.label llvm___aie2p___acquire
.function_start
        1248    0x10 0x12 0x18 0x18                                                                                                                                                        ACQ r0, r1
        1252    0x10 0x28 0x00 0x18                                                                                                                                                        RET lr
        1256    0x00 0x00                                                                        NOPX
        1258    0x00 0x00                                                                        NOPX
        1260    0x00 0x00                                                                        NOPX
        1262    0x00 0x00                                                                        NOPX
        1264    0x00 0x00                                                                        NOPX
.label llvm___aie2p___acquire__end

.text_segment PM   1280
.label llvm___aie2p___release
.function_start
        1280    0x10 0x10 0x18 0x18                                                                                                                                                        REL r0, r1
        1284    0x10 0x28 0x00 0x18                                                                                                                                                        RET lr
        1288    0x00 0x00                                                                        NOPX
        1290    0x00 0x00                                                                        NOPX
        1292    0x00 0x00                                                                        NOPX
        1294    0x00 0x00                                                                        NOPX
        1296    0x00 0x00                                                                        NOPX
.label llvm___aie2p___release__end

.text_segment PM   1312
.label matmul_vectorized_bfp16
.function_start
        1312    0x00 0x71 0x00 0x00 0x70 0x28 0x0a 0x60 0x78 0xba                                MOVA r17, #3;                                                                             MOVX r7, #1;                  MOV r0, p2
        1322    0x00 0x18 0x00 0x00 0x10 0x4a 0x09 0x60 0x78 0xba                                MOVA r24, #0;                                                                             MOVX r1, #2;                  MOV r16, p1
        1332    0x00 0x1a 0x00 0x00 0x01 0xe9 0xb7 0x86 0x10 0xba                                MOVA r26, #0;                                                                             MOVXM p3, #503564
        1342    0x60 0xee 0xd0 0x00 0x01 0xf0 0x4f 0xa0 0x10 0xba                                LDA r27, [p3];                                                                            MOVXM r2, #511808
        1352    0x7c 0xe3 0x00 0x00 0x01 0xea 0x37 0x8a 0x10 0xba                                MOVA r3, #999;                                                                            MOVXM p4, #503572
        1362    0x80 0xcc 0x50 0x00 0x00 0x08 0xa8 0x00 0x10 0xba                                LDA.s8 r19, [p4];                                                                         MOVXM r5, #8192
        1372    0x61 0x86 0x00 0x00 0x01 0xe8 0x8f 0xa0 0x10 0xba                                MOVA r6, #780;                                                                            MOVXM r4, #503616
        1382    0x09 0x14 0x00 0x00 0x00 0x00 0x7a 0xf0 0x10 0xba                                MOVA r20, #72;                                                                            MOVXM ls, #1504
        1392    0x08 0x12 0x00 0x00 0x00 0x01 0xbd 0x90 0x10 0xba                                MOVA r18, #64;                                                                            MOVXM le, #2848
        1402    0x00 0x50 0x00 0x00 0x01 0xc4                                                                                                                                              PADDXM [sp], #640
        1408    0x00 0x84 0x47 0x37 0x39 0xe4                                                                                                                                              SEL.EQZ r2, r0, r2, r27;      MOV el7, r27
        1414    0xd9 0x40 0xe0 0x25 0x02 0xa4                                                                                                                                              ADD r5, r27, #1;              ADD.NC r0, r5, r0
        1420    0x3e 0xf6 0xf3 0xdc 0x39 0xe4                                                                                                                                              EQ r27, r7, r27;              MOV r7, el7
        1426    0x10 0x00 0x41 0x5c 0x39 0xe4                                                                                                                                              SEL.EQZ r0, r2, r0, r27;      MOV r2, el7
        1432    0x3e 0xe2 0xff 0x73 0x41 0xe4                                                                                                                                              EQ r27, r7, r17;              MOV crRnd, r19
        1438    0x29 0xf0 0x42 0xa1 0x81 0xe4                                                                                                                                              SEL.EQZ r7, r5, r24, r27;     MOV r5, p0
        1444    0x60 0x9e 0x30 0x03 0xb1 0x3c 0x28 0x00 0x59 0x3a                                                                                            ST r7, [p3];                  EQ r27, r1, r2;               MOV r1, #0
        1454    0x10 0x00 0x42 0x18                                                                                                                                                        SEL.EQZ r0, r0, r4, r27
        1458    0x70 0x01 0x60 0x1f 0xff 0xfc 0xef 0xf8 0x11 0x3a                                                                                            MOVS p3, r0;                  MOVXM r7, #2147483632
        1468    0xff 0xff 0xf0 0x10 0x00 0x44                                                                                                                                              MOVXM m0, #-2048
        1474    0x00 0x2c 0xf0 0x00 0x20 0x00 0x00 0x46 0x5d 0x02 0x00 0x2b 0x60 0x7e            NOPA;                         NOPB;                         NOPS;                         MOVXM p4, #1488
.label TGT_Fmatmul_vectorized_bfp16_176
.loop_nesting 1
        1488    0x00 0x85 0x40 0x00 0x20 0x01 0x5b 0x01 0x30 0x0a 0x28 0x00 0x58 0x00 0x00 0xe1  MOVA lc, #4;                  NOPB;                         NOPS;                         MOVX r19, #0;                 MOV r17, #0;                            NOPV
.label ZLS_Fmatmul_vectorized_bfp16_192
.loop_nesting 2
.begin_of_loop
        1504    0xff 0xc8 0xf0 0x0f 0x59 0xa4 0x4c 0x10 0x78 0xba                                VLDA lfh1, [sp, #-64];                                                                    AND r21, r7, r19;             MOV r2, r16
        1514    0xff 0x58 0xf0 0x23 0x69 0x24 0x09 0x50 0x78 0xba                                VLDA lfl1, [sp, #-128];                                                                   AND r22, r17, r18;            MOV r0, r5
        1524    0x00 0x18 0x00 0x2a 0x0a 0x33 0x28 0x00 0x58 0xba                                MOVA r24, #0;                                                                             MAC r0, r0, r21, r20;         MOV r25, #0
        1534    0x63 0x95 0x70 0x2c 0x2a 0x32 0x2c 0x50 0x08 0xba                                VLDA.CONV.fp32.bf16 cml1, [p3], #64;                                                      MAC r2, r2, r22, r20;         ADD.NC r17, r17, #64
        1544    0x63 0x9d 0x71 0x80 0x0b 0x02 0x6c 0xc2 0x02 0xba                                VLDA.CONV.fp32.bf16 cmh1, [p3], #64;                        MOVS p1, r0;                                                ADD.NC r19, r19, #8
        1554    0x63 0xa5 0x75 0x14 0x14 0x00 0x30 0x90 0x7e 0xba                                VLDA.CONV.fp32.bf16 cml2, [p3], #64;VLDB.FILL.512 [p1, lf1, r25];                                                       MOV p0, r2
        1564    0x02 0x81 0x76 0x00 0x28 0x3c                                                    VLDA.FILL.512 [p0, lf0, r24]; VLDB.POP.576 ex0, [p1, lf1, r25]
        1570    0x80 0x11 0x76 0x00 0xa8 0x3c                                                    VLDA.POP.576 ex2, [p0, lf0, r24];VLDB.POP.576 ex1, [p1, lf1, r25]
        1576    0x80 0x19 0x76 0x02 0x28 0x3c                                                    VLDA.POP.576 ex3, [p0, lf0, r24];VLDB.POP.576 ex4, [p1, lf1, r25]
        1582    0x80 0x29 0x76 0x03 0x28 0x3c                                                    VLDA.POP.576 ex5, [p0, lf0, r24];VLDB.POP.576 ex6, [p1, lf1, r25]
        1588    0x80 0x39 0x76 0x00 0x28 0x3c                                                    VLDA.POP.576 ex7, [p0, lf0, r24];VLDB.POP.576 ex0, [p1, lf1, r25]
        1594    0x63 0xad 0x74 0x01 0x28 0x3c                                                    VLDA.CONV.fp32.bf16 cmh2, [p3], #64;VLDB.POP.576 ex2, [p0, lf0, r24]
        1600    0x63 0xb5 0x76 0x00 0xa8 0x3c                                                    VLDA.CONV.fp32.bf16 cml3, [p3], #64;VLDB.POP.576 ex1, [p1, lf1, r25]
        1606    0x63 0xbd 0x74 0x01 0xa8 0x3c                                                    VLDA.CONV.fp32.bf16 cmh3, [p3], #64;VLDB.POP.576 ex3, [p0, lf0, r24]
        1612    0x63 0xc5 0x76 0x02 0x28 0x3c                                                    VLDA.CONV.fp32.bf16 cml4, [p3], #64;VLDB.POP.576 ex4, [p1, lf1, r25]
        1618    0x73 0xcd 0x72 0x01 0x54 0x1d 0x31 0x20 0x49 0x4a                                VLDA.CONV.fp32.bf16 cmh4, [p3], #-448;VLDB.POP.576 ex5, [p0, lf0, r24];                                                                                         VMAC.f dm1, dm1, ex0, ex2, r6
        1628    0xa0 0x31 0x72 0x01 0xd4 0x1d 0x32 0x40 0x69 0x4a                                VLDA.POP.576 ex6, [p1, lf1, r25];VLDB.POP.576 ex7, [p0, lf0, r24];                                                                                              VMAC.f dm2, dm2, ex0, ex3, r6
        1638    0x22 0x81 0x74 0x14 0x14 0x1d 0x33 0x62 0x49 0x4a                                VLDA.FILL.512 [p1, lf1, r25]; VLDB.FILL.512 [p0, lf0, r24];                                                                                                     VMAC.f dm3, dm3, ex1, ex2, r6
        1648    0xa0 0x01 0x72 0x00 0x94 0x1d 0x31 0x28 0xa9 0x4a                                VLDA.POP.576 ex0, [p1, lf1, r25];VLDB.POP.576 ex2, [p0, lf0, r24];                                                                                              VMAC.f dm1, dm1, ex4, ex5, r6
        1658    0xa0 0x09 0x72 0x00 0xd4 0x1d 0x34 0x82 0x69 0x4a                                VLDA.POP.576 ex1, [p1, lf1, r25];VLDB.POP.576 ex3, [p0, lf0, r24];                                                                                              VMAC.f dm4, dm4, ex1, ex3, r6
        1668    0x32 0x48 0xe9 0x48                                                                                                                                                                                                                              VMAC.f dm2, dm2, ex4, ex7, r6
        1672    0x03 0x01 0x14 0x00 0x33 0x6c 0xa9 0x62                                                                        VLDB.POP.576 ex4, [p1, lf1, r25];                                                                                                 VMAC.f dm3, dm3, ex6, ex5, r6
        1680    0x02 0x01 0x54 0x00 0x34 0x8c 0xe9 0x62                                                                        VLDB.POP.576 ex5, [p0, lf0, r24];                                                                                                 VMAC.f dm4, dm4, ex6, ex7, r6
        1688    0xa0 0x31 0x72 0x01 0xd4 0x1d 0x31 0x20 0x49 0x4a                                VLDA.POP.576 ex6, [p1, lf1, r25];VLDB.POP.576 ex7, [p0, lf0, r24];                                                                                              VMAC.f dm1, dm1, ex0, ex2, r6
        1698    0x32 0x40 0x69 0x48                                                                                                                                                                                                                              VMAC.f dm2, dm2, ex0, ex3, r6
        1702    0x03 0x00 0x14 0x00 0x33 0x62 0x49 0x62                                                                        VLDB.POP.576 ex0, [p1, lf1, r25];                                                                                                 VMAC.f dm3, dm3, ex1, ex2, r6
        1710    0x02 0x00 0x94 0x00 0x34 0x82 0x69 0x62                                                                        VLDB.POP.576 ex2, [p0, lf0, r24];                                                                                                 VMAC.f dm4, dm4, ex1, ex3, r6
        1718    0xa0 0x09 0x72 0x00 0xd4 0x1d 0x31 0x28 0xa9 0x4a                                VLDA.POP.576 ex1, [p1, lf1, r25];VLDB.POP.576 ex3, [p0, lf0, r24];                                                                                              VMAC.f dm1, dm1, ex4, ex5, r6
        1728    0x32 0x48 0xe9 0x48                                                                                                                                                                                                                              VMAC.f dm2, dm2, ex4, ex7, r6
        1732    0x03 0x01 0x14 0x00 0x33 0x6c 0xa9 0x62                                                                        VLDB.POP.576 ex4, [p1, lf1, r25];                                                                                                 VMAC.f dm3, dm3, ex6, ex5, r6
        1740    0x02 0x01 0x54 0x00 0x34 0x8c 0xe9 0x62                                                                        VLDB.POP.576 ex5, [p0, lf0, r24];                                                                                                 VMAC.f dm4, dm4, ex6, ex7, r6
        1748    0x80 0x39 0x73 0x01 0x94 0x1d 0x31 0x20 0x49 0x4a                                VLDA.POP.576 ex7, [p0, lf0, r24];VLDB.POP.576 ex6, [p1, lf1, r25];                                                                                              VMAC.f dm1, dm1, ex0, ex2, r6
        1758    0xfe 0xc8 0xf8 0x28 0x28 0x32 0x01 0x16 0x02 0x0f 0x32 0x40 0x69 0x4e            VLDA lfh1, [sp, #-192];       VLDB.FILL.512 [p0, lf0, r24];                               MOVX r25, #0;                 MOV p1, r0;                             VMAC.f dm2, dm2, ex0, ex3, r6
        1772    0xfe 0x58 0xf4 0x05 0x28 0xc2 0xc0 0xe2 0x33 0x62 0x49 0x66                      VLDA lfl1, [sp, #-256];       VLDB.POP.576 ex10, [p0, lf0, r24];                                                        MOV dc0, p1;                            VMAC.f dm3, dm3, ex1, ex2, r6
        1784    0x22 0x81 0x72 0x02 0xd4 0x1d 0x34 0x82 0x69 0x4a                                VLDA.FILL.512 [p1, lf1, r25]; VLDB.POP.576 ex11, [p0, lf0, r24];                                                                                                VMAC.f dm4, dm4, ex1, ex3, r6
        1794    0x03 0x02 0x14 0x00 0x31 0x28 0xa9 0x62                                                                        VLDB.POP.576 ex8, [p1, lf1, r25];                                                                                                 VMAC.f dm1, dm1, ex4, ex5, r6
        1802    0x03 0x02 0x54 0x00 0x32 0x48 0xe9 0x62                                                                        VLDB.POP.576 ex9, [p1, lf1, r25];                                                                                                 VMAC.f dm2, dm2, ex4, ex7, r6
        1810    0x03 0x01 0x14 0x00 0x33 0x6c 0xa9 0x62                                                                        VLDB.POP.576 ex4, [p1, lf1, r25];                                                                                                 VMAC.f dm3, dm3, ex6, ex5, r6
        1818    0xff 0xcd 0x62 0x01 0x54 0x01 0x34 0x8c 0xe9 0x4a                                                              VLDB.POP.576 ex5, [p0, lf0, r24];VST lfh1, [sp, #-64];                                                                            VMAC.f dm4, dm4, ex6, ex7, r6
        1828    0xa0 0x31 0x74 0x03 0xab 0xfd 0x75 0x8e 0x31 0x20 0x49 0x66                      VLDA.POP.576 ex6, [p1, lf1, r25];VLDB.POP.576 ex7, [p0, lf0, r24];VST lfl1, [sp, #-128];                                                                        VMAC.f dm1, dm1, ex0, ex2, r6
        1840    0x32 0x40 0x69 0x48                                                                                                                                                                                                                              VMAC.f dm2, dm2, ex0, ex3, r6
        1844    0x33 0x62 0x49 0x48                                                                                                                                                                                                                              VMAC.f dm3, dm3, ex1, ex2, r6
        1848    0x34 0x82 0x69 0x48                                                                                                                                                                                                                              VMAC.f dm4, dm4, ex1, ex3, r6
        1852    0x31 0x28 0xa9 0x48                                                                                                                                                                                                                              VMAC.f dm1, dm1, ex4, ex5, r6
        1856    0x32 0x48 0xe9 0x48                                                                                                                                                                                                                              VMAC.f dm2, dm2, ex4, ex7, r6
        1860    0x33 0x6c 0xa9 0x48                                                                                                                                                                                                                              VMAC.f dm3, dm3, ex6, ex5, r6
        1864    0x34 0x8c 0xe9 0x48                                                                                                                                                                                                                              VMAC.f dm4, dm4, ex6, ex7, r6
        1868    0x00 0x00                                                                        NOPX
        1870    0x00 0x00                                                                        NOPX
        1872    0x0b 0x1c 0xa3 0x18                                                                                                                          VST.CONV.bf16.fp32 cml1, [p3], #64
        1876    0x0b 0x7c 0xe3 0x18                                                                                                                          VST.CONV.bf16.fp32 cmh1, [p3], #448
        1880    0x03 0x1c 0xab 0x98                                                              VLDA.CONV.fp32.bf16 cml1, [p3], #64
        1884    0x03 0x9c 0xeb 0x98                                                              VLDA.CONV.fp32.bf16 cmh1, [p3], #-448
        1888    0x60 0x42 0x86 0x3a 0x46 0x4c                                                                                  VLDB.POP.576 ex8, [p1, lf1, r25];VST.CONV.bf16.fp32 cml2, [p3], #64
        1894    0x0b 0x7d 0x63 0x18                                                                                                                          VST.CONV.bf16.fp32 cmh2, [p3], #448
        1898    0x03 0x1d 0x2b 0x98                                                              VLDA.CONV.fp32.bf16 cml2, [p3], #64
        1902    0x73 0xad 0x70 0x04 0x31 0x31 0x49 0x62                                          VLDA.CONV.fp32.bf16 cmh2, [p3], #-448;                                                                                                                          VMAC.f dm1, dm1, ex8, ex10, r6
        1910    0x40 0x52 0x86 0x3b 0x46 0x4c                                                                                  VLDB.POP.576 ex10, [p0, lf0, r24];VST.CONV.bf16.fp32 cml3, [p3], #64
        1916    0x0b 0x7d 0xe3 0x18                                                                                                                          VST.CONV.bf16.fp32 cmh3, [p3], #448
        1920    0x63 0xb5 0x70 0x04 0x31 0x28 0xa9 0x62                                          VLDA.CONV.fp32.bf16 cml3, [p3], #64;                                                                                                                            VMAC.f dm1, dm1, ex4, ex5, r6
        1928    0x73 0xbd 0x70 0x04 0x32 0x51 0x69 0x62                                          VLDA.CONV.fp32.bf16 cmh3, [p3], #-448;                                                                                                                          VMAC.f dm2, dm2, ex8, ex11, r6
        1936    0xa0 0x49 0x74 0x05 0xab 0x1e 0x23 0x32                                          VLDA.POP.576 ex9, [p1, lf1, r25];VLDB.POP.576 ex11, [p0, lf0, r24];VST.CONV.bf16.fp32 cml4, [p3], #64
        1944    0xa0 0x21 0x74 0x02 0xab 0x7e 0x63 0x32                                          VLDA.POP.576 ex4, [p1, lf1, r25];VLDB.POP.576 ex5, [p0, lf0, r24];VST.CONV.bf16.fp32 cmh4, [p3], #448
        1952    0x63 0xc5 0x70 0x04 0x32 0x48 0xe9 0x62                                          VLDA.CONV.fp32.bf16 cml4, [p3], #64;                                                                                                                            VMAC.f dm2, dm2, ex4, ex7, r6
        1960    0x73 0xcd 0x73 0x01 0x94 0x1d 0x33 0x73 0x49 0x4a                                VLDA.CONV.fp32.bf16 cmh4, [p3], #-448;VLDB.POP.576 ex6, [p1, lf1, r25];                                                                                         VMAC.f dm3, dm3, ex9, ex10, r6
        1970    0x80 0x39 0x75 0x14 0x14 0x1d 0x31 0x31 0x49 0x4a                                VLDA.POP.576 ex7, [p0, lf0, r24];VLDB.FILL.512 [p1, lf1, r25];                                                                                                  VMAC.f dm1, dm1, ex8, ex10, r6
        1980    0x02 0x81 0x76 0x04 0x28 0x3c                                                    VLDA.FILL.512 [p0, lf0, r24]; VLDB.POP.576 ex8, [p1, lf1, r25]
        1986    0x80 0x51 0x73 0x02 0x54 0x1d 0x33 0x6c 0xa9 0x4a                                VLDA.POP.576 ex10, [p0, lf0, r24];VLDB.POP.576 ex9, [p1, lf1, r25];                                                                                             VMAC.f dm3, dm3, ex6, ex5, r6
        1996    0x80 0x59 0x73 0x01 0x14 0x1d 0x34 0x93 0x69 0x4a                                VLDA.POP.576 ex11, [p0, lf0, r24];VLDB.POP.576 ex4, [p1, lf1, r25];                                                                                             VMAC.f dm4, dm4, ex9, ex11, r6
        2006    0x02 0x01 0x54 0x00 0x32 0x51 0x69 0x62                                                                        VLDB.POP.576 ex5, [p0, lf0, r24];                                                                                                 VMAC.f dm2, dm2, ex8, ex11, r6
        2014    0xa0 0x31 0x72 0x01 0xd4 0x1d 0x33 0x73 0x49 0x4a                                VLDA.POP.576 ex6, [p1, lf1, r25];VLDB.POP.576 ex7, [p0, lf0, r24];                                                                                              VMAC.f dm3, dm3, ex9, ex10, r6
        2024    0x03 0x02 0x14 0x00 0x34 0x8c 0xe9 0x62                                                                        VLDB.POP.576 ex8, [p1, lf1, r25];                                                                                                 VMAC.f dm4, dm4, ex6, ex7, r6
        2032    0x02 0x02 0x94 0x00 0x31 0x28 0xa9 0x62                                                                        VLDB.POP.576 ex10, [p0, lf0, r24];                                                                                                VMAC.f dm1, dm1, ex4, ex5, r6
        2040    0xa0 0x49 0x72 0x02 0xd4 0x1d 0x32 0x48 0xe9 0x4a                                VLDA.POP.576 ex9, [p1, lf1, r25];VLDB.POP.576 ex11, [p0, lf0, r24];                                                                                             VMAC.f dm2, dm2, ex4, ex7, r6
        2050    0x34 0x93 0x69 0x48                                                                                                                                                                                                                              VMAC.f dm4, dm4, ex9, ex11, r6
        2054    0x03 0x01 0x14 0x00 0x33 0x6c 0xa9 0x62                                                                        VLDB.POP.576 ex4, [p1, lf1, r25];                                                                                                 VMAC.f dm3, dm3, ex6, ex5, r6
        2062    0x02 0x01 0x54 0x00 0x31 0x31 0x49 0x62                                                                        VLDB.POP.576 ex5, [p0, lf0, r24];                                                                                                 VMAC.f dm1, dm1, ex8, ex10, r6
        2070    0x80 0x39 0x73 0x01 0x94 0x1d 0x34 0x8c 0xe9 0x4a                                VLDA.POP.576 ex7, [p0, lf0, r24];VLDB.POP.576 ex6, [p1, lf1, r25];                                                                                              VMAC.f dm4, dm4, ex6, ex7, r6
        2080    0xfd 0x48 0xf8 0x28 0x28 0x32 0x01 0x16 0x18 0x0f 0x32 0x51 0x69 0x4e            VLDA lfh1, [sp, #-384];       VLDB.FILL.512 [p0, lf0, r24];                               MOVX r25, #0;                 MOV p1, dc0;                            VMAC.f dm2, dm2, ex8, ex11, r6
        2094    0xfc 0x58 0xf4 0x01 0x28 0x42 0xc0 0xe2 0x33 0x73 0x49 0x66                      VLDA lfl1, [sp, #-512];       VLDB.POP.576 ex2, [p0, lf0, r24];                                                         MOV dn0, p1;                            VMAC.f dm3, dm3, ex9, ex10, r6
        2106    0x22 0x81 0x72 0x00 0xd4 0x1d 0x34 0x93 0x69 0x4a                                VLDA.FILL.512 [p1, lf1, r25]; VLDB.POP.576 ex3, [p0, lf0, r24];                                                                                                 VMAC.f dm4, dm4, ex9, ex11, r6
        2116    0x03 0x00 0x14 0x00 0x31 0x28 0xa9 0x62                                                                        VLDB.POP.576 ex0, [p1, lf1, r25];                                                                                                 VMAC.f dm1, dm1, ex4, ex5, r6
        2124    0x03 0x00 0x54 0x00 0x32 0x48 0xe9 0x62                                                                        VLDB.POP.576 ex1, [p1, lf1, r25];                                                                                                 VMAC.f dm2, dm2, ex4, ex7, r6
        2132    0x03 0x01 0x14 0x00 0x33 0x6c 0xa9 0x62                                                                        VLDB.POP.576 ex4, [p1, lf1, r25];                                                                                                 VMAC.f dm3, dm3, ex6, ex5, r6
        2140    0xfe 0xcd 0x62 0x01 0x54 0x01 0x34 0x8c 0xe9 0x4a                                                              VLDB.POP.576 ex5, [p0, lf0, r24];VST lfh1, [sp, #-192];                                                                           VMAC.f dm4, dm4, ex6, ex7, r6
        2150    0xa0 0x31 0x74 0x03 0xab 0xf9 0x75 0x8e 0x31 0x31 0x49 0x66                      VLDA.POP.576 ex6, [p1, lf1, r25];VLDB.POP.576 ex7, [p0, lf0, r24];VST lfl1, [sp, #-256];                                                                        VMAC.f dm1, dm1, ex8, ex10, r6
        2162    0x32 0x51 0x69 0x48                                                                                                                                                                                                                              VMAC.f dm2, dm2, ex8, ex11, r6
        2166    0x33 0x73 0x49 0x48                                                                                                                                                                                                                              VMAC.f dm3, dm3, ex9, ex10, r6
        2170    0x34 0x93 0x69 0x48                                                                                                                                                                                                                              VMAC.f dm4, dm4, ex9, ex11, r6
        2174    0x31 0x28 0xa9 0x48                                                                                                                                                                                                                              VMAC.f dm1, dm1, ex4, ex5, r6
        2178    0x32 0x48 0xe9 0x48                                                                                                                                                                                                                              VMAC.f dm2, dm2, ex4, ex7, r6
        2182    0x33 0x6c 0xa9 0x48                                                                                                                                                                                                                              VMAC.f dm3, dm3, ex6, ex5, r6
        2186    0x34 0x8c 0xe9 0x48                                                                                                                                                                                                                              VMAC.f dm4, dm4, ex6, ex7, r6
        2190    0x00 0x00                                                                        NOPX
        2192    0x00 0x00                                                                        NOPX
        2194    0x0b 0x1c 0xa3 0x18                                                                                                                          VST.CONV.bf16.fp32 cml1, [p3], #64
        2198    0x0b 0x7c 0xe3 0x18                                                                                                                          VST.CONV.bf16.fp32 cmh1, [p3], #448
        2202    0x03 0x1c 0xab 0x98                                                              VLDA.CONV.fp32.bf16 cml1, [p3], #64
        2206    0x03 0x9c 0xeb 0x98                                                              VLDA.CONV.fp32.bf16 cmh1, [p3], #-448
        2210    0x60 0x02 0x86 0x3a 0x46 0x4c                                                                                  VLDB.POP.576 ex0, [p1, lf1, r25];VST.CONV.bf16.fp32 cml2, [p3], #64
        2216    0x0b 0x7d 0x63 0x18                                                                                                                          VST.CONV.bf16.fp32 cmh2, [p3], #448
        2220    0x03 0x1d 0x2b 0x98                                                              VLDA.CONV.fp32.bf16 cml2, [p3], #64
        2224    0x73 0xad 0x70 0x04 0x31 0x20 0x49 0x62                                          VLDA.CONV.fp32.bf16 cmh2, [p3], #-448;                                                                                                                          VMAC.f dm1, dm1, ex0, ex2, r6
        2232    0x40 0x12 0x86 0x3b 0x46 0x4c                                                                                  VLDB.POP.576 ex2, [p0, lf0, r24];VST.CONV.bf16.fp32 cml3, [p3], #64
        2238    0x0b 0x7d 0xe3 0x18                                                                                                                          VST.CONV.bf16.fp32 cmh3, [p3], #448
        2242    0x63 0xb5 0x70 0x04 0x31 0x28 0xa9 0x62                                          VLDA.CONV.fp32.bf16 cml3, [p3], #64;                                                                                                                            VMAC.f dm1, dm1, ex4, ex5, r6
        2250    0x73 0xbd 0x70 0x04 0x32 0x40 0x69 0x62                                          VLDA.CONV.fp32.bf16 cmh3, [p3], #-448;                                                                                                                          VMAC.f dm2, dm2, ex0, ex3, r6
        2258    0xa0 0x09 0x74 0x01 0xab 0x1e 0x23 0x32                                          VLDA.POP.576 ex1, [p1, lf1, r25];VLDB.POP.576 ex3, [p0, lf0, r24];VST.CONV.bf16.fp32 cml4, [p3], #64
        2266    0xa0 0x21 0x74 0x02 0xab 0x7e 0x63 0x32                                          VLDA.POP.576 ex4, [p1, lf1, r25];VLDB.POP.576 ex5, [p0, lf0, r24];VST.CONV.bf16.fp32 cmh4, [p3], #448
        2274    0x63 0xc5 0x70 0x04 0x32 0x48 0xe9 0x62                                          VLDA.CONV.fp32.bf16 cml4, [p3], #64;                                                                                                                            VMAC.f dm2, dm2, ex4, ex7, r6
        2282    0x73 0xcd 0x73 0x01 0x94 0x1d 0x33 0x62 0x49 0x4a                                VLDA.CONV.fp32.bf16 cmh4, [p3], #-448;VLDB.POP.576 ex6, [p1, lf1, r25];                                                                                         VMAC.f dm3, dm3, ex1, ex2, r6
        2292    0x80 0x39 0x75 0x14 0x14 0x1d 0x31 0x20 0x49 0x4a                                VLDA.POP.576 ex7, [p0, lf0, r24];VLDB.FILL.512 [p1, lf1, r25];                                                                                                  VMAC.f dm1, dm1, ex0, ex2, r6
        2302    0x02 0x81 0x76 0x00 0x28 0x3c                                                    VLDA.FILL.512 [p0, lf0, r24]; VLDB.POP.576 ex0, [p1, lf1, r25]
        2308    0x80 0x11 0x73 0x00 0x54 0x1d 0x33 0x6c 0xa9 0x4a                                VLDA.POP.576 ex2, [p0, lf0, r24];VLDB.POP.576 ex1, [p1, lf1, r25];                                                                                              VMAC.f dm3, dm3, ex6, ex5, r6
        2318    0x80 0x19 0x73 0x01 0x14 0x1d 0x34 0x82 0x69 0x4a                                VLDA.POP.576 ex3, [p0, lf0, r24];VLDB.POP.576 ex4, [p1, lf1, r25];                                                                                              VMAC.f dm4, dm4, ex1, ex3, r6
        2328    0x02 0x01 0x54 0x00 0x32 0x40 0x69 0x62                                                                        VLDB.POP.576 ex5, [p0, lf0, r24];                                                                                                 VMAC.f dm2, dm2, ex0, ex3, r6
        2336    0xa0 0x31 0x72 0x01 0xd4 0x1d 0x33 0x62 0x49 0x4a                                VLDA.POP.576 ex6, [p1, lf1, r25];VLDB.POP.576 ex7, [p0, lf0, r24];                                                                                              VMAC.f dm3, dm3, ex1, ex2, r6
        2346    0x03 0x00 0x14 0x00 0x34 0x8c 0xe9 0x62                                                                        VLDB.POP.576 ex0, [p1, lf1, r25];                                                                                                 VMAC.f dm4, dm4, ex6, ex7, r6
        2354    0x02 0x00 0x94 0x00 0x31 0x28 0xa9 0x62                                                                        VLDB.POP.576 ex2, [p0, lf0, r24];                                                                                                 VMAC.f dm1, dm1, ex4, ex5, r6
        2362    0xa0 0x09 0x72 0x00 0xd4 0x1d 0x32 0x48 0xe9 0x4a                                VLDA.POP.576 ex1, [p1, lf1, r25];VLDB.POP.576 ex3, [p0, lf0, r24];                                                                                              VMAC.f dm2, dm2, ex4, ex7, r6
        2372    0x34 0x82 0x69 0x48                                                                                                                                                                                                                              VMAC.f dm4, dm4, ex1, ex3, r6
        2376    0x03 0x01 0x14 0x00 0x33 0x6c 0xa9 0x62                                                                        VLDB.POP.576 ex4, [p1, lf1, r25];                                                                                                 VMAC.f dm3, dm3, ex6, ex5, r6
        2384    0x02 0x01 0x54 0x00 0x31 0x20 0x49 0x62                                                                        VLDB.POP.576 ex5, [p0, lf0, r24];                                                                                                 VMAC.f dm1, dm1, ex0, ex2, r6
        2392    0x80 0x39 0x73 0x01 0x94 0x1d 0x34 0x8c 0xe9 0x4a                                VLDA.POP.576 ex7, [p0, lf0, r24];VLDB.POP.576 ex6, [p1, lf1, r25];                                                                                              VMAC.f dm4, dm4, ex6, ex7, r6
        2402    0x82 0x82 0x83 0x20 0x11 0x60 0x80 0xfa 0x32 0x40 0x69 0x66                                                    VLDB.FILL.512 [p0, lf0, r24];                               MOVX r25, #0;                 MOV p1, dn0;                            VMAC.f dm2, dm2, ex0, ex3, r6
        2414    0x02 0x00 0x94 0x00 0x33 0x62 0x49 0x62                                                                        VLDB.POP.576 ex2, [p0, lf0, r24];                                                                                                 VMAC.f dm3, dm3, ex1, ex2, r6
        2422    0x34 0x82 0x69 0x48                                                                                                                                                                                                                              VMAC.f dm4, dm4, ex1, ex3, r6
        2426    0x02 0x00 0xd4 0x00 0x31 0x28 0xa9 0x62                                                                        VLDB.POP.576 ex3, [p0, lf0, r24];                                                                                                 VMAC.f dm1, dm1, ex4, ex5, r6
        2434    0x32 0x48 0xe9 0x48                                                                                                                                                                                                                              VMAC.f dm2, dm2, ex4, ex7, r6
        2438    0x02 0x01 0x54 0x00 0x33 0x6c 0xa9 0x62                                                                        VLDB.POP.576 ex5, [p0, lf0, r24];                                                                                                 VMAC.f dm3, dm3, ex6, ex5, r6
        2446    0x34 0x8c 0xe9 0x48                                                                                                                                                                                                                              VMAC.f dm4, dm4, ex6, ex7, r6
        2450    0x02 0x01 0xd4 0x00 0x31 0x20 0x49 0x62                                                                        VLDB.POP.576 ex7, [p0, lf0, r24];                                                                                                 VMAC.f dm1, dm1, ex0, ex2, r6
        2458    0x33 0x62 0x49 0x48                                                                                                                                                                                                                              VMAC.f dm3, dm3, ex1, ex2, r6
        2462    0xfd 0xc8 0xf0 0x04 0x32 0x40 0x69 0x62                                          VLDA lfh1, [sp, #-320];                                                                                                                                         VMAC.f dm2, dm2, ex0, ex3, r6
        2470    0xfc 0xd8 0xf0 0x04 0x34 0x82 0x69 0x62                                          VLDA lfl1, [sp, #-448];                                                                                                                                         VMAC.f dm4, dm4, ex1, ex3, r6
        2478    0x05 0x14 0x14 0x00 0x31 0x28 0xa9 0x62                                                                        VLDB.FILL.512 [p1, lf1, r25];                                                                                                     VMAC.f dm1, dm1, ex4, ex5, r6
        2486    0x03 0x00 0x14 0x00 0x33 0x6c 0xa9 0x62                                                                        VLDB.POP.576 ex0, [p1, lf1, r25];                                                                                                 VMAC.f dm3, dm3, ex6, ex5, r6
        2494    0x06 0x00 0xa8 0x71 0x92 0xe6 0x32 0x48 0xe9 0x4a                                                              VLDB.POP.576 ex1, [p1, lf1, r25];                                                         VMOV lfh0, lfh1;                        VMAC.f dm2, dm2, ex4, ex7, r6
        2504    0xfb 0x0d 0x63 0x01 0x14 0x01 0x34 0x8c 0xe9 0x4a                                                              VLDB.POP.576 ex4, [p1, lf1, r25];VST lfh0, [sp, #-640];                                                                           VMAC.f dm4, dm4, ex6, ex7, r6
        2514    0x60 0x32 0x8f 0xb9 0xd6 0x4c                                                                                  VLDB.POP.576 ex6, [p1, lf1, r25];VST lfl0, [sp, #-576]
        2520    0xfb 0x08 0xf2 0xeb 0x25 0xd4                                                    VLDA lfh0, [sp, #-640];                                                                                                 VMOV lfl0, lfl1
        2526    0x0f 0xe8 0x6b 0x18                                                                                                                          VST lfh0, [sp, #-384]
        2530    0x0f 0xe0 0xeb 0x18                                                                                                                          VST lfl0, [sp, #-512]
        2534    0xfb 0x98 0xf6 0x39 0x46 0x0c                                                    VLDA lfl0, [sp, #-576];                                     VST.CONV.bf16.fp32 cml1, [p3], #64
        2540    0x0b 0x7c 0xe3 0x18                                                                                                                          VST.CONV.bf16.fp32 cmh1, [p3], #448
        2544    0x03 0x1c 0xab 0x98                                                              VLDA.CONV.fp32.bf16 cml1, [p3], #64
        2548    0x03 0x9c 0xeb 0x98                                                              VLDA.CONV.fp32.bf16 cmh1, [p3], #-448
        2552    0x60 0x02 0x86 0x3a 0x46 0x4c                                                                                  VLDB.POP.576 ex0, [p1, lf1, r25];VST.CONV.bf16.fp32 cml2, [p3], #64
        2558    0x0b 0x7d 0x63 0x18                                                                                                                          VST.CONV.bf16.fp32 cmh2, [p3], #448
        2562    0x03 0x1d 0x2b 0x98                                                              VLDA.CONV.fp32.bf16 cml2, [p3], #64
        2566    0x73 0xad 0x70 0x04 0x31 0x20 0x49 0x62                                          VLDA.CONV.fp32.bf16 cmh2, [p3], #-448;                                                                                                                          VMAC.f dm1, dm1, ex0, ex2, r6
        2574    0x40 0x12 0x86 0x3b 0x46 0x4c                                                                                  VLDB.POP.576 ex2, [p0, lf0, r24];VST.CONV.bf16.fp32 cml3, [p3], #64
        2580    0x0b 0x7d 0xe3 0x18                                                                                                                          VST.CONV.bf16.fp32 cmh3, [p3], #448
        2584    0x63 0xb5 0x70 0x04 0x31 0x28 0xa9 0x62                                          VLDA.CONV.fp32.bf16 cml3, [p3], #64;                                                                                                                            VMAC.f dm1, dm1, ex4, ex5, r6
        2592    0x73 0xbd 0x70 0x04 0x32 0x40 0x69 0x62                                          VLDA.CONV.fp32.bf16 cmh3, [p3], #-448;                                                                                                                          VMAC.f dm2, dm2, ex0, ex3, r6
        2600    0xa0 0x09 0x74 0x01 0xab 0x1e 0x23 0x32                                          VLDA.POP.576 ex1, [p1, lf1, r25];VLDB.POP.576 ex3, [p0, lf0, r24];VST.CONV.bf16.fp32 cml4, [p3], #64
        2608    0xa0 0x21 0x74 0x02 0xab 0x7e 0x63 0x32                                          VLDA.POP.576 ex4, [p1, lf1, r25];VLDB.POP.576 ex5, [p0, lf0, r24];VST.CONV.bf16.fp32 cmh4, [p3], #448
        2616    0x63 0xc5 0x70 0x04 0x32 0x48 0xe9 0x62                                          VLDA.CONV.fp32.bf16 cml4, [p3], #64;                                                                                                                            VMAC.f dm2, dm2, ex4, ex7, r6
        2624    0x73 0xcd 0x73 0x01 0x94 0x1d 0x33 0x62 0x49 0x4a                                VLDA.CONV.fp32.bf16 cmh4, [p3], #-448;VLDB.POP.576 ex6, [p1, lf1, r25];                                                                                         VMAC.f dm3, dm3, ex1, ex2, r6
        2634    0x80 0x39 0x75 0x14 0x14 0x1d 0x31 0x20 0x49 0x4a                                VLDA.POP.576 ex7, [p0, lf0, r24];VLDB.FILL.512 [p1, lf1, r25];                                                                                                  VMAC.f dm1, dm1, ex0, ex2, r6
        2644    0x02 0x81 0x76 0x00 0x28 0x3c                                                    VLDA.FILL.512 [p0, lf0, r24]; VLDB.POP.576 ex0, [p1, lf1, r25]
        2650    0x80 0x11 0x73 0x00 0x54 0x1d 0x33 0x6c 0xa9 0x4a                                VLDA.POP.576 ex2, [p0, lf0, r24];VLDB.POP.576 ex1, [p1, lf1, r25];                                                                                              VMAC.f dm3, dm3, ex6, ex5, r6
        2660    0x80 0x19 0x73 0x01 0x14 0x1d 0x34 0x82 0x69 0x4a                                VLDA.POP.576 ex3, [p0, lf0, r24];VLDB.POP.576 ex4, [p1, lf1, r25];                                                                                              VMAC.f dm4, dm4, ex1, ex3, r6
        2670    0x02 0x01 0x54 0x00 0x32 0x40 0x69 0x62                                                                        VLDB.POP.576 ex5, [p0, lf0, r24];                                                                                                 VMAC.f dm2, dm2, ex0, ex3, r6
        2678    0xa0 0x31 0x72 0x01 0xd4 0x1d 0x33 0x62 0x49 0x4a                                VLDA.POP.576 ex6, [p1, lf1, r25];VLDB.POP.576 ex7, [p0, lf0, r24];                                                                                              VMAC.f dm3, dm3, ex1, ex2, r6
        2688    0x03 0x00 0x14 0x00 0x34 0x8c 0xe9 0x62                                                                        VLDB.POP.576 ex0, [p1, lf1, r25];                                                                                                 VMAC.f dm4, dm4, ex6, ex7, r6
        2696    0x02 0x00 0x94 0x00 0x31 0x28 0xa9 0x62                                                                        VLDB.POP.576 ex2, [p0, lf0, r24];                                                                                                 VMAC.f dm1, dm1, ex4, ex5, r6
        2704    0xa0 0x09 0x72 0x00 0xd4 0x1d 0x32 0x48 0xe9 0x4a                                VLDA.POP.576 ex1, [p1, lf1, r25];VLDB.POP.576 ex3, [p0, lf0, r24];                                                                                              VMAC.f dm2, dm2, ex4, ex7, r6
        2714    0x34 0x82 0x69 0x48                                                                                                                                                                                                                              VMAC.f dm4, dm4, ex1, ex3, r6
        2718    0x03 0x01 0x14 0x00 0x33 0x6c 0xa9 0x62                                                                        VLDB.POP.576 ex4, [p1, lf1, r25];                                                                                                 VMAC.f dm3, dm3, ex6, ex5, r6
        2726    0x02 0x01 0x54 0x00 0x31 0x20 0x49 0x62                                                                        VLDB.POP.576 ex5, [p0, lf0, r24];                                                                                                 VMAC.f dm1, dm1, ex0, ex2, r6
        2734    0x80 0x39 0x73 0x01 0x94 0x1d 0x34 0x8c 0xe9 0x4a                                VLDA.POP.576 ex7, [p0, lf0, r24];VLDB.POP.576 ex6, [p1, lf1, r25];                                                                                              VMAC.f dm4, dm4, ex6, ex7, r6
        2744    0x32 0x40 0x69 0x48                                                                                                                                                                                                                              VMAC.f dm2, dm2, ex0, ex3, r6
        2748    0x33 0x62 0x49 0x48                                                                                                                                                                                                                              VMAC.f dm3, dm3, ex1, ex2, r6
        2752    0x34 0x82 0x69 0x48                                                                                                                                                                                                                              VMAC.f dm4, dm4, ex1, ex3, r6
        2756    0x31 0x28 0xa9 0x48                                                                                                                                                                                                                              VMAC.f dm1, dm1, ex4, ex5, r6
        2760    0x32 0x48 0xe9 0x48                                                                                                                                                                                                                              VMAC.f dm2, dm2, ex4, ex7, r6
        2764    0x33 0x6c 0xa9 0x48                                                                                                                                                                                                                              VMAC.f dm3, dm3, ex6, ex5, r6
        2768    0xfc 0xdd 0x60 0x02 0x34 0x8c 0xe9 0x62                                                                                                      VST lfl1, [sp, #-448];                                                                              VMAC.f dm4, dm4, ex6, ex7, r6
        2776    0xfd 0xcd 0x60 0x02 0x31 0x20 0x49 0x62                                                                                                      VST lfh1, [sp, #-320];                                                                              VMAC.f dm1, dm1, ex0, ex2, r6
        2784    0x32 0x40 0x69 0x48                                                                                                                                                                                                                              VMAC.f dm2, dm2, ex0, ex3, r6
        2788    0x33 0x62 0x49 0x48                                                                                                                                                                                                                              VMAC.f dm3, dm3, ex1, ex2, r6
        2792    0x31 0x28 0xa9 0x48                                                                                                                                                                                                                              VMAC.f dm1, dm1, ex4, ex5, r6
        2796    0x32 0x48 0xe9 0x48                                                                                                                                                                                                                              VMAC.f dm2, dm2, ex4, ex7, r6
        2800    0x34 0x82 0x69 0x48                                                                                                                                                                                                                              VMAC.f dm4, dm4, ex1, ex3, r6
        2804    0x33 0x6c 0xa9 0x48                                                                                                                                                                                                                              VMAC.f dm3, dm3, ex6, ex5, r6
        2808    0x00 0x00                                                                        NOPX
        2810    0x34 0x8c 0xe9 0x48                                                                                                                                                                                                                              VMAC.f dm4, dm4, ex6, ex7, r6
        2814    0x0b 0x1c 0xa3 0x18                                                                                                                          VST.CONV.bf16.fp32 cml1, [p3], #64
        2818    0x0b 0x1c 0xe3 0x18                                                                                                                          VST.CONV.bf16.fp32 cmh1, [p3], #64
        2822    0x0b 0x1d 0x23 0x18                                                                                                                          VST.CONV.bf16.fp32 cml2, [p3], #64
        2826    0x0b 0x1d 0x63 0x18                                                                                                                          VST.CONV.bf16.fp32 cmh2, [p3], #64
        2830    0x0b 0x1d 0xa3 0x18                                                                                                                          VST.CONV.bf16.fp32 cml3, [p3], #64
        2834    0x0b 0x1d 0xe3 0x18                                                                                                                          VST.CONV.bf16.fp32 cmh3, [p3], #64
        2838    0x00 0x2c 0xf3 0x1e 0x23 0x00 0x00 0x00 0x00 0x7a                                NOPA;                                                       VST.CONV.bf16.fp32 cml4, [p3], #64;NOPX
.label ZLE_Fmatmul_vectorized_bfp16_1536
.end_of_loop
        2848    0x00 0x2c 0xf0 0x00 0x23 0x1e 0x63 0x00 0x00 0x00 0x01 0xa5 0x78 0x00 0x00 0xe1  NOPA;                         NOPB;                         VST.CONV.bf16.fp32 cmh4, [p3], #64;NOPX;                    NOPM;                                   NOPV
.loop_nesting 1
        2864    0x10 0xc7 0x20 0x18                                                                                                                                                        JNZD r3, r3, p4
        2868    0x3b 0x0b 0x90 0x18                                                                                            PADDB [p3], m0
        2872    0x00 0x00                                                                        NOPX
        2874    0x00 0x00                                                                        NOPX
        2876    0x00 0x00                                                                        NOPX
        2878    0x00 0x00                                                                        NOPX
.loop_nesting 0
        2880    0x20 0x00 0x00 0x00 0x01 0xea 0x37 0x88 0x10 0xba                                MOVA r0, #256;                                                                            MOVXM p4, #503568
        2890    0x04 0x04 0x56 0x98                                                              LDA r2, [p4]
        2894    0x00 0x00                                                                        NOPX
        2896    0x00 0x00                                                                        NOPX
        2898    0x00 0x00                                                                        NOPX
        2900    0x00 0x00                                                                        NOPX
        2902    0x00 0x00                                                                        NOPX
        2904    0x00 0x00                                                                        NOPX
        2906    0x18 0x91 0x00 0x98                                                                                                                                                                                      ADD.NC r2, r2, #1
        2910    0x10 0x80 0x08 0x98                                                                                                                                                        NE r0, r2, r0
        2914    0x00 0x06 0x50 0x40 0x01 0x84                                                                                                                                              JNZ r0, #3232
        2920    0x0c 0x04 0x51 0x98                                                                                                                          ST r2, [p4]
        2924    0x00 0x00                                                                        NOPX
        2926    0x00 0x00                                                                        NOPX
        2928    0x00 0x00                                                                        NOPX
        2930    0x00 0x00                                                                        NOPX
        2932    0x10 0x05 0x44 0x1f 0x20 0x00 0x00 0x37 0xbf 0x02 0x71 0x11 0x60 0x7e            MOVA lc, #128;                PADDB [p2], #0;               MOVS p3, p2;                  MOVXM le, #3056
        2946    0x00 0x2c 0xf0 0x00 0x20 0x00 0x00 0x0f 0xb9 0x02 0x80 0x86 0x30 0x7e            NOPA;                         NOPB;                         ST r1, [p4];                  MOVXM ls, #2960
.label ZLS_Fmatmul_vectorized_bfp16_1648
.loop_nesting 1
.begin_of_loop
        2960    0x03 0x1c 0xab 0x98                                                              VLDA.CONV.fp32.bf16 cml1, [p3], #64
        2964    0x03 0x1c 0xeb 0x98                                                              VLDA.CONV.fp32.bf16 cmh1, [p3], #64
        2968    0x00 0x00                                                                        NOPX
        2970    0x00 0x00                                                                        NOPX
        2972    0x00 0x00                                                                        NOPX
        2974    0x00 0x00                                                                        NOPX
        2976    0x00 0x2c 0xf0 0x00 0x20 0x01 0x5b 0x00 0x00 0x00 0x01 0xa5 0x78 0x00 0x00 0xe1  NOPA;                         NOPB;                         NOPS;                         NOPX;                         NOPM;                                   NOPV
        2992    0x00 0x2c 0xf0 0x00 0x20 0x01 0x5b 0x00 0x00 0x00 0x01 0xa5 0x78 0x00 0x00 0xe1  NOPA;                         NOPB;                         NOPS;                         NOPX;                         NOPM;                                   NOPV
        3008    0x00 0x2c 0xf0 0x00 0x25 0x80 0x83 0x00 0x00 0x00 0x01 0xa5 0x78 0x00 0x00 0xe1  NOPA;                         NOPB;                         VST.PUSH.576.CONV.bfp16ebs8.fp32 dm1, [p2, sf, r26];NOPX;   NOPM;                                   NOPV
        3024    0x00 0x2c 0xf0 0x00 0x21 0x00 0x03 0x00 0x00 0x00 0x01 0xa5 0x78 0x00 0x00 0xe1  NOPA;                         NOPB;                         VST.FLUSH.512.CONV [p2, sf, r26];NOPX;                      NOPM;                                   NOPV
        3040    0x00 0x2c 0xf0 0x00 0x20 0x01 0x5b 0x00 0x00 0x00 0x01 0xa5 0x78 0x00 0x00 0xe1  NOPA;                         NOPB;                         NOPS;                         NOPX;                         NOPM;                                   NOPV
.label ZLE_Fmatmul_vectorized_bfp16_1744
.end_of_loop
        3056    0x00 0x2c 0xf0 0x00 0x20 0x01 0x5b 0x00 0x00 0x00 0x01 0xa5 0x78 0x00 0x00 0xe1  NOPA;                         NOPB;                         NOPS;                         NOPX;                         NOPM;                                   NOPV
.loop_nesting 0
        3072    0x0f 0x85 0x41 0x84 0x0b 0x00 0x00 0x00 0x7e 0x30 0x10 0x76                      MOVA lc, #124;                                              MOVS p1, r4;                  MOVXM ls, #3168
        3084    0x23 0xa5 0x70 0x00 0x00 0x01 0xbe 0x38 0x10 0xba                                VLDA.CONV.fp32.bf16 cml2, [p1], #64;                                                      MOVXM le, #3184
        3094    0x23 0xad 0x70 0x3f 0xff 0xf0 0x00 0x00 0x10 0xba                                VLDA.CONV.fp32.bf16 cmh2, [p1], #64;                                                      MOVXM m0, #-16384
        3104    0x23 0xa5 0x76 0x17 0x20 0x00 0x00 0x08 0x02 0x00 0x10 0xb6                      VLDA.CONV.fp32.bf16 cml2, [p1], #64;PADDB [p3], m0;                                       MOVXM m0, #9216
        3116    0x23 0xad 0x70 0x01 0xa0 0x09 0x33 0x60 0x78 0xba                                VLDA.CONV.fp32.bf16 cmh2, [p1], #64;                                                      MOVX r26, #0;                 MOV p2, p3
        3126    0x23 0xa5 0x74 0x17 0x20 0x3c                                                    VLDA.CONV.fp32.bf16 cml2, [p1], #64;PADDB [p2], m0
        3132    0x01 0x1d 0x6b 0x98                                                              VLDA.CONV.fp32.bf16 cmh2, [p1], #64
        3136    0x23 0xa5 0x70 0x00 0x20 0x01 0x5b 0x00 0x00 0x00 0x01 0xa5 0x78 0x00 0x00 0xe1  VLDA.CONV.fp32.bf16 cml2, [p1], #64;NOPB;                   NOPS;                         NOPX;                         NOPM;                                   NOPV
        3152    0x23 0xad 0x70 0x00 0x20 0x01 0x5b 0x00 0x00 0x00 0x01 0xa5 0x78 0x00 0x00 0xe1  VLDA.CONV.fp32.bf16 cmh2, [p1], #64;NOPB;                   NOPS;                         NOPX;                         NOPM;                                   NOPV
.label ZLS_Fmatmul_vectorized_bfp16_1856
.loop_nesting 1
.begin_of_loop
        3168    0x23 0xa5 0x70 0x00 0x25 0x81 0x03 0x00 0x00 0x00 0x01 0xa5 0x78 0x00 0x00 0xe1  VLDA.CONV.fp32.bf16 cml2, [p1], #64;NOPB;                   VST.PUSH.576.CONV.bfp16ebs8.fp32 dm2, [p2, sf, r26];NOPX;   NOPM;                                   NOPV
.label ZLE_Fmatmul_vectorized_bfp16_1872
.end_of_loop
        3184    0x23 0xad 0x70 0x00 0x21 0x00 0x03 0x00 0x00 0x00 0x01 0xa5 0x78 0x00 0x00 0xe1  VLDA.CONV.fp32.bf16 cmh2, [p1], #64;NOPB;                   VST.FLUSH.512.CONV [p2, sf, r26];NOPX;                      NOPM;                                   NOPV
.loop_nesting 0
        3200    0x0d 0x81 0x03 0x18                                                                                                                          VST.PUSH.576.CONV.bfp16ebs8.fp32 dm2, [p2, sf, r26]
        3204    0x09 0x00 0x03 0x18                                                                                                                          VST.FLUSH.512.CONV [p2, sf, r26]
        3208    0x0d 0x81 0x03 0x18                                                                                                                          VST.PUSH.576.CONV.bfp16ebs8.fp32 dm2, [p2, sf, r26]
        3212    0x09 0x00 0x03 0x18                                                                                                                          VST.FLUSH.512.CONV [p2, sf, r26]
        3216    0x0d 0x81 0x03 0x18                                                                                                                          VST.PUSH.576.CONV.bfp16ebs8.fp32 dm2, [p2, sf, r26]
        3220    0x09 0x00 0x03 0x18                                                                                                                          VST.FLUSH.512.CONV [p2, sf, r26]
        3224    0x0d 0x81 0x03 0x18                                                                                                                          VST.PUSH.576.CONV.bfp16ebs8.fp32 dm2, [p2, sf, r26]
        3228    0x09 0x00 0x03 0x18                                                                                                                          VST.FLUSH.512.CONV [p2, sf, r26]
.label TGT_Fmatmul_vectorized_bfp16_1920
        3232    0x10 0x28 0x00 0x18                                                                                                                                                        RET lr
        3236    0xff 0xb0 0x00 0x00 0x01 0xc4                                                                                                                                              PADDXM [sp], #-640
        3242    0x00 0x00                                                                        NOPX
        3244    0x00 0x00                                                                        NOPX
        3246    0x00 0x00                                                                        NOPX
        3248    0x00 0x00                                                                        NOPX
.label matmul_vectorized_bfp16__end

.text_segment PM   3264
.label zero_kernel
.function_start
        3264    0x00 0x40 0x20 0x21 0x81 0xe4                                                                                                                                              MOVX r1, #0;                  MOV r0, p0
        3270    0x00 0x00 0x41 0x20 0x00 0x44                                                                                                                                              MOVXM r2, #16384
        3276    0x10 0x40 0x10 0x0a 0xe5 0xe4                                                                                                                                              ADD r1, r2, r0;               VBCST.16 x0, r1
        3282    0x10 0x04 0x1b 0x98                                                                                                                                                        GEU r2, r0, r1
        3286    0x10 0x06 0xc8 0x40 0x01 0x84                                                                                                                                              JNZ r2, #3472
        3292    0x18 0x00 0x92 0xf8                                                                                                                                                                                      VMOV bmll0, x0
        3296    0x00 0x00                                                                        NOPX
        3298    0x00 0x00                                                                        NOPX
        3300    0x00 0x00                                                                        NOPX
        3302    0x00 0x00                                                                        NOPX
        3304    0x00 0x20 0x00 0x5f 0x20 0x44 0x01 0x8d 0xff 0x2b 0x30 0x11 0x60 0x7e            MOVA r0, #1;                  PADDB [p0], #128;             MOVS p1, p0;                  SUB r2, r1, r0;               MOV r3, #-7
        3318    0x11 0x3f 0xe1 0x21 0x81 0xe4                                                                                                                                              ADD r4, r2, #-1;              MOV r2, p0
        3324    0x11 0x06 0x3e 0x98                                                                                                                                                        ASHL r3, r4, r3
        3328    0x16 0xc3 0x90 0xa3 0x01 0x24                                                                                                                                              LTU r27, r2, r1;              ADD.NC r1, r3, #1
        3334    0x10 0x00 0x12 0x18                                                                                                                                                        SEL.EQZ r0, r0, r1, r27
        3338    0x00 0x00 0x01 0xfa 0xe0 0x44                                                                                                                                              MOVXM ls, #3440
        3344    0x00 0x00 0x06 0xfb 0x00 0x44                                                                                                                                              MOVXM le, #3456
        3350    0x00 0x2c 0xf0 0x00 0x10 0x02 0xb8 0x10 0x7e 0xba                                NOPA;                         NOPB;                                                                                     MOV lc, r0
        3360    0x00 0x2c 0xf0 0x00 0x20 0x01 0x5b 0x00 0x00 0x00 0x01 0xa5 0x78 0x00 0x00 0xe1  NOPA;                         NOPB;                         NOPS;                         NOPX;                         NOPM;                                   NOPV
        3376    0x00 0x2c 0xf0 0x00 0x20 0x01 0x5b 0x00 0x00 0x00 0x01 0xa5 0x78 0x00 0x00 0xe1  NOPA;                         NOPB;                         NOPS;                         NOPX;                         NOPM;                                   NOPV
        3392    0x00 0x2c 0xf0 0x00 0x20 0x01 0x5b 0x00 0x00 0x00 0x01 0xa5 0x78 0x00 0x00 0xe1  NOPA;                         NOPB;                         NOPS;                         NOPX;                         NOPM;                                   NOPV
        3408    0x00 0x2c 0xf0 0x00 0x20 0x01 0x5b 0x00 0x00 0x00 0x01 0xa5 0x78 0x00 0x00 0xe1  NOPA;                         NOPB;                         NOPS;                         NOPX;                         NOPM;                                   NOPV
        3424    0x00 0x2c 0xf0 0x00 0x20 0x01 0x5b 0x00 0x00 0x00 0x01 0xa5 0x78 0x00 0x00 0xe1  NOPA;                         NOPB;                         NOPS;                         NOPX;                         NOPM;                                   NOPV
.label ZLS_Fzero_kernel_176
.loop_nesting 1
.begin_of_loop
        3440    0x00 0x2c 0xf0 0x00 0x21 0x1c 0x06 0x80 0x00 0x00 0x01 0xa5 0x78 0x00 0x00 0xe1  NOPA;                         NOPB;                         VST bmll0, [p1], #64;         NOPX;                         NOPM;                                   NOPV
.label ZLE_Fzero_kernel_192
.end_of_loop
        3456    0x00 0x2c 0xf0 0x00 0x21 0x1c 0x06 0x80 0x00 0x00 0x01 0xa5 0x78 0x00 0x00 0xe1  NOPA;                         NOPB;                         VST bmll0, [p1], #64;         NOPX;                         NOPM;                                   NOPV
.label TGT_Fzero_kernel_208
.loop_nesting 0
        3472    0x20 0x05 0x40 0x00 0x00 0x00 0x7e 0xf8 0x10 0xba                                MOVA lc, #256;                                                                            MOVXM ls, #3568
        3482    0x00 0x00 0x06 0xfc 0x00 0x44                                                                                                                                              MOVXM le, #3584
        3488    0x00 0x2c 0xf0 0x00 0x20 0x01 0x5b 0x00 0x01 0xe8 0x37 0xa0 0x10 0x00 0x00 0xe1  NOPA;                         NOPB;                         NOPS;                         MOVXM p0, #503616;                                                    NOPV
        3504    0x00 0x2c 0xf0 0x00 0x20 0x01 0x5b 0x00 0x00 0x00 0x01 0xa5 0x78 0x00 0x00 0xe1  NOPA;                         NOPB;                         NOPS;                         NOPX;                         NOPM;                                   NOPV
        3520    0x00 0x2c 0xf0 0x00 0x20 0x01 0x5b 0x00 0x00 0x00 0x01 0xa5 0x78 0x00 0x00 0xe1  NOPA;                         NOPB;                         NOPS;                         NOPX;                         NOPM;                                   NOPV
        3536    0x00 0x2c 0xf0 0x00 0x20 0x01 0x5b 0x00 0x00 0x00 0x01 0xa5 0x78 0x00 0x00 0xe1  NOPA;                         NOPB;                         NOPS;                         NOPX;                         NOPM;                                   NOPV
        3552    0x00 0x2c 0xf0 0x00 0x20 0x01 0x5b 0x00 0x00 0x00 0x01 0xa5 0x78 0x00 0x00 0xe1  NOPA;                         NOPB;                         NOPS;                         NOPX;                         NOPM;                                   NOPV
.label ZLS_Fzero_kernel_304
.loop_nesting 1
.begin_of_loop
        3568    0x00 0x2c 0xf0 0x00 0x20 0x1c 0x06 0x80 0x00 0x00 0x01 0xa5 0x78 0x00 0x00 0xe1  NOPA;                         NOPB;                         VST bmll0, [p0], #64;         NOPX;                         NOPM;                                   NOPV
.label ZLE_Fzero_kernel_320
.end_of_loop
        3584    0x00 0x2c 0xf0 0x00 0x20 0x1c 0x06 0x80 0x00 0x00 0x01 0xa5 0x78 0x00 0x00 0xe1  NOPA;                         NOPB;                         VST bmll0, [p0], #64;         NOPX;                         NOPM;                                   NOPV
.loop_nesting 0
        3600    0x10 0x28 0x00 0x18                                                                                                                                                        RET lr
        3604    0x00 0x00                                                                        NOPX
        3606    0x00 0x00                                                                        NOPX
        3608    0x00 0x00                                                                        NOPX
        3610    0x00 0x00                                                                        NOPX
        3612    0x00 0x00                                                                        NOPX
.label zero_kernel__end

.text_segment PM   3616
.label _fini
.function_start
        3616    0x00 0x08 0x00 0x00 0x01 0xc4                                                                                                                                              PADDXM [sp], #64
        3622    0xfe 0xba 0xb0 0x00 0x00 0x02 0x08 0x00 0x11 0x3a                                                                                            ST r14, [sp, #-12];           MOVXM r16, #0
        3632    0xff 0x73 0xb0 0x00 0x00 0x01 0xc8 0x00 0x11 0x3a                                                                                            ST p7, [sp, #-8];             MOVXM r14, #0
        3642    0x74 0x20 0xfe 0xd0 0x41 0xe4                                                                                                                                              EQ r16, r14, r16;             MOV p7, r16
        3648    0x80 0x07 0x50 0x40 0x01 0x84                                                                                                                                              JNZ r16, #3744
        3654    0x0f 0xfd 0xf5 0x98                                                                                                                          ST r15, [sp, #-4]
        3658    0x0f 0xf0 0x3d 0x98                                                                                                                          ST lr, [sp, #-16]
        3662    0x00 0x00                                                                        NOPX
        3664    0x00 0x00                                                                        NOPX
        3666    0x00 0x2c 0xf0 0x02 0xb6 0x00 0x00 0x40 0x1a 0x57 0x00 0x00 0x1c 0x2e            NOPA;                                                       NOPS;                                                       NOPM;                                   NOPV
.label TGT_F_fini_64
.loop_nesting 1
        3680    0x07 0x1c 0x1e 0x98                                                              LDA p0, [p7], #4
        3684    0x00 0x00                                                                        NOPX
        3686    0x00 0x00                                                                        NOPX
        3688    0x00 0x00                                                                        NOPX
        3690    0x00 0x00                                                                        NOPX
        3692    0x00 0x00                                                                        NOPX
        3694    0x00 0x00                                                                        NOPX
.no_stack_arguments
        3696    0x10 0x30 0x00 0x18                                                                                                                                                        JL p0
        3700    0x1b 0xde 0xc0 0xf8                                                                                                                                                                                      MOV r15, p7
        3704    0x00 0x00                                                                        NOPX
        3706    0x00 0x00                                                                        NOPX
        3708    0x00 0x00                                                                        NOPX
        3710    0x00 0x00                                                                        NOPX
.return_address
        3712    0x13 0xe0 0xe8 0x98                                                                                                                                                        NE r16, r15, r14
        3716    0x80 0x07 0x30 0x40 0x01 0x84                                                                                                                                              JNZ r16, #3680
        3722    0x00 0x00                                                                        NOPX
        3724    0x00 0x00                                                                        NOPX
        3726    0x00 0x00                                                                        NOPX
        3728    0x00 0x00                                                                        NOPX
        3730    0x00 0x2c 0xf0 0x02 0xb6 0x00 0x00 0x40 0x1a 0x57 0x00 0x00 0x1c 0x2e            NOPA;                                                       NOPS;                                                       NOPM;                                   NOPV
.label TGT_F_fini_128
.loop_nesting 0
        3744    0x07 0xf0 0x39 0x18                                                              LDA lr, [sp, #-16]
        3748    0x07 0xf5 0xd1 0x18                                                              LDA r14, [sp, #-12]
        3752    0x07 0xfd 0xf1 0x18                                                              LDA r15, [sp, #-4]
        3756    0x07 0xfb 0x99 0x18                                                              LDA p7, [sp, #-8]
        3760    0x00 0x00                                                                        NOPX
        3762    0x00 0x00                                                                        NOPX
        3764    0x00 0x00                                                                        NOPX
        3766    0x10 0x28 0x00 0x18                                                                                                                                                        RET lr
        3770    0x00 0x00                                                                        NOPX
        3772    0x00 0x00                                                                        NOPX
        3774    0x00 0x00                                                                        NOPX
        3776    0x00 0x00                                                                        NOPX
        3778    0xff 0xf8 0x00 0x00 0x01 0xc4                                                                                                                                              PADDXM [sp], #-64
.label _fini__end

.text_segment PM   3792
.label __cxa_finalize
.function_start
        3792    0xff 0xa1 0x00 0x00 0x01 0xe8 0x37 0x9c 0x10 0xba                                MOVA r1, #-3;                                                                             MOVXM p0, #503608
        3802    0x00 0x8a 0xd0 0x00 0x41 0x08 0x6f 0xe0 0x78 0xba                                LDA r2, [p0];                                                                             MOVX r4, #8;                  MOV r3, srsSign1
        3812    0x00 0x92 0x30 0x00 0x02 0x00 0x00 0x00 0x71 0x3a                                                                                            ST r4, [p0];                  PADDXM [sp], #64
        3822    0xfa 0x8e 0xb0 0x00 0x6b 0xe0 0x70 0x02                                                                                                      ST r3, [sp, #-44];                                          MOV r3, srsSign0
        3830    0xfc 0x0e 0xb0 0x00 0x6d 0xe0 0x70 0x02                                                                                                      ST r3, [sp, #-32];                                          MOV r3, packSign1
        3838    0xfc 0x8e 0xb0 0x00 0x69 0xe0 0x70 0x02                                                                                                      ST r3, [sp, #-28];                                          MOV r3, packSign0
        3846    0xfd 0x8e 0xb0 0x00 0x6a 0x70 0x70 0x02                                                                                                      ST r3, [sp, #-20];                                          MOV r3, crSat
        3854    0xfe 0x0e 0xb0 0x00 0x6c 0x70 0x70 0x02                                                                                                      ST r3, [sp, #-16];                                          MOV r3, crSRSMode
        3862    0xfe 0x8e 0xb0 0x04 0x2f 0x18 0x6b 0xb0 0x79 0x3a                                                                                            ST r3, [sp, #-12];            ADD r2, r2, #-8;              MOV r3, crPackSize
        3872    0xff 0x0e 0xb0 0x04 0xd0 0xf4 0x2f 0xb0 0x79 0x3a                                                                                            ST r3, [sp, #-8];             ASHL r13, r2, r1;             MOV r1, crRnd
        3882    0xff 0x86 0xb0 0x00 0x29 0x70 0x70 0x02                                                                                                      ST r1, [sp, #-4];                                           MOV r1, crUnpackSize
        3890    0xfd 0x06 0xb0 0x00 0x2e 0x70 0x70 0x02                                                                                                      ST r1, [sp, #-24];                                          MOV r1, crUPSMode
        3898    0xfb 0x86 0xb0 0x00 0x01 0xe8 0x2f 0x8c 0x11 0x3a                                                                                            ST r1, [sp, #-36];            MOVXM r1, #503576
        3908    0xfb 0x07 0xb0 0x03 0x30 0x44 0xa0 0x02                                                                                                      ST lr, [sp, #-40];                                          ADD.NC p6, r1, r2
        3916    0x1a 0x58 0x60 0xf8                                                                                                                                                                                      MOV r9, upsSign1
        3920    0x1a 0x10 0x60 0xf8                                                                                                                                                                                      MOV r8, upsSign0
        3924    0x1a 0xda 0x60 0xf8                                                                                                                                                                                      MOV r11, vaddSign1
        3928    0x1a 0x92 0x60 0xf8                                                                                                                                                                                      MOV r10, vaddSign0
        3932    0x1b 0x1c 0x60 0xf8                                                                                                                                                                                      MOV r12, unpackSign1
        3936    0x1b 0x94 0x60 0xf8                                                                                                                                                                                      MOV r14, unpackSign0
        3940    0x00 0x2c 0xf0 0x00 0x20 0x00 0x00 0x03 0xb7 0xb8 0x10 0xb6                      NOPA;                         NOPB;                                                       MOVXM p7, #3952
.label TGT_F__cxa_finalize_160
.loop_nesting 1
        3952    0x06 0x1c 0x9e 0x98                                                              LDA p1, [p6], #4
        3956    0x06 0xdc 0x1e 0x98                                                              LDA p0, [p6], #-12
        3960    0x00 0x00                                                                        NOPX
        3962    0x00 0x00                                                                        NOPX
        3964    0x00 0x00                                                                        NOPX
        3966    0x00 0x00                                                                        NOPX
        3968    0x00 0x00                                                                        NOPX
.no_stack_arguments
        3970    0x10 0x30 0x40 0x18                                                                                                                                                        JL p1
        3974    0x00 0x00                                                                        NOPX
        3976    0x00 0x00                                                                        NOPX
        3978    0x00 0x00                                                                        NOPX
        3980    0x00 0x01 0x67 0x98                                                              NOPA
        3984    0x00 0x2c 0xf0 0x00 0x20 0x01 0x5b 0x00 0x00 0x01 0xe8 0x10 0x78 0x00 0x00 0xe1  NOPA;                         NOPB;                         NOPS;                         NOPX;                         MOV r15, r0;                            NOPV
.return_address
        4000    0x13 0x5b 0xe0 0x18                                                                                                                                                        JNZD r13, r13, p7
        4004    0x18 0x17 0xa0 0xf8                                                                                                                                                                                      MOV r0, r15
        4008    0x00 0x00                                                                        NOPX
        4010    0x00 0x00                                                                        NOPX
        4012    0x00 0x00                                                                        NOPX
        4014    0x00 0x00                                                                        NOPX
.loop_nesting 0
        4016    0xfa 0x86 0x20 0x17 0xf2 0x02 0x1a 0x50 0x78 0xba                                LDA r1, [sp, #-44];                                                                       MOVX vaddSign1, r11;          MOV upsSign1, r9
        4026    0xfc 0x8e 0x20 0x15 0xd2 0x00 0x1a 0x10 0x78 0xba                                LDA r3, [sp, #-28];                                                                       MOVX vaddSign0, r10;          MOV upsSign0, r8
        4036    0xfb 0x07 0x26 0x7b 0x80 0x2c                                                    LDA lr, [sp, #-40];                                                                       MOVX unpackSign1, r12
        4042    0xfc 0x0a 0x27 0x73 0x80 0x2c                                                    LDA r2, [sp, #-32];                                                                       MOVX unpackSign0, r14
        4048    0x07 0xec 0xf1 0x18                                                              LDA r7, [sp, #-20]
        4052    0x07 0xf0 0x91 0x18                                                              LDA r4, [sp, #-16]
        4056    0x07 0xf4 0xb1 0x18                                                              LDA r5, [sp, #-12]
        4060    0xff 0x1a 0x20 0xf9 0x80 0x2c                                                    LDA r6, [sp, #-8];                                                                        MOVX srsSign1, r1
        4066    0xff 0x86 0x21 0xf8 0x80 0x2c                                                    LDA r1, [sp, #-4];                                                                        MOVX packSign1, r3
        4072    0x07 0xe8 0x51 0x18                                                              LDA r2, [sp, #-24]
        4076    0x07 0xdc 0x71 0x18                                                              LDA r3, [sp, #-36]
        4080    0x00 0x00                                                                        NOPX
        4082    0x10 0x28 0x00 0x18                                                                                                                                                        RET lr
        4086    0xff 0xf8 0x00 0x00 0x01 0xc4                                                                                                                                              PADDXM [sp], #-64
        4092    0x17 0x18 0x03 0xc7 0x41 0xe4                                                                                                                                              MOVX srsSign0, r2;            MOV packSign0, r7
        4098    0x27 0x70 0x08 0xe5 0x41 0xe4                                                                                                                                              MOVX crSat, r4;               MOV crSRSMode, r5
        4104    0x37 0x40 0x0f 0x61 0x41 0xe4                                                                                                                                              MOVX crPackSize, r6;          MOV crRnd, r1
        4110    0x17 0x90 0x0c 0xe3 0x41 0xe4                                                                                                                                              MOVX crUnpackSize, r2;        MOV crUPSMode, r3
.label __cxa_finalize__end

.bss_segment DMb 503564	    8

.bss_segment DMb 503572	    1

.data_segment DMb 503576
.label _ZL7atexits
	0x20
	0xe
	0x0
	0x0
	0x0
	0x0
	0x0
	0x0
	0x0
	0x0
	0x0
	0x0
	0x0
	0x0
	0x0
	0x0
	0x0
	0x0
	0x0
	0x0
	0x0
	0x0
	0x0
	0x0
	0x0
	0x0
	0x0
	0x0
	0x0
	0x0
	0x0
	0x0
.label _ZL10atexit_cnt
	0x8
	0x0
	0x0
	0x0

.bss_segment DMb 503616	    16384

.stack DM_stack 458752 462080
