
// File generated by darts version U-2023.06#b8bbc031dd#240626, Tue Sep 30 20:54:47 2025
// Copyright 2014-2023 Synopsys, Inc. All rights reserved.
// darts -I/tools/ryzen_ai-1.3.0/vitis_aie_essentials/data/aie2p/lib -d -h -I/tools/ryzen_ai-1.3.0/vitis_aie_essentials/include -I/tools/ryzen_ai-1.3.0/vitis_aie_essentials/data/aie2p/lib/runtime_cxx/libcxx-lite/include -I/tools/ryzen_ai-1.3.0/vitis_aie_essentials/data/aie2p/lib/runtime_cxx/libs/libcxx-9.0.0/include-lite -I/tools/ryzen_ai-1.3.0/vitis_aie_essentials/data/aie2p/lib/runtime/include -D__AIENGINE__ -D__AIE_ARCH__=21 -D__AIEARCH__=21 -D__tct_tgt__=240628 -L +Ihex +nanno +u core_0_2.elf me

// Release: ipp U-2023.06-TGT-240628

.text_segment PM      0
.entry_point
.label __AIE_ARCH_MODEL_VERSION__21011000__inlined__1__me_basic___main_init_
.label _main_init
.function_start
           0    0x00 0x07 0x09 0xe0 0x00 0x44                                                                                                                                              MOVXM sp, #458752
           6    0x00 0x00 0x04 0x20 0x00 0x44                                                                                                                                              MOVXM r8, #0
          12    0x00 0x00 0x08 0x20 0x00 0x44                                                                                                                                              MOVXM r16, #0
          18    0x12 0x21 0x07 0x98                                                                                                                                                        EQ r16, r8, r16
          22    0x80 0x00 0x40 0x40 0x01 0x84                                                                                                                                              JNZ r16, #128
          28    0x00 0x00                                                                        NOPX
          30    0x00 0x00                                                                        NOPX
          32    0x00 0x00                                                                        NOPX
          34    0x00 0x00                                                                        NOPX
          36    0x00 0x00                                                                        NOPX
          38    0xf0 0x11 0x60 0x3f 0xff 0xff 0x37 0xfe 0x11 0x3a                                                                                            MOVS p7, p0;                  MOVXM p6, #-4
          48    0x00 0x2c 0xf0 0x00 0x20 0x01 0x5b 0x00 0x00 0x01 0x28 0x50 0x78 0x00 0x00 0xe1  NOPA;                         NOPB;                         NOPS;                         NOPX;                         MOV r9, r1;                             NOPV
.label TGT_F_main_init_64
.loop_nesting 1
          64    0xdf 0x83 0xd5 0x39 0x81 0xd4                                                    LDA p0, [p6], #-4;                                                                                                      MOV r10, p6
          70    0x00 0x00                                                                        NOPX
          72    0x00 0x00                                                                        NOPX
          74    0x00 0x00                                                                        NOPX
          76    0x00 0x00                                                                        NOPX
          78    0x00 0x00                                                                        NOPX
          80    0x00 0x00                                                                        NOPX
.no_stack_arguments
          82    0x10 0x30 0x00 0x18                                                                                                                                                        JL p0
          86    0x00 0x00                                                                        NOPX
          88    0x00 0x00                                                                        NOPX
          90    0x00 0x00                                                                        NOPX
          92    0x00 0x00                                                                        NOPX
          94    0x00 0x00                                                                        NOPX
.return_address
          96    0x12 0xa0 0x88 0x98                                                                                                                                                        NE r16, r10, r8
         100    0x80 0x00 0x20 0x40 0x01 0x84                                                                                                                                              JNZ r16, #64
         106    0x00 0x00                                                                        NOPX
         108    0x00 0x00                                                                        NOPX
         110    0x00 0x00                                                                        NOPX
         112    0x00 0x00                                                                        NOPX
         114    0x00 0x00                                                                        NOPX
.loop_nesting 0
         116    0x00 0x2c 0xf0 0x00 0x20 0x9c 0x8b 0x00 0x2a 0x50 0x70 0xf6                      NOPA;                         NOPB;                         MOVS p0, p7;                                                MOV r1, r9
.label TGT_F_main_init_128
.no_stack_arguments
         128    0x00 0x00 0x70 0x00 0x01 0x04                                                                                                                                              JL #224
         134    0x00 0x00                                                                        NOPX
         136    0x00 0x00                                                                        NOPX
         138    0x00 0x00                                                                        NOPX
         140    0x00 0x00                                                                        NOPX
         142    0x00 0x00                                                                        NOPX
.return_address
.no_stack_arguments
         144    0x00 0x05 0x98 0x00 0x01 0x04                                                                                                                                              JL #2864
         150    0x18 0x60 0x00 0xb8                                                                                                                                                                                      MOV p0, #0
         154    0x00 0x00                                                                        NOPX
         156    0x00 0x00                                                                        NOPX
         158    0x00 0x00                                                                        NOPX
         160    0x00 0x2c 0xf0 0x00 0x20 0x01 0x5b 0x00 0x00 0x00 0x01 0xa5 0x78 0x00 0x00 0xe1  NOPA;                         NOPB;                         NOPS;                         NOPX;                         NOPM;                                   NOPV
.return_address
.swstall chess_separator_scheduler
         176    0x00 0x00                                                                        NOPX
.swstall chess_separator_scheduler
         178    0x00 0x00                                                                        NOPX
.swstall chess_separator_scheduler
         180    0x00 0x00                                                                        NOPX
.swstall chess_separator_scheduler
         182    0x00 0x00                                                                        NOPX
.swstall chess_separator_scheduler
         184    0x00 0x00                                                                        NOPX
.swstall chess_separator_scheduler
         186    0x00 0x00                                                                        NOPX
         188    0x10 0x08 0x00 0x18                                                                                                                                                        DONE
.swstall chess_separator_scheduler
         192    0x00 0x00                                                                        NOPX
.swstall chess_separator_scheduler
         194    0x00 0x00                                                                        NOPX
.swstall chess_separator_scheduler
         196    0x00 0x00                                                                        NOPX
.swstall chess_separator_scheduler
         198    0x00 0x00                                                                        NOPX
.swstall chess_separator_scheduler
         200    0x00 0x00                                                                        NOPX
.swstall chess_separator_scheduler
         202    0x00 0x00                                                                        NOPX
.swstall for_chess_exit
.exit
         204    0x00 0x01 0x67 0x98                                                              NOPA
.label TGT_F_main_init_208
.loop_nesting 1
         208    0x00 0x00 0x68 0x00 0x00 0x84                                                                                                                                              J #208
         214    0x00 0x00                                                                        NOPX
         216    0x00 0x00                                                                        NOPX
         218    0x00 0x00                                                                        NOPX
         220    0x00 0x00                                                                        NOPX
         222    0x00 0x00                                                                        NOPX
.label _main_init__end
.label core_0_2
.function_start
         224    0x00 0x18 0x01 0x9c 0x8b 0x00 0x01 0xeb 0xb7 0x80 0x10 0x76                      MOVA r24, #0;                                               MOVS p1, p7;                  MOVXM p7, #503552
         236    0xe3 0xe2 0x30 0x00 0x02 0x00 0x00 0x00 0x71 0x3a                                                                                            ST r24, [p7], #4;             PADDXM [sp], #64
         246    0xe0 0xe2 0x30 0x00 0xf0 0x08 0x8b 0xd0 0x79 0x3a                                                                                            ST r24, [p7];                 MOVX r15, #0;                 MOV r4, r15
         256    0xfd 0x26 0xb0 0x00 0xd0 0x28 0x0b 0x50 0x79 0x3a                                                                                            ST r9, [sp, #-24];            MOVX r13, #1;                 MOV r0, r13
         266    0xfb 0xa2 0xb0 0x00 0x80 0x08 0x6b 0x10 0x79 0x3a                                                                                            ST r8, [sp, #-36];            MOVX r8, #0;                  MOV r3, r12
         276    0xe2 0xbe 0x30 0x00 0x4b 0x90 0x70 0x02                                                                                                      ST r15, [p7, #4];                                           MOV r2, r14
         284    0xfd 0x92 0xb0 0x00 0x2a 0xd0 0x70 0x02                                                                                                      ST r4, [sp, #-20];                                          MOV r1, r11
         292    0xfe 0x0a 0xb0 0x00 0x01 0xe5 0x8e 0x80 0x11 0x3a                                                                                            ST r2, [sp, #-16];            MOVXM r12, #498944
         302    0xfe 0x82 0xb0 0x00 0x01 0xe9 0x2b 0x00 0x11 0x3a                                                                                            ST r0, [sp, #-12];            MOVXM r9, #501248
         312    0x0f 0xf8 0x75 0x98                                                                                                                          ST r3, [sp, #-8]
         316    0x0f 0xfc 0x35 0x98                                                                                                                          ST r1, [sp, #-4]
         320    0x0f 0xe1 0x55 0x98                                                                                                                          ST r10, [sp, #-32]
         324    0x0f 0xe4 0x9d 0x98                                                                                                                          ST p1, [sp, #-28]
         328    0x0f 0xdb 0x1d 0x98                                                                                                                          ST p6, [sp, #-40]
         332    0x0f 0xd4 0x3d 0x98                                                                                                                          ST lr, [sp, #-44]
.label TGT_Fcore_0_2_112
.loop_nesting 1
.no_stack_arguments
         336    0x00 0x03 0x78 0x00 0x01 0x04                                                                                                                                              JL #1776
         342    0xf8 0x5f 0xa0 0x20 0xd1 0x64                                                                                                                                              MOVX r1, #-1;                 MOV r0, #52
         348    0x00 0x00                                                                        NOPX
         350    0x00 0x00                                                                        NOPX
         352    0x00 0x00                                                                        NOPX
         354    0x00 0x2c 0xf0 0x02 0xb6 0x00 0x00 0x40 0x1a 0x57 0x00 0x00 0x1c 0x2e            NOPA;                                                       NOPS;                                                       NOPM;                                   NOPV
.return_address
.no_stack_arguments
         368    0x00 0x04 0xe8 0x00 0x01 0x04                                                                                                                                              JL #2512
         374    0x00 0x07 0x00 0xda 0x00 0x44                                                                                                                                              MOVXM p0, #462080
         380    0x0e 0x80 0x8b 0x18                                                                                                                          MOVS p6, p0
         384    0x00 0x00                                                                        NOPX
         386    0x00 0x00                                                                        NOPX
         388    0x00 0x2c 0xf0 0x00 0x20 0x00 0x00 0x00 0x00 0xad 0x81 0x36                      NOPA;                         NOPB;                         NOPS;                         NOPX
.return_address
.no_stack_arguments
         400    0x00 0x03 0x78 0x00 0x01 0x04                                                                                                                                              JL #1776
         406    0xf8 0x5f 0xa0 0x20 0xcd 0x64                                                                                                                                              MOVX r1, #-1;                 MOV r0, #51
         412    0x00 0x00                                                                        NOPX
         414    0x00 0x00                                                                        NOPX
         416    0x00 0x00                                                                        NOPX
         418    0x00 0x2c 0xf0 0x02 0xb6 0x00 0x00 0x40 0x1a 0x57 0x00 0x00 0x1c 0x2e            NOPA;                                                       NOPS;                                                       NOPM;                                   NOPV
.return_address
         432    0x07 0x06 0x56 0x98                                                              LDA r18, [p7]
         436    0x00 0x00                                                                        NOPX
         438    0x00 0x00                                                                        NOPX
.no_stack_arguments
         440    0x00 0x03 0x78 0x00 0x01 0x04                                                                                                                                              JL #1776
         446    0x00 0x00                                                                        NOPX
         448    0x00 0x07 0x78 0x32 0x00 0x44                                                                                                                                              MOVXM r16, #489728
         454    0x00 0x07 0x58 0xaa 0x00 0x44                                                                                                                                              MOVXM r17, #480512
         460    0x13 0x77 0x27 0x98                                                                                                                                                        EQ r27, r13, r18
         464    0xff 0xe1 0x00 0x00 0x20 0x01 0x5b 0x22 0xa8 0x10 0x08 0x31 0x58 0x00 0x00 0xe1  MOVA r1, #-1;                 NOPB;                         NOPS;                         SEL.EQZ r10, r17, r16, r27;   MOV r0, #49;                            NOPV
.return_address
         480    0x07 0x16 0x16 0x98                                                              LDA r16, [p7, #4]
         484    0x00 0x00                                                                        NOPX
         486    0x00 0x00                                                                        NOPX
         488    0x00 0x00                                                                        NOPX
.no_stack_arguments
         490    0x00 0x03 0x98 0x00 0x01 0x04                                                                                                                                              JL #1840
         496    0x00 0x00                                                                        NOPX
         498    0x00 0x00                                                                        NOPX
         500    0x00 0x2c 0xf6 0xee 0x0f 0x2c                                                    NOPA;                                                                                     EQ r27, r13, r16
         506    0x64 0x12 0x42 0xca 0x41 0xe4                                                                                                                                              SEL.EQZ r16, r12, r9, r27;    MOV p1, r10
         512    0x00 0x2c 0xf0 0x00 0x20 0x90 0x0b 0x00 0x00 0x01 0x36 0x60 0x78 0x00 0x00 0xe1  NOPA;                         NOPB;                         MOVS p0, r16;                 NOPX;                         MOV p2, p6;                             NOPV
.return_address
.no_stack_arguments
         528    0x00 0x03 0x88 0x00 0x01 0x04                                                                                                                                              JL #1808
         534    0x00 0x40 0xa0 0x20 0xc1 0x64                                                                                                                                              MOVX r1, #1;                  MOV r0, #48
         540    0x00 0x00                                                                        NOPX
         542    0x00 0x00                                                                        NOPX
         544    0x00 0x00                                                                        NOPX
         546    0x00 0x2c 0xf0 0x02 0xb6 0x00 0x00 0x40 0x1a 0x57 0x00 0x00 0x1c 0x2e            NOPA;                                                       NOPS;                                                       NOPM;                                   NOPV
.return_address
         560    0x07 0x16 0x16 0x98                                                              LDA r16, [p7, #4]
         564    0x00 0x00                                                                        NOPX
         566    0x00 0x00                                                                        NOPX
         568    0x00 0x00                                                                        NOPX
         570    0x00 0x00                                                                        NOPX
.no_stack_arguments
         572    0x00 0x03 0x78 0x00 0x01 0x04                                                                                                                                              JL #1776
         578    0x00 0x00                                                                        NOPX
         580    0x84 0x7f 0xe8 0x30 0x01 0x24                                                                                                                                              ADD r17, r16, #-1;            ADD.NC r16, r16, #1
         586    0x13 0x77 0x0a 0x98                                                                                                                                                        LT r27, r13, r16
         590    0x14 0x21 0x12 0x18                                                                                                                                                        SEL.EQZ r16, r16, r17, r27
         594    0x00 0x2c 0xf0 0x00 0x20 0x00 0xc5 0x05 0xff 0xeb 0xe2 0xc2 0x30 0x7e            NOPA;                         NOPB;                         ST r16, [p7, #4];             MOVX r0, #49;                 MOV r1, #-1
.return_address
         608    0x07 0x16 0x36 0x98                                                              LDA r17, [p7, #4]
         612    0x00 0x00                                                                        NOPX
         614    0x00 0x00                                                                        NOPX
         616    0x00 0x00                                                                        NOPX
.no_stack_arguments
         618    0x00 0x03 0x98 0x00 0x01 0x04                                                                                                                                              JL #1840
         624    0x00 0x00                                                                        NOPX
         626    0x00 0x07 0xa8 0x2c 0x00 0x44                                                                                                                                              MOVXM r16, #501248
         632    0x13 0x77 0x17 0x98                                                                                                                                                        EQ r27, r13, r17
         636    0x64 0x20 0x42 0xca 0x41 0xe4                                                                                                                                              SEL.EQZ r16, r12, r16, r27;   MOV p1, r10
         642    0x00 0x2c 0xf1 0x20 0x16 0x00 0x00 0x53 0x66 0x07 0x00 0x00 0x1c 0x2e            NOPA;                                                       MOVS p0, r16;                                               MOV p2, p6;                             NOPV
.return_address
.no_stack_arguments
         656    0x00 0x03 0x88 0x00 0x01 0x04                                                                                                                                              JL #1808
         662    0x00 0x18 0x20 0xa0 0x05 0x64                                                                                                                                              MOVX r0, #48;                 MOV r1, #1
         668    0x00 0x00                                                                        NOPX
         670    0x00 0x00                                                                        NOPX
         672    0x00 0x00                                                                        NOPX
         674    0x00 0x2c 0xf0 0x02 0xb6 0x00 0x00 0x40 0x1a 0x57 0x00 0x00 0x1c 0x2e            NOPA;                                                       NOPS;                                                       NOPM;                                   NOPV
.return_address
         688    0x07 0x16 0x16 0x98                                                              LDA r16, [p7, #4]
         692    0x00 0x00                                                                        NOPX
         694    0x00 0x00                                                                        NOPX
         696    0x00 0x00                                                                        NOPX
         698    0x00 0x00                                                                        NOPX
.no_stack_arguments
         700    0x00 0x03 0x78 0x00 0x01 0x04                                                                                                                                              JL #1776
         706    0x00 0x00                                                                        NOPX
         708    0x84 0x7f 0xe8 0x30 0x01 0x24                                                                                                                                              ADD r17, r16, #-1;            ADD.NC r16, r16, #1
         714    0x13 0x77 0x0a 0x98                                                                                                                                                        LT r27, r13, r16
         718    0x14 0x21 0x12 0x18                                                                                                                                                        SEL.EQZ r16, r16, r17, r27
         722    0x00 0x2c 0xf0 0x00 0x20 0x00 0xc5 0x05 0xff 0xeb 0xe2 0xc2 0x30 0x7e            NOPA;                         NOPB;                         ST r16, [p7, #4];             MOVX r0, #49;                 MOV r1, #-1
.return_address
         736    0x07 0x16 0x16 0x98                                                              LDA r16, [p7, #4]
         740    0x00 0x00                                                                        NOPX
         742    0x00 0x00                                                                        NOPX
         744    0x00 0x00                                                                        NOPX
.no_stack_arguments
         746    0x00 0x03 0x98 0x00 0x01 0x04                                                                                                                                              JL #1840
         752    0x00 0x00                                                                        NOPX
         754    0x31 0x41 0x60 0x00 0x01 0xe9 0x4b 0x00 0x11 0x3a                                                                                            MOVS p1, r10;                 MOVXM r10, #501248
         764    0x13 0x77 0x07 0x98                                                                                                                                                        EQ r27, r13, r16
         768    0x64 0x14 0x44 0xd9 0x81 0xe4                                                                                                                                              SEL.EQZ r16, r12, r10, r27;   MOV p2, p6
         774    0x00 0x2c 0xf0 0x90 0x0b 0x03 0x31 0x60 0x72 0xba                                NOPA;                                                       MOVS p0, r16;                                               MOV p6, p1
.return_address
.no_stack_arguments
         784    0x00 0x03 0x88 0x00 0x01 0x04                                                                                                                                              JL #1808
         790    0x00 0x18 0x20 0xa0 0x05 0x64                                                                                                                                              MOVX r0, #48;                 MOV r1, #1
         796    0x00 0x00                                                                        NOPX
         798    0x00 0x00                                                                        NOPX
         800    0x00 0x00                                                                        NOPX
         802    0x00 0x2c 0xf0 0x02 0xb6 0x00 0x00 0x40 0x1a 0x57 0x00 0x00 0x1c 0x2e            NOPA;                                                       NOPS;                                                       NOPM;                                   NOPV
.return_address
         816    0x07 0x16 0x16 0x98                                                              LDA r16, [p7, #4]
         820    0x00 0x00                                                                        NOPX
         822    0x00 0x00                                                                        NOPX
         824    0x00 0x00                                                                        NOPX
         826    0x00 0x00                                                                        NOPX
.no_stack_arguments
         828    0x00 0x03 0x78 0x00 0x01 0x04                                                                                                                                              JL #1776
         834    0x00 0x00                                                                        NOPX
         836    0x84 0x7f 0xe8 0x30 0x01 0x24                                                                                                                                              ADD r17, r16, #-1;            ADD.NC r16, r16, #1
         842    0x13 0x77 0x0a 0x98                                                                                                                                                        LT r27, r13, r16
         846    0x14 0x21 0x12 0x18                                                                                                                                                        SEL.EQZ r16, r16, r17, r27
         850    0x00 0x2c 0xf0 0x00 0x20 0x00 0xc5 0x05 0xff 0xeb 0xe2 0xc2 0x30 0x7e            NOPA;                         NOPB;                         ST r16, [p7, #4];             MOVX r0, #49;                 MOV r1, #-1
.return_address
         864    0x07 0x16 0x16 0x98                                                              LDA r16, [p7, #4]
         868    0x00 0x00                                                                        NOPX
         870    0x00 0x00                                                                        NOPX
         872    0x00 0x00                                                                        NOPX
.no_stack_arguments
         874    0x00 0x03 0x98 0x00 0x01 0x04                                                                                                                                              JL #1840
         880    0x00 0x00                                                                        NOPX
         882    0x00 0x07 0x04 0xda 0x00 0x44                                                                                                                                              MOVXM p2, #462080
         888    0x13 0x77 0x07 0x98                                                                                                                                                        EQ r27, r13, r16
         892    0x64 0x14 0x42 0xd9 0x81 0xe4                                                                                                                                              SEL.EQZ r16, r12, r10, r27;   MOV p1, p6
         898    0x00 0x2c 0xf1 0x20 0x16 0x00 0x00 0x73 0x26 0x07 0x00 0x00 0x1c 0x2e            NOPA;                                                       MOVS p0, r16;                                               MOV p6, p2;                             NOPV
.return_address
.no_stack_arguments
         912    0x00 0x03 0x88 0x00 0x01 0x04                                                                                                                                              JL #1808
         918    0x00 0x29 0x00 0x00 0x10 0x28 0x08 0x30 0x58 0xba                                MOVA r9, #1;                                                                              MOVX r1, #1;                  MOV r0, #48
         928    0x00 0x00                                                                        NOPX
         930    0x00 0x00                                                                        NOPX
         932    0x00 0x00                                                                        NOPX
         934    0x00 0x2c 0xf0 0x00 0x10 0x00 0x01 0xa5 0x7e 0xba                                NOPA;                         NOPB;                                                                                     NOPM
.return_address
         944    0x07 0x16 0x16 0x98                                                              LDA r16, [p7, #4]
         948    0x00 0x00                                                                        NOPX
         950    0x00 0x00                                                                        NOPX
         952    0x00 0x00                                                                        NOPX
         954    0x00 0x00                                                                        NOPX
.no_stack_arguments
         956    0x00 0x03 0x88 0x00 0x01 0x04                                                                                                                                              JL #1808
         962    0x00 0x00                                                                        NOPX
         964    0x84 0x7f 0xe8 0x30 0x01 0x24                                                                                                                                              ADD r17, r16, #-1;            ADD.NC r16, r16, #1
         970    0x12 0x77 0x0a 0x98                                                                                                                                                        LT r27, r9, r16
         974    0x14 0x21 0x12 0x18                                                                                                                                                        SEL.EQZ r16, r16, r17, r27
         978    0x00 0x21 0x00 0x00 0x20 0x00 0xc9 0x35 0x00 0x2b 0xe2 0xc2 0x30 0x7e            MOVA r1, #1;                  NOPB;                         ST r16, [p7, #4];             MOVX r0, #50;                 MOV r13, #1
.return_address
         992    0x07 0x06 0x16 0x98                                                              LDA r16, [p7]
         996    0x00 0x00                                                                        NOPX
         998    0x00 0x00                                                                        NOPX
        1000    0x00 0x00                                                                        NOPX
        1002    0x00 0x00                                                                        NOPX
.no_stack_arguments
        1004    0x00 0x03 0x78 0x00 0x01 0x04                                                                                                                                              JL #1776
        1010    0x00 0x00                                                                        NOPX
        1012    0x84 0x7f 0xe8 0x30 0x01 0x24                                                                                                                                              ADD r17, r16, #-1;            ADD.NC r16, r16, #1
        1018    0x13 0x77 0x0a 0x98                                                                                                                                                        LT r27, r13, r16
        1022    0x14 0x21 0x12 0x18                                                                                                                                                        SEL.EQZ r16, r16, r17, r27
        1026    0x00 0x2c 0xf0 0x00 0x27 0xc2 0xfd 0x01 0x06 0x6b 0xe0 0xc2 0x30 0x7e            NOPA;                         NOPB;                         ST r16, [p7];                 MOVX r1, #-1;                 MOV r0, #51
.return_address
        1040    0x07 0x06 0x56 0x98                                                              LDA r18, [p7]
        1044    0x00 0x00                                                                        NOPX
        1046    0x00 0x00                                                                        NOPX
.no_stack_arguments
        1048    0x00 0x03 0x78 0x00 0x01 0x04                                                                                                                                              JL #1776
        1054    0x00 0x00                                                                        NOPX
        1056    0x00 0x07 0x78 0x32 0x00 0x44                                                                                                                                              MOVXM r16, #489728
        1062    0x00 0x07 0x58 0xaa 0x00 0x44                                                                                                                                              MOVXM r17, #480512
        1068    0x13 0x77 0x27 0x98                                                                                                                                                        EQ r27, r13, r18
        1072    0xff 0xe1 0x00 0x00 0x20 0x01 0x5b 0x22 0x98 0x10 0x08 0x31 0x58 0x00 0x00 0xe1  MOVA r1, #-1;                 NOPB;                         NOPS;                         SEL.EQZ r9, r17, r16, r27;    MOV r0, #49;                            NOPV
.return_address
        1088    0x07 0x16 0x16 0x98                                                              LDA r16, [p7, #4]
        1092    0x00 0x00                                                                        NOPX
        1094    0x00 0x00                                                                        NOPX
        1096    0x00 0x00                                                                        NOPX
.no_stack_arguments
        1098    0x00 0x03 0x98 0x00 0x01 0x04                                                                                                                                              JL #1840
        1104    0x00 0x00                                                                        NOPX
        1106    0x00 0x00                                                                        NOPX
        1108    0x00 0x2c 0xf6 0xee 0x0f 0x2c                                                    NOPA;                                                                                     EQ r27, r13, r16
        1114    0x64 0x14 0x42 0xc9 0x41 0xe4                                                                                                                                              SEL.EQZ r16, r12, r10, r27;   MOV p1, r9
        1120    0x00 0x2c 0xf0 0x00 0x20 0x90 0x0b 0x00 0x00 0x01 0x36 0x60 0x78 0x00 0x00 0xe1  NOPA;                         NOPB;                         MOVS p0, r16;                 NOPX;                         MOV p2, p6;                             NOPV
.return_address
.no_stack_arguments
        1136    0x00 0x03 0x88 0x00 0x01 0x04                                                                                                                                              JL #1808
        1142    0x00 0x40 0xa0 0x20 0xc1 0x64                                                                                                                                              MOVX r1, #1;                  MOV r0, #48
        1148    0x00 0x00                                                                        NOPX
        1150    0x00 0x00                                                                        NOPX
        1152    0x00 0x00                                                                        NOPX
        1154    0x00 0x2c 0xf0 0x02 0xb6 0x00 0x00 0x40 0x1a 0x57 0x00 0x00 0x1c 0x2e            NOPA;                                                       NOPS;                                                       NOPM;                                   NOPV
.return_address
        1168    0x07 0x16 0x16 0x98                                                              LDA r16, [p7, #4]
        1172    0x00 0x00                                                                        NOPX
        1174    0x00 0x00                                                                        NOPX
        1176    0x00 0x00                                                                        NOPX
        1178    0x00 0x00                                                                        NOPX
.no_stack_arguments
        1180    0x00 0x03 0x78 0x00 0x01 0x04                                                                                                                                              JL #1776
        1186    0x00 0x00                                                                        NOPX
        1188    0x84 0x7f 0xe8 0x30 0x01 0x24                                                                                                                                              ADD r17, r16, #-1;            ADD.NC r16, r16, #1
        1194    0x13 0x77 0x0a 0x98                                                                                                                                                        LT r27, r13, r16
        1198    0x14 0x21 0x12 0x18                                                                                                                                                        SEL.EQZ r16, r16, r17, r27
        1202    0x00 0x2c 0xf0 0x00 0x20 0x00 0xc5 0x05 0xff 0xeb 0xe2 0xc2 0x30 0x7e            NOPA;                         NOPB;                         ST r16, [p7, #4];             MOVX r0, #49;                 MOV r1, #-1
.return_address
        1216    0x07 0x16 0x36 0x98                                                              LDA r17, [p7, #4]
        1220    0x00 0x00                                                                        NOPX
        1222    0x00 0x00                                                                        NOPX
        1224    0x00 0x00                                                                        NOPX
.no_stack_arguments
        1226    0x00 0x03 0x98 0x00 0x01 0x04                                                                                                                                              JL #1840
        1232    0x00 0x00                                                                        NOPX
        1234    0x00 0x07 0xa8 0x2c 0x00 0x44                                                                                                                                              MOVXM r16, #501248
        1240    0x13 0x77 0x17 0x98                                                                                                                                                        EQ r27, r13, r17
        1244    0x64 0x20 0x42 0xc9 0x41 0xe4                                                                                                                                              SEL.EQZ r16, r12, r16, r27;   MOV p1, r9
        1250    0x00 0x2c 0xf1 0x20 0x16 0x00 0x00 0x53 0x66 0x07 0x00 0x00 0x1c 0x2e            NOPA;                                                       MOVS p0, r16;                                               MOV p2, p6;                             NOPV
.return_address
.no_stack_arguments
        1264    0x00 0x03 0x88 0x00 0x01 0x04                                                                                                                                              JL #1808
        1270    0x00 0x18 0x20 0xa0 0x05 0x64                                                                                                                                              MOVX r0, #48;                 MOV r1, #1
        1276    0x00 0x00                                                                        NOPX
        1278    0x00 0x00                                                                        NOPX
        1280    0x00 0x00                                                                        NOPX
        1282    0x00 0x2c 0xf0 0x02 0xb6 0x00 0x00 0x40 0x1a 0x57 0x00 0x00 0x1c 0x2e            NOPA;                                                       NOPS;                                                       NOPM;                                   NOPV
.return_address
        1296    0x07 0x16 0x16 0x98                                                              LDA r16, [p7, #4]
        1300    0x00 0x00                                                                        NOPX
        1302    0x00 0x00                                                                        NOPX
        1304    0x00 0x00                                                                        NOPX
        1306    0x00 0x00                                                                        NOPX
.no_stack_arguments
        1308    0x00 0x03 0x78 0x00 0x01 0x04                                                                                                                                              JL #1776
        1314    0x00 0x00                                                                        NOPX
        1316    0x84 0x7f 0xe8 0x30 0x01 0x24                                                                                                                                              ADD r17, r16, #-1;            ADD.NC r16, r16, #1
        1322    0x13 0x77 0x0a 0x98                                                                                                                                                        LT r27, r13, r16
        1326    0x14 0x21 0x12 0x18                                                                                                                                                        SEL.EQZ r16, r16, r17, r27
        1330    0x00 0x2c 0xf0 0x00 0x20 0x00 0xc5 0x05 0xff 0xeb 0xe2 0xc2 0x30 0x7e            NOPA;                         NOPB;                         ST r16, [p7, #4];             MOVX r0, #49;                 MOV r1, #-1
.return_address
        1344    0x07 0x16 0x36 0x98                                                              LDA r17, [p7, #4]
        1348    0x00 0x00                                                                        NOPX
        1350    0x00 0x00                                                                        NOPX
        1352    0x00 0x00                                                                        NOPX
.no_stack_arguments
        1354    0x00 0x03 0x98 0x00 0x01 0x04                                                                                                                                              JL #1840
        1360    0x00 0x00                                                                        NOPX
        1362    0x00 0x07 0xa8 0x2c 0x00 0x44                                                                                                                                              MOVXM r16, #501248
        1368    0x13 0x77 0x17 0x98                                                                                                                                                        EQ r27, r13, r17
        1372    0x64 0x20 0x42 0xc9 0x41 0xe4                                                                                                                                              SEL.EQZ r16, r12, r16, r27;   MOV p1, r9
        1378    0x00 0x2c 0xf1 0x20 0x16 0x00 0x00 0x53 0x66 0x07 0x00 0x00 0x1c 0x2e            NOPA;                                                       MOVS p0, r16;                                               MOV p2, p6;                             NOPV
.return_address
.no_stack_arguments
        1392    0x00 0x03 0x88 0x00 0x01 0x04                                                                                                                                              JL #1808
        1398    0x00 0x18 0x20 0xa0 0x05 0x64                                                                                                                                              MOVX r0, #48;                 MOV r1, #1
        1404    0x00 0x00                                                                        NOPX
        1406    0x00 0x00                                                                        NOPX
        1408    0x00 0x00                                                                        NOPX
        1410    0x00 0x2c 0xf0 0x02 0xb6 0x00 0x00 0x40 0x1a 0x57 0x00 0x00 0x1c 0x2e            NOPA;                                                       NOPS;                                                       NOPM;                                   NOPV
.return_address
        1424    0x07 0x16 0x16 0x98                                                              LDA r16, [p7, #4]
        1428    0x00 0x00                                                                        NOPX
        1430    0x00 0x00                                                                        NOPX
        1432    0x00 0x00                                                                        NOPX
        1434    0x00 0x00                                                                        NOPX
.no_stack_arguments
        1436    0x00 0x03 0x78 0x00 0x01 0x04                                                                                                                                              JL #1776
        1442    0x00 0x00                                                                        NOPX
        1444    0x84 0x7f 0xe8 0x30 0x01 0x24                                                                                                                                              ADD r17, r16, #-1;            ADD.NC r16, r16, #1
        1450    0x13 0x77 0x0a 0x98                                                                                                                                                        LT r27, r13, r16
        1454    0x14 0x21 0x12 0x18                                                                                                                                                        SEL.EQZ r16, r16, r17, r27
        1458    0x00 0x2c 0xf0 0x00 0x20 0x00 0xc5 0x05 0xff 0xeb 0xe2 0xc2 0x30 0x7e            NOPA;                         NOPB;                         ST r16, [p7, #4];             MOVX r0, #49;                 MOV r1, #-1
.return_address
        1472    0x07 0x16 0x16 0x98                                                              LDA r16, [p7, #4]
        1476    0x00 0x00                                                                        NOPX
        1478    0x00 0x00                                                                        NOPX
        1480    0x00 0x00                                                                        NOPX
.no_stack_arguments
        1482    0x00 0x03 0x98 0x00 0x01 0x04                                                                                                                                              JL #1840
        1488    0x00 0x00                                                                        NOPX
        1490    0x31 0x21 0x60 0x00 0x01 0xe9 0x2b 0x00 0x11 0x3a                                                                                            MOVS p1, r9;                  MOVXM r9, #501248
        1500    0x13 0x77 0x07 0x98                                                                                                                                                        EQ r27, r13, r16
        1504    0x13 0x20 0x92 0x18                                                                                                                                                        SEL.EQZ r16, r12, r9, r27
        1508    0x00 0x2c 0xf0 0x00 0x20 0x90 0x0b 0x01 0x36 0x60 0x70 0xf6                      NOPA;                         NOPB;                         MOVS p0, r16;                                               MOV p2, p6
.return_address
.no_stack_arguments
        1520    0x00 0x03 0x88 0x00 0x01 0x04                                                                                                                                              JL #1808
        1526    0x00 0x2a 0x00 0x00 0x10 0x28 0x08 0x30 0x58 0xba                                MOVA r10, #1;                                                                             MOVX r1, #1;                  MOV r0, #48
        1536    0x00 0x00                                                                        NOPX
        1538    0x00 0x00                                                                        NOPX
        1540    0x00 0x00                                                                        NOPX
        1542    0x00 0x2c 0xf0 0x00 0x10 0x00 0x01 0xa5 0x7e 0xba                                NOPA;                         NOPB;                                                                                     NOPM
.return_address
        1552    0x07 0x16 0x16 0x98                                                              LDA r16, [p7, #4]
        1556    0x00 0x00                                                                        NOPX
        1558    0x00 0x00                                                                        NOPX
        1560    0x00 0x00                                                                        NOPX
        1562    0x00 0x00                                                                        NOPX
.no_stack_arguments
        1564    0x00 0x03 0x88 0x00 0x01 0x04                                                                                                                                              JL #1808
        1570    0x00 0x00                                                                        NOPX
        1572    0x84 0x7f 0xe8 0x30 0x01 0x24                                                                                                                                              ADD r17, r16, #-1;            ADD.NC r16, r16, #1
        1578    0x12 0xb7 0x0a 0x98                                                                                                                                                        LT r27, r10, r16
        1582    0x14 0x21 0x12 0x18                                                                                                                                                        SEL.EQZ r16, r16, r17, r27
        1586    0x00 0x21 0x00 0x00 0x20 0x00 0xc9 0x35 0x00 0x2b 0xe2 0xc2 0x30 0x7e            MOVA r1, #1;                  NOPB;                         ST r16, [p7, #4];             MOVX r0, #50;                 MOV r13, #1
.return_address
        1600    0x07 0x06 0x16 0x98                                                              LDA r16, [p7]
        1604    0x00 0x00                                                                        NOPX
        1606    0x00 0x00                                                                        NOPX
        1608    0x00 0x00                                                                        NOPX
        1610    0x00 0x00                                                                        NOPX
.no_stack_arguments
        1612    0x00 0x03 0x88 0x00 0x01 0x04                                                                                                                                              JL #1808
        1618    0x00 0x00                                                                        NOPX
        1620    0x84 0x7f 0xe8 0x30 0x01 0x24                                                                                                                                              ADD r17, r16, #-1;            ADD.NC r16, r16, #1
        1626    0x13 0x77 0x0a 0x98                                                                                                                                                        LT r27, r13, r16
        1630    0x14 0x21 0x12 0x18                                                                                                                                                        SEL.EQZ r16, r16, r17, r27
        1634    0x00 0x21 0x00 0x00 0x20 0x00 0xd5 0x66 0xec 0x0f 0xff 0xc2 0x30 0x7e            MOVA r1, #1;                  NOPB;                         ST r16, [p7], #-4;            MOVX r0, #53;                 MOV p6, p7
.return_address
        1648    0xde 0xc2 0xd0 0x11 0x16 0x82 0x4f 0xfe 0x58 0xba                                LDA r16, [p6, #-4];                                                                       EQZ r17, r8;                  MOV r18, #-2
        1658    0x7c 0xa5 0x9c 0x20 0x01 0x64                                                                                                                                              LTU r18, r15, r18;            MOV r24, #0
        1664    0x14 0x63 0x24 0x98                                                                                                                                                        AND r17, r17, r18
        1668    0x14 0x63 0x85 0x98                                                                                                                                                        OR r17, r17, r24
        1672    0x88 0x00 0xa8 0x40 0x01 0x84                                                                                                                                              JNZ r17, #336
        1678    0x7f 0xff 0xf9 0xbf 0xfc 0x44                                                                                                                                              MOVXM r19, #2147483646
        1684    0x13 0xde 0x07 0x18                                                                                                                                                        ADD r15, r15, #1
        1688    0x9c 0xa1 0x9d 0x20 0x01 0x64                                                                                                                                              LTU r18, r19, r16;            MOV r26, #0
        1694    0xd2 0x10 0x58 0x32 0x82 0xa4                                                                                                                                              ADC r8, r26, r8;              ADD.NC r16, r18, r16
        1700    0x0f 0x1e 0x11 0x98                                                                                                                          ST r16, [p7], #4
.loop_nesting 0
        1704    0x07 0xd4 0x39 0x18                                                              LDA lr, [sp, #-44]
        1708    0x07 0xdd 0x11 0x18                                                              LDA r8, [sp, #-36]
        1712    0x07 0xe1 0x51 0x18                                                              LDA r10, [sp, #-32]
        1716    0x07 0xfd 0x71 0x18                                                              LDA r11, [sp, #-4]
        1720    0x07 0xf9 0x91 0x18                                                              LDA r12, [sp, #-8]
        1724    0x07 0xf5 0xb1 0x18                                                              LDA r13, [sp, #-12]
        1728    0x07 0xf1 0xd1 0x18                                                              LDA r14, [sp, #-16]
        1732    0x07 0xed 0xf1 0x18                                                              LDA r15, [sp, #-20]
        1736    0x07 0xe9 0x31 0x18                                                              LDA r9, [sp, #-24]
        1740    0x07 0xdb 0x19 0x18                                                              LDA p6, [sp, #-40]
        1744    0x07 0xe7 0x99 0x18                                                              LDA p7, [sp, #-28]
        1748    0x10 0x28 0x00 0x18                                                                                                                                                        RET lr
        1752    0x00 0x00                                                                        NOPX
        1754    0x00 0x00                                                                        NOPX
        1756    0x00 0x00                                                                        NOPX
        1758    0x00 0x00                                                                        NOPX
        1760    0xff 0xf8 0x00 0x00 0x01 0xc4                                                                                                                                              PADDXM [sp], #-64
.label core_0_2__end

.text_segment PM   1776
.label llvm___aie2p___acquire
.function_start
        1776    0x10 0x12 0x18 0x18                                                                                                                                                        ACQ r0, r1
        1780    0x10 0x28 0x00 0x18                                                                                                                                                        RET lr
        1784    0x00 0x00                                                                        NOPX
        1786    0x00 0x00                                                                        NOPX
        1788    0x00 0x00                                                                        NOPX
        1790    0x00 0x00                                                                        NOPX
        1792    0x00 0x00                                                                        NOPX
.label llvm___aie2p___acquire__end

.text_segment PM   1808
.label llvm___aie2p___release
.function_start
        1808    0x10 0x10 0x18 0x18                                                                                                                                                        REL r0, r1
        1812    0x10 0x28 0x00 0x18                                                                                                                                                        RET lr
        1816    0x00 0x00                                                                        NOPX
        1818    0x00 0x00                                                                        NOPX
        1820    0x00 0x00                                                                        NOPX
        1822    0x00 0x00                                                                        NOPX
        1824    0x00 0x00                                                                        NOPX
.label llvm___aie2p___release__end

.text_segment PM   1840
.label matmul_vectorized_bfp16
.function_start
        1840    0x00 0x18 0x00 0x00 0x01 0xe9 0xb7 0x86 0x10 0xba                                MOVA r24, #0;                                                                             MOVXM p3, #503564
        1850    0x60 0x92 0xd0 0x01 0x31 0x28 0x48 0x03 0x58 0xba                                LDA r4, [p3];                                                                             MOVX r19, #9;                 MOV r2, #3
        1860    0x08 0x05 0x00 0x20 0x10 0x08 0x28 0x08 0x10 0xba                                MOVA r5, #64;                                                                             MOVXM r1, #-2143281136
        1870    0x21 0x50 0x25 0x28 0xe5 0xe4                                                                                                                                              MOVX r5, #288;                VBCST.8 x5, r5
        1876    0x1f 0xff 0xf3 0xbc 0x00 0x44                                                                                                                                              MOVXM r7, #536870400
        1882    0x7f 0x7f 0x71 0xbe 0xfe 0x44                                                                                                                                              MOVXM r3, #2139062143
        1888    0x00 0x07 0xa8 0xde 0x20 0x44                                                                                                                                              MOVXM p4, #503568
        1894    0x80 0xc4 0x54 0xc0 0xe5 0xd4                                                    LDA.s8 r17, [p4];                                                                                                       VBCST.8 x4, r24
        1900    0x16 0xc8 0xfa 0xa4 0x01 0x24                                                                                                                                              EQ r27, r2, r4;               ADD.NC r21, r4, #1
        1906    0xad 0x70 0x4a 0x29 0x81 0xe4                                                                                                                                              SEL.EQZ r21, r21, r24, r27;   MOV r20, p2
        1912    0x12 0x04 0x03 0x06 0xb1 0x89 0x69 0xee 0x01 0xce 0x78 0x76                      MOVA r4, #144;                                              ST r21, [p3];                 LSHL r22, r4, r19;            MOV el8, r3
        1924    0x61 0x83 0x00 0x0f 0x5b 0x26 0x21 0xce 0x78 0xba                                MOVA r3, #780;                                                                            AND r21, r7, r22;             MOV eh8, r3
        1934    0x08 0x04 0x00 0x24 0x02 0x44                                                                                                                                              MOVXM r0, #134480385
        1940    0x9d 0x2a 0xc8 0x45 0x08 0x64                                                                                                                                              MAC r20, r20, r19, r21;       VSEL.8 x8, x4, x5, r1:r0
        1946    0x8f 0x50 0x03 0xa1 0x81 0xe4                                                                                                                                              MOVX crRnd, r17;              MOV r7, p0
        1952    0x00 0x15 0x00 0x00 0x00 0x00 0x7b 0xf8 0x10 0xba                                MOVA r21, #0;                                                                             MOVXM ls, #2032
        1962    0x00 0x31 0x00 0x00 0x00 0x01 0xbc 0xc8 0x10 0xba                                MOVA r17, #1;                                                                             MOVXM le, #2448
        1972    0x00 0x30 0x00 0x00 0x01 0xc4                                                                                                                                              PADDXM [sp], #384
        1978    0x18 0x12 0xc0 0xf8                                                                                                                                                                                      MOV r0, p1
        1982    0x00 0x00 0x00 0xa9 0x00 0x44                                                                                                                                              MOVXM r1, #1152
        1988    0x00 0x2c 0xf0 0x00 0x20 0x00 0x00 0x01 0xb3 0xe8 0x10 0xb6                      NOPA;                         NOPB;                                                       MOVXM p3, #2000
.label TGT_Fmatmul_vectorized_bfp16_160
.loop_nesting 1
        2000    0x01 0x05 0x40 0x2b 0x60 0xb2 0xc9 0xd0 0x78 0xba                                MOVA lc, #8;                                                                              MAC r22, r22, r21, r1;        MOV r22, r7
        2010    0xac 0xc5 0xba 0xa0 0x01 0x64                                                                                                                                              LSHL r19, r21, r2;            MOV r21, #0
        2016    0x9c 0xcb 0xf0 0x96 0x41 0xe4                                                                                                                                              MUL r19, r19, r5;             MOV dn0, r22
        2022    0x00 0x2c 0xf0 0x00 0x10 0x00 0x01 0xa5 0x7e 0xba                                NOPA;                         NOPB;                                                                                     NOPM
.label ZLS_Fmatmul_vectorized_bfp16_192
.loop_nesting 2
.begin_of_loop
        2032    0x00 0x19 0x01 0x82 0x4b 0x01 0x80 0x08 0x35 0x40 0xa8 0x76                      MOVA r25, #0;                                               MOVS p1, dn0;                 MOVX r24, #0;                 ADD.NC p0, r21, r0
        2044    0x02 0x81 0x7a 0x28 0x28 0x01 0xa0 0x0a 0xad 0x42 0xa8 0xb6                      VLDA.FILL.512 [p0, lf0, r24]; VLDB.FILL.512 [p1, lf1, r25];                               MOVX r26, #0;                 ADD.NC r21, r21, r1
        2056    0xa0 0x01 0x72 0x00 0x54 0x02 0xec 0xc8 0xae 0xba                                VLDA.POP.576 ex0, [p1, lf1, r25];VLDB.POP.576 ex1, [p0, lf0, r24];                                                      ADD.NC r23, r19, r4
        2066    0xa0 0x11 0x74 0x01 0xa8 0x3c                                                    VLDA.POP.576 ex2, [p1, lf1, r25];VLDB.POP.576 ex3, [p0, lf0, r24]
        2072    0xa0 0x21 0x74 0x02 0xa8 0x3c                                                    VLDA.POP.576 ex4, [p1, lf1, r25];VLDB.POP.576 ex5, [p0, lf0, r24]
        2078    0x80 0x39 0x76 0x03 0x28 0x3c                                                    VLDA.POP.576 ex7, [p0, lf0, r24];VLDB.POP.576 ex6, [p1, lf1, r25]
        2084    0xfe 0xc8 0xf0 0x04 0x8b 0x01 0x90 0x0b 0x6e 0x50 0x78 0x76                      VLDA lfh1, [sp, #-192];                                     MOVS dc0, p1;                 MOVX r25, #0;                 MOV r27, r25
        2096    0xfe 0x58 0xf2 0xd7 0xa2 0x94                                                    VLDA lfl1, [sp, #-256];                                                                                                 ADD.NC p1, r23, r20
        2102    0x3d 0x14 0x14 0x18                                                                                            VLDB.FILL.512 [p1, lf1, r25]
        2106    0x3b 0x02 0x94 0x18                                                                                            VLDB.POP.576 ex10, [p1, lf1, r25]
        2110    0x3b 0x02 0x54 0x18                                                                                            VLDB.POP.576 ex9, [p1, lf1, r25]
        2114    0xff 0xc8 0xf0 0x01 0x90 0x08 0xb4 0xe8 0xa8 0xba                                VLDA lfh1, [sp, #-64];                                                                    MOVX r25, #0;                 ADD.NC p1, r19, r20
        2124    0xfd 0x4d 0x60 0x2f 0x32 0x05 0x31 0x60 0x79 0x3a                                                                                            VST lfh1, [sp, #-384];        ADD r19, r23, r4;             MOV p2, p1
        2134    0x0f 0xee 0xeb 0x18                                                                                                                          VST lfl1, [sp, #-320]
        2138    0x07 0xfa 0xc7 0x98                                                              VLDA lfl1, [sp, #-128]
        2142    0x3d 0x14 0x14 0x18                                                                                            VLDB.FILL.512 [p1, lf1, r25]
        2146    0x3b 0x02 0xd4 0x18                                                                                            VLDB.POP.576 ex11, [p1, lf1, r25]
        2150    0xfe 0xcd 0x63 0x00 0x94 0x01 0x19 0xf5 0x09 0x4a                                                              VLDB.POP.576 ex2, [p1, lf1, r25];VST lfh1, [sp, #-192];                                                                           VMUL.f dm1, ex10, ex8, r3
        2160    0xfe 0x5d 0x61 0x61 0x80 0xe4 0x1b 0xf3 0x09 0x4a                                                                                            VST lfl1, [sp, #-256];                                      MOV p1, dc0;                            VMUL.f dm3, ex9, ex8, r3
        2170    0xfd 0x48 0xfc 0xbb 0x41 0xd4                                                    VLDA lfh1, [sp, #-384];                                                                                                 MOV r25, r27
        2176    0xfd 0xd8 0xf2 0x00 0x54 0x1d 0x19 0x24 0x29 0x4a                                VLDA lfl1, [sp, #-320];       VLDB.POP.576 ex1, [p0, lf0, r24];                                                                                                 VMAC.f dm1, dm1, ex2, ex1, r3
        2186    0xa0 0x01 0x72 0x00 0xd4 0x1d 0x1b 0x64 0x69 0x4a                                VLDA.POP.576 ex0, [p1, lf1, r25];VLDB.POP.576 ex3, [p0, lf0, r24];                                                                                              VMAC.f dm3, dm3, ex2, ex3, r3
        2196    0x3b 0x00 0x94 0x18                                                                                            VLDB.POP.576 ex2, [p1, lf1, r25]
        2200    0x02 0x01 0x54 0x00 0x19 0x2c 0xa9 0x62                                                                        VLDB.POP.576 ex5, [p0, lf0, r24];                                                                                                 VMAC.f dm1, dm1, ex6, ex5, r3
        2208    0xa0 0x21 0x74 0x03 0xab 0xff 0x35 0x8e 0x18 0xf7 0x09 0x66                      VLDA.POP.576 ex4, [p1, lf1, r25];VLDB.POP.576 ex7, [p0, lf0, r24];VST lfh1, [sp, #-64];                                                                         VMUL.f dm0, ex11, ex8, r3
        2220    0xa0 0x31 0x78 0x28 0x2b 0xfd 0x75 0x8e 0x1a 0xe5 0x09 0x66                      VLDA.POP.576 ex6, [p1, lf1, r25];VLDB.FILL.512 [p0, lf0, r24];VST lfl1, [sp, #-128];                                                                            VMUL.f dm2, ex2, ex8, r3
        2232    0x22 0x81 0x72 0x00 0x54 0x1d 0x1b 0x6c 0xe9 0x4a                                VLDA.FILL.512 [p1, lf1, r25]; VLDB.POP.576 ex1, [p0, lf0, r24];                                                                                                 VMAC.f dm3, dm3, ex6, ex7, r3
        2242    0x03 0x00 0x14 0x00 0x18 0x00 0x29 0x62                                                                        VLDB.POP.576 ex0, [p1, lf1, r25];                                                                                                 VMAC.f dm0, dm0, ex0, ex1, r3
        2250    0xa0 0x11 0x72 0x00 0xd4 0x1d 0x1a 0x40 0x69 0x4a                                VLDA.POP.576 ex2, [p1, lf1, r25];VLDB.POP.576 ex3, [p0, lf0, r24];                                                                                              VMAC.f dm2, dm2, ex0, ex3, r3
        2260    0x00 0x00                                                                        NOPX
        2262    0x18 0x08 0xa9 0x48                                                                                                                                                                                                                              VMAC.f dm0, dm0, ex4, ex5, r3
        2266    0xa0 0x21 0x72 0x01 0x54 0x1d 0x1a 0x48 0xe9 0x4a                                VLDA.POP.576 ex4, [p1, lf1, r25];VLDB.POP.576 ex5, [p0, lf0, r24];                                                                                              VMAC.f dm2, dm2, ex4, ex7, r3
        2276    0xa0 0x31 0x72 0x01 0xd4 0x1d 0x19 0x24 0x29 0x4a                                VLDA.POP.576 ex6, [p1, lf1, r25];VLDB.POP.576 ex7, [p0, lf0, r24];                                                                                              VMAC.f dm1, dm1, ex2, ex1, r3
        2286    0x18 0x00 0x29 0x48                                                                                                                                                                                                                              VMAC.f dm0, dm0, ex0, ex1, r3
        2290    0x03 0x00 0x14 0x00 0x1a 0x40 0x69 0x62                                                                        VLDB.POP.576 ex0, [p1, lf1, r25];                                                                                                 VMAC.f dm2, dm2, ex0, ex3, r3
        2298    0x02 0x00 0x54 0x00 0x1b 0x64 0x69 0x62                                                                        VLDB.POP.576 ex1, [p0, lf0, r24];                                                                                                 VMAC.f dm3, dm3, ex2, ex3, r3
        2306    0xa0 0x11 0x72 0x00 0xd4 0x1d 0x18 0x08 0xa9 0x4a                                VLDA.POP.576 ex2, [p1, lf1, r25];VLDB.POP.576 ex3, [p0, lf0, r24];                                                                                              VMAC.f dm0, dm0, ex4, ex5, r3
        2316    0x1a 0x48 0xe9 0x48                                                                                                                                                                                                                              VMAC.f dm2, dm2, ex4, ex7, r3
        2320    0x03 0x01 0x14 0x00 0x19 0x2c 0xa9 0x62                                                                        VLDB.POP.576 ex4, [p1, lf1, r25];                                                                                                 VMAC.f dm1, dm1, ex6, ex5, r3
        2328    0x02 0x01 0x54 0x00 0x1b 0x6c 0xe9 0x62                                                                        VLDB.POP.576 ex5, [p0, lf0, r24];                                                                                                 VMAC.f dm3, dm3, ex6, ex7, r3
        2336    0x80 0x39 0x73 0x01 0x94 0x1d 0x18 0x00 0x29 0x4a                                VLDA.POP.576 ex7, [p0, lf0, r24];VLDB.POP.576 ex6, [p1, lf1, r25];                                                                                              VMAC.f dm0, dm0, ex0, ex1, r3
        2346    0x1a 0x40 0x69 0x48                                                                                                                                                                                                                              VMAC.f dm2, dm2, ex0, ex3, r3
        2350    0x19 0x24 0x29 0x48                                                                                                                                                                                                                              VMAC.f dm1, dm1, ex2, ex1, r3
        2354    0x1b 0x64 0x69 0x48                                                                                                                                                                                                                              VMAC.f dm3, dm3, ex2, ex3, r3
        2358    0x18 0x08 0xa9 0x48                                                                                                                                                                                                                              VMAC.f dm0, dm0, ex4, ex5, r3
        2362    0x1a 0x48 0xe9 0x48                                                                                                                                                                                                                              VMAC.f dm2, dm2, ex4, ex7, r3
        2366    0x19 0x2c 0xa9 0x48                                                                                                                                                                                                                              VMAC.f dm1, dm1, ex6, ex5, r3
        2370    0x1b 0x6c 0xe9 0x48                                                                                                                                                                                                                              VMAC.f dm3, dm3, ex6, ex7, r3
        2374    0x18 0x00 0x29 0x48                                                                                                                                                                                                                              VMAC.f dm0, dm0, ex0, ex1, r3
        2378    0x1a 0x40 0x69 0x48                                                                                                                                                                                                                              VMAC.f dm2, dm2, ex0, ex3, r3
        2382    0x19 0x24 0x29 0x48                                                                                                                                                                                                                              VMAC.f dm1, dm1, ex2, ex1, r3
        2386    0x18 0x08 0xa9 0x48                                                                                                                                                                                                                              VMAC.f dm0, dm0, ex4, ex5, r3
        2390    0x1a 0x48 0xe9 0x48                                                                                                                                                                                                                              VMAC.f dm2, dm2, ex4, ex7, r3
        2394    0x19 0x2c 0xa9 0x48                                                                                                                                                                                                                              VMAC.f dm1, dm1, ex6, ex5, r3
        2398    0x1b 0x64 0x69 0x48                                                                                                                                                                                                                              VMAC.f dm3, dm3, ex2, ex3, r3
        2402    0x00 0x00                                                                        NOPX
        2404    0x00 0x00                                                                        NOPX
        2406    0xb0 0x00 0x60 0x02 0x1b 0x6c 0xe9 0x62                                                                                                      VST.PUSH.576.CONV.bfp16ebs8.fp32 dm0, [p2, sf, r26];                                                VMAC.f dm3, dm3, ex6, ex7, r3
        2414    0x09 0x00 0x03 0x18                                                                                                                          VST.FLUSH.512.CONV [p2, sf, r26]
        2418    0x0d 0x81 0x03 0x18                                                                                                                          VST.PUSH.576.CONV.bfp16ebs8.fp32 dm2, [p2, sf, r26]
        2422    0x09 0x00 0x03 0x18                                                                                                                          VST.FLUSH.512.CONV [p2, sf, r26]
        2426    0x0d 0x80 0x83 0x18                                                                                                                          VST.PUSH.576.CONV.bfp16ebs8.fp32 dm1, [p2, sf, r26]
        2430    0x09 0x00 0x03 0x18                                                                                                                          VST.FLUSH.512.CONV [p2, sf, r26]
        2434    0x0d 0x81 0x83 0x18                                                                                                                          VST.PUSH.576.CONV.bfp16ebs8.fp32 dm3, [p2, sf, r26]
        2438    0x09 0x00 0x03 0x18                                                                                                                          VST.FLUSH.512.CONV [p2, sf, r26]
        2442    0x00 0x2c 0xf0 0x00 0x20 0x3c                                                    NOPA;                         NOPB
.label ZLE_Fmatmul_vectorized_bfp16_608
.end_of_loop
        2448    0x00 0x2c 0xf0 0x00 0x20 0x01 0x5b 0x00 0x00 0x00 0x01 0xa5 0x78 0x00 0x00 0xe1  NOPA;                         NOPB;                         NOPS;                         NOPX;                         NOPM;                                   NOPV
.loop_nesting 1
        2464    0x14 0x62 0xe0 0x18                                                                                                                                                        JNZD r17, r17, p3
        2468    0x10 0x2a 0x05 0x18                                                                                                                                                        MOVX r21, #1
        2472    0x00 0x00                                                                        NOPX
        2474    0x00 0x00                                                                        NOPX
        2476    0x00 0x00                                                                        NOPX
        2478    0x00 0x00                                                                        NOPX
.loop_nesting 0
        2480    0x10 0x28 0x00 0x18                                                                                                                                                        RET lr
        2484    0xff 0xd0 0x00 0x00 0x01 0xc4                                                                                                                                              PADDXM [sp], #-384
        2490    0x00 0x00                                                                        NOPX
        2492    0x00 0x00                                                                        NOPX
        2494    0x00 0x00                                                                        NOPX
        2496    0x00 0x00                                                                        NOPX
.label matmul_vectorized_bfp16__end

.text_segment PM   2512
.label zero_kernel
.function_start
        2512    0x20 0x05 0x40 0x00 0x22 0x80 0x8b 0x00 0x01 0xe8 0x37 0x88 0x10 0x07 0x00 0xe9  MOVA lc, #256;                NOPB;                         MOVS p2, p0;                  MOVXM p0, #503568;                                                    VCLR dm0
        2528    0x00 0x80 0x50 0x00 0x00 0x00 0x7d 0x28 0x10 0xba                                LDA.s8 r0, [p0];                                                                          MOVXM ls, #2640
        2538    0x00 0x1a 0x00 0x00 0x00 0x01 0xbd 0x30 0x10 0xba                                MOVA r26, #0;                                                                             MOVXM le, #2656
        2548    0x00 0x2c 0xf0 0x00 0x20 0x00 0x00 0x00 0x00 0xad 0x81 0x36                      NOPA;                         NOPB;                         NOPS;                         NOPX
        2560    0x00 0x2c 0xf0 0x00 0x20 0x01 0x5b 0x00 0x00 0x00 0x01 0xa5 0x78 0x00 0x00 0xe1  NOPA;                         NOPB;                         NOPS;                         NOPX;                         NOPM;                                   NOPV
        2576    0x00 0x2c 0xf0 0x00 0x20 0x01 0x5b 0x00 0x00 0x00 0x01 0xa5 0x78 0x00 0x00 0xe1  NOPA;                         NOPB;                         NOPS;                         NOPX;                         NOPM;                                   NOPV
        2592    0x00 0x2c 0xf0 0x00 0x20 0x01 0x5b 0x00 0x00 0x00 0x01 0xa5 0x78 0x00 0x00 0xe1  NOPA;                         NOPB;                         NOPS;                         NOPX;                         NOPM;                                   NOPV
        2608    0x00 0x2c 0xf0 0x00 0x20 0x01 0x5b 0x00 0x00 0x00 0x01 0xa5 0x78 0x00 0x00 0xe1  NOPA;                         NOPB;                         NOPS;                         NOPX;                         NOPM;                                   NOPV
        2624    0x00 0x2c 0xf0 0x00 0x20 0x01 0x5b 0x01 0xd4 0x00 0x01 0xa5 0x78 0x00 0x00 0xe1  NOPA;                         NOPB;                         NOPS;                         MOVX crRnd, r0;               NOPM;                                   NOPV
.label ZLS_Fzero_kernel_128
.loop_nesting 1
.begin_of_loop
        2640    0x00 0x2c 0xf0 0x00 0x25 0x80 0x03 0x00 0x00 0x00 0x01 0xa5 0x78 0x00 0x00 0xe1  NOPA;                         NOPB;                         VST.PUSH.576.CONV.bfp16ebs8.fp32 dm0, [p2, sf, r26];NOPX;   NOPM;                                   NOPV
.label ZLE_Fzero_kernel_144
.end_of_loop
        2656    0x00 0x2c 0xf0 0x00 0x21 0x00 0x03 0x00 0x00 0x00 0x01 0xa5 0x78 0x00 0x00 0xe1  NOPA;                         NOPB;                         VST.FLUSH.512.CONV [p2, sf, r26];NOPX;                      NOPM;                                   NOPV
.loop_nesting 0
        2672    0x10 0x28 0x00 0x18                                                                                                                                                        RET lr
        2676    0x00 0x00                                                                        NOPX
        2678    0x00 0x00                                                                        NOPX
        2680    0x00 0x00                                                                        NOPX
        2682    0x00 0x00                                                                        NOPX
        2684    0x00 0x00                                                                        NOPX
.label zero_kernel__end

.text_segment PM   2688
.label _fini
.function_start
        2688    0x00 0x08 0x00 0x00 0x01 0xc4                                                                                                                                              PADDXM [sp], #64
        2694    0xfe 0xba 0xb0 0x00 0x00 0x02 0x08 0x00 0x11 0x3a                                                                                            ST r14, [sp, #-12];           MOVXM r16, #0
        2704    0xff 0x73 0xb0 0x00 0x00 0x01 0xc8 0x00 0x11 0x3a                                                                                            ST p7, [sp, #-8];             MOVXM r14, #0
        2714    0x74 0x20 0xfe 0xd0 0x41 0xe4                                                                                                                                              EQ r16, r14, r16;             MOV p7, r16
        2720    0x80 0x05 0x80 0x40 0x01 0x84                                                                                                                                              JNZ r16, #2816
        2726    0x0f 0xfd 0xf5 0x98                                                                                                                          ST r15, [sp, #-4]
        2730    0x0f 0xf0 0x3d 0x98                                                                                                                          ST lr, [sp, #-16]
        2734    0x00 0x00                                                                        NOPX
        2736    0x00 0x00                                                                        NOPX
        2738    0x00 0x2c 0xf0 0x02 0xb6 0x00 0x00 0x40 0x1a 0x57 0x00 0x00 0x1c 0x2e            NOPA;                                                       NOPS;                                                       NOPM;                                   NOPV
.label TGT_F_fini_64
.loop_nesting 1
        2752    0x07 0x1c 0x1e 0x98                                                              LDA p0, [p7], #4
        2756    0x00 0x00                                                                        NOPX
        2758    0x00 0x00                                                                        NOPX
        2760    0x00 0x00                                                                        NOPX
        2762    0x00 0x00                                                                        NOPX
        2764    0x00 0x00                                                                        NOPX
        2766    0x00 0x00                                                                        NOPX
.no_stack_arguments
        2768    0x10 0x30 0x00 0x18                                                                                                                                                        JL p0
        2772    0x1b 0xde 0xc0 0xf8                                                                                                                                                                                      MOV r15, p7
        2776    0x00 0x00                                                                        NOPX
        2778    0x00 0x00                                                                        NOPX
        2780    0x00 0x00                                                                        NOPX
        2782    0x00 0x00                                                                        NOPX
.return_address
        2784    0x13 0xe0 0xe8 0x98                                                                                                                                                        NE r16, r15, r14
        2788    0x80 0x05 0x60 0x40 0x01 0x84                                                                                                                                              JNZ r16, #2752
        2794    0x00 0x00                                                                        NOPX
        2796    0x00 0x00                                                                        NOPX
        2798    0x00 0x00                                                                        NOPX
        2800    0x00 0x00                                                                        NOPX
        2802    0x00 0x2c 0xf0 0x02 0xb6 0x00 0x00 0x40 0x1a 0x57 0x00 0x00 0x1c 0x2e            NOPA;                                                       NOPS;                                                       NOPM;                                   NOPV
.label TGT_F_fini_128
.loop_nesting 0
        2816    0x07 0xf0 0x39 0x18                                                              LDA lr, [sp, #-16]
        2820    0x07 0xf5 0xd1 0x18                                                              LDA r14, [sp, #-12]
        2824    0x07 0xfd 0xf1 0x18                                                              LDA r15, [sp, #-4]
        2828    0x07 0xfb 0x99 0x18                                                              LDA p7, [sp, #-8]
        2832    0x00 0x00                                                                        NOPX
        2834    0x00 0x00                                                                        NOPX
        2836    0x00 0x00                                                                        NOPX
        2838    0x10 0x28 0x00 0x18                                                                                                                                                        RET lr
        2842    0x00 0x00                                                                        NOPX
        2844    0x00 0x00                                                                        NOPX
        2846    0x00 0x00                                                                        NOPX
        2848    0x00 0x00                                                                        NOPX
        2850    0xff 0xf8 0x00 0x00 0x01 0xc4                                                                                                                                              PADDXM [sp], #-64
.label _fini__end

.text_segment PM   2864
.label __cxa_finalize
.function_start
        2864    0xff 0xa1 0x00 0x00 0x01 0xe8 0x37 0x9a 0x10 0xba                                MOVA r1, #-3;                                                                             MOVXM p0, #503604
        2874    0x00 0x8a 0xd0 0x00 0x41 0x08 0x6f 0xe0 0x78 0xba                                LDA r2, [p0];                                                                             MOVX r4, #8;                  MOV r3, srsSign1
        2884    0x00 0x92 0x30 0x00 0x02 0x00 0x00 0x00 0x71 0x3a                                                                                            ST r4, [p0];                  PADDXM [sp], #64
        2894    0xfa 0x8e 0xb0 0x00 0x6b 0xe0 0x70 0x02                                                                                                      ST r3, [sp, #-44];                                          MOV r3, srsSign0
        2902    0xfc 0x0e 0xb0 0x00 0x6d 0xe0 0x70 0x02                                                                                                      ST r3, [sp, #-32];                                          MOV r3, packSign1
        2910    0xfc 0x8e 0xb0 0x00 0x69 0xe0 0x70 0x02                                                                                                      ST r3, [sp, #-28];                                          MOV r3, packSign0
        2918    0xfd 0x8e 0xb0 0x00 0x6a 0x70 0x70 0x02                                                                                                      ST r3, [sp, #-20];                                          MOV r3, crSat
        2926    0xfe 0x0e 0xb0 0x00 0x6c 0x70 0x70 0x02                                                                                                      ST r3, [sp, #-16];                                          MOV r3, crSRSMode
        2934    0xfe 0x8e 0xb0 0x04 0x2f 0x18 0x6b 0xb0 0x79 0x3a                                                                                            ST r3, [sp, #-12];            ADD r2, r2, #-8;              MOV r3, crPackSize
        2944    0xff 0x0e 0xb0 0x04 0xd0 0xf4 0x2f 0xb0 0x79 0x3a                                                                                            ST r3, [sp, #-8];             ASHL r13, r2, r1;             MOV r1, crRnd
        2954    0xff 0x86 0xb0 0x00 0x29 0x70 0x70 0x02                                                                                                      ST r1, [sp, #-4];                                           MOV r1, crUnpackSize
        2962    0xfd 0x06 0xb0 0x00 0x2e 0x70 0x70 0x02                                                                                                      ST r1, [sp, #-24];                                          MOV r1, crUPSMode
        2970    0xfb 0x86 0xb0 0x00 0x01 0xe8 0x2f 0x8a 0x11 0x3a                                                                                            ST r1, [sp, #-36];            MOVXM r1, #503572
        2980    0xfb 0x07 0xb0 0x03 0x30 0x44 0xa0 0x02                                                                                                      ST lr, [sp, #-40];                                          ADD.NC p6, r1, r2
        2988    0x1a 0x58 0x60 0xf8                                                                                                                                                                                      MOV r9, upsSign1
        2992    0x1a 0x10 0x60 0xf8                                                                                                                                                                                      MOV r8, upsSign0
        2996    0x1a 0xda 0x60 0xf8                                                                                                                                                                                      MOV r11, vaddSign1
        3000    0x1a 0x92 0x60 0xf8                                                                                                                                                                                      MOV r10, vaddSign0
        3004    0x1b 0x1c 0x60 0xf8                                                                                                                                                                                      MOV r12, unpackSign1
        3008    0x1b 0x94 0x60 0xf8                                                                                                                                                                                      MOV r14, unpackSign0
        3012    0x00 0x2c 0xf0 0x00 0x20 0x00 0x00 0x03 0xb5 0xe8 0x10 0xb6                      NOPA;                         NOPB;                                                       MOVXM p7, #3024
.label TGT_F__cxa_finalize_160
.loop_nesting 1
        3024    0x06 0x1c 0x9e 0x98                                                              LDA p1, [p6], #4
        3028    0x06 0xdc 0x1e 0x98                                                              LDA p0, [p6], #-12
        3032    0x00 0x00                                                                        NOPX
        3034    0x00 0x00                                                                        NOPX
        3036    0x00 0x00                                                                        NOPX
        3038    0x00 0x00                                                                        NOPX
        3040    0x00 0x00                                                                        NOPX
.no_stack_arguments
        3042    0x10 0x30 0x40 0x18                                                                                                                                                        JL p1
        3046    0x00 0x00                                                                        NOPX
        3048    0x00 0x00                                                                        NOPX
        3050    0x00 0x00                                                                        NOPX
        3052    0x00 0x01 0x67 0x98                                                              NOPA
        3056    0x00 0x2c 0xf0 0x00 0x20 0x01 0x5b 0x00 0x00 0x01 0xe8 0x10 0x78 0x00 0x00 0xe1  NOPA;                         NOPB;                         NOPS;                         NOPX;                         MOV r15, r0;                            NOPV
.return_address
        3072    0x13 0x5b 0xe0 0x18                                                                                                                                                        JNZD r13, r13, p7
        3076    0x18 0x17 0xa0 0xf8                                                                                                                                                                                      MOV r0, r15
        3080    0x00 0x00                                                                        NOPX
        3082    0x00 0x00                                                                        NOPX
        3084    0x00 0x00                                                                        NOPX
        3086    0x00 0x00                                                                        NOPX
.loop_nesting 0
        3088    0xfa 0x86 0x20 0x17 0xf2 0x02 0x1a 0x50 0x78 0xba                                LDA r1, [sp, #-44];                                                                       MOVX vaddSign1, r11;          MOV upsSign1, r9
        3098    0xfc 0x8e 0x20 0x15 0xd2 0x00 0x1a 0x10 0x78 0xba                                LDA r3, [sp, #-28];                                                                       MOVX vaddSign0, r10;          MOV upsSign0, r8
        3108    0xfb 0x07 0x26 0x7b 0x80 0x2c                                                    LDA lr, [sp, #-40];                                                                       MOVX unpackSign1, r12
        3114    0xfc 0x0a 0x27 0x73 0x80 0x2c                                                    LDA r2, [sp, #-32];                                                                       MOVX unpackSign0, r14
        3120    0x07 0xec 0xf1 0x18                                                              LDA r7, [sp, #-20]
        3124    0x07 0xf0 0x91 0x18                                                              LDA r4, [sp, #-16]
        3128    0x07 0xf4 0xb1 0x18                                                              LDA r5, [sp, #-12]
        3132    0xff 0x1a 0x20 0xf9 0x80 0x2c                                                    LDA r6, [sp, #-8];                                                                        MOVX srsSign1, r1
        3138    0xff 0x86 0x21 0xf8 0x80 0x2c                                                    LDA r1, [sp, #-4];                                                                        MOVX packSign1, r3
        3144    0x07 0xe8 0x51 0x18                                                              LDA r2, [sp, #-24]
        3148    0x07 0xdc 0x71 0x18                                                              LDA r3, [sp, #-36]
        3152    0x00 0x00                                                                        NOPX
        3154    0x10 0x28 0x00 0x18                                                                                                                                                        RET lr
        3158    0xff 0xf8 0x00 0x00 0x01 0xc4                                                                                                                                              PADDXM [sp], #-64
        3164    0x17 0x18 0x03 0xc7 0x41 0xe4                                                                                                                                              MOVX srsSign0, r2;            MOV packSign0, r7
        3170    0x27 0x70 0x08 0xe5 0x41 0xe4                                                                                                                                              MOVX crSat, r4;               MOV crSRSMode, r5
        3176    0x37 0x40 0x0f 0x61 0x41 0xe4                                                                                                                                              MOVX crPackSize, r6;          MOV crRnd, r1
        3182    0x17 0x90 0x0c 0xe3 0x41 0xe4                                                                                                                                              MOVX crUnpackSize, r2;        MOV crUPSMode, r3
.label __cxa_finalize__end

.bss_segment DMb 503564	    4

.bss_segment DMb 503568	    1

.data_segment DMb 503572
.label _ZL7atexits
	0x80
	0xa
	0x0
	0x0
	0x0
	0x0
	0x0
	0x0
	0x0
	0x0
	0x0
	0x0
	0x0
	0x0
	0x0
	0x0
	0x0
	0x0
	0x0
	0x0
	0x0
	0x0
	0x0
	0x0
	0x0
	0x0
	0x0
	0x0
	0x0
	0x0
	0x0
	0x0
.label _ZL10atexit_cnt
	0x8
	0x0
	0x0
	0x0

.stack DM_stack 458752 462080
