
// File generated by darts version U-2023.06#b8bbc031dd#240626, Mon Sep 29 09:03:48 2025
// Copyright 2014-2023 Synopsys, Inc. All rights reserved.
// darts -I/tools/ryzen_ai-1.3.0/vitis_aie_essentials/data/aie2p/lib -d -h -I/tools/ryzen_ai-1.3.0/vitis_aie_essentials/include -I/tools/ryzen_ai-1.3.0/vitis_aie_essentials/data/aie2p/lib/runtime_cxx/libcxx-lite/include -I/tools/ryzen_ai-1.3.0/vitis_aie_essentials/data/aie2p/lib/runtime_cxx/libs/libcxx-9.0.0/include-lite -I/tools/ryzen_ai-1.3.0/vitis_aie_essentials/data/aie2p/lib/runtime/include -D__AIENGINE__ -D__AIE_ARCH__=21 -D__AIEARCH__=21 -D__tct_tgt__=240628 -L +Ihex +nanno +u core_0_2.elf me

// Release: ipp U-2023.06-TGT-240628

.text_segment PM      0
.entry_point
.label __AIE_ARCH_MODEL_VERSION__21011000__inlined__1__me_basic___main_init_
.label _main_init
.function_start
           0    0x00 0x07 0x09 0xe0 0x00 0x44                                                                                                                                              MOVXM sp, #458752
           6    0x00 0x00 0x04 0x20 0x00 0x44                                                                                                                                              MOVXM r8, #0
          12    0x00 0x00 0x08 0x20 0x00 0x44                                                                                                                                              MOVXM r16, #0
          18    0x12 0x21 0x07 0x98                                                                                                                                                        EQ r16, r8, r16
          22    0x80 0x00 0x40 0x40 0x01 0x84                                                                                                                                              JNZ r16, #128
          28    0x00 0x00                                                                        NOPX
          30    0x00 0x00                                                                        NOPX
          32    0x00 0x00                                                                        NOPX
          34    0x00 0x00                                                                        NOPX
          36    0x00 0x00                                                                        NOPX
          38    0xf0 0x11 0x60 0x3f 0xff 0xff 0x37 0xfe 0x11 0x3a                                                                                            MOVS p7, p0;                  MOVXM p6, #-4
          48    0x00 0x2c 0xf0 0x00 0x20 0x01 0x5b 0x00 0x00 0x01 0x28 0x50 0x78 0x00 0x00 0xe1  NOPA;                         NOPB;                         NOPS;                         NOPX;                         MOV r9, r1;                             NOPV
.label TGT_F_main_init_64
.loop_nesting 1
          64    0xdf 0x83 0xd5 0x39 0x81 0xd4                                                    LDA p0, [p6], #-4;                                                                                                      MOV r10, p6
          70    0x00 0x00                                                                        NOPX
          72    0x00 0x00                                                                        NOPX
          74    0x00 0x00                                                                        NOPX
          76    0x00 0x00                                                                        NOPX
          78    0x00 0x00                                                                        NOPX
          80    0x00 0x00                                                                        NOPX
.no_stack_arguments
          82    0x10 0x30 0x00 0x18                                                                                                                                                        JL p0
          86    0x00 0x00                                                                        NOPX
          88    0x00 0x00                                                                        NOPX
          90    0x00 0x00                                                                        NOPX
          92    0x00 0x00                                                                        NOPX
          94    0x00 0x00                                                                        NOPX
.return_address
          96    0x12 0xa0 0x88 0x98                                                                                                                                                        NE r16, r10, r8
         100    0x80 0x00 0x20 0x40 0x01 0x84                                                                                                                                              JNZ r16, #64
         106    0x00 0x00                                                                        NOPX
         108    0x00 0x00                                                                        NOPX
         110    0x00 0x00                                                                        NOPX
         112    0x00 0x00                                                                        NOPX
         114    0x00 0x00                                                                        NOPX
.loop_nesting 0
         116    0x00 0x2c 0xf0 0x00 0x20 0x9c 0x8b 0x00 0x2a 0x50 0x70 0xf6                      NOPA;                         NOPB;                         MOVS p0, p7;                                                MOV r1, r9
.label TGT_F_main_init_128
.no_stack_arguments
         128    0x00 0x00 0x70 0x00 0x01 0x04                                                                                                                                              JL #224
         134    0x00 0x00                                                                        NOPX
         136    0x00 0x00                                                                        NOPX
         138    0x00 0x00                                                                        NOPX
         140    0x00 0x00                                                                        NOPX
         142    0x00 0x00                                                                        NOPX
.return_address
.no_stack_arguments
         144    0x00 0x05 0xf8 0x00 0x01 0x04                                                                                                                                              JL #3056
         150    0x18 0x60 0x00 0xb8                                                                                                                                                                                      MOV p0, #0
         154    0x00 0x00                                                                        NOPX
         156    0x00 0x00                                                                        NOPX
         158    0x00 0x00                                                                        NOPX
         160    0x00 0x2c 0xf0 0x00 0x20 0x01 0x5b 0x00 0x00 0x00 0x01 0xa5 0x78 0x00 0x00 0xe1  NOPA;                         NOPB;                         NOPS;                         NOPX;                         NOPM;                                   NOPV
.return_address
.swstall chess_separator_scheduler
         176    0x00 0x00                                                                        NOPX
.swstall chess_separator_scheduler
         178    0x00 0x00                                                                        NOPX
.swstall chess_separator_scheduler
         180    0x00 0x00                                                                        NOPX
.swstall chess_separator_scheduler
         182    0x00 0x00                                                                        NOPX
.swstall chess_separator_scheduler
         184    0x00 0x00                                                                        NOPX
.swstall chess_separator_scheduler
         186    0x00 0x00                                                                        NOPX
         188    0x10 0x08 0x00 0x18                                                                                                                                                        DONE
.swstall chess_separator_scheduler
         192    0x00 0x00                                                                        NOPX
.swstall chess_separator_scheduler
         194    0x00 0x00                                                                        NOPX
.swstall chess_separator_scheduler
         196    0x00 0x00                                                                        NOPX
.swstall chess_separator_scheduler
         198    0x00 0x00                                                                        NOPX
.swstall chess_separator_scheduler
         200    0x00 0x00                                                                        NOPX
.swstall chess_separator_scheduler
         202    0x00 0x00                                                                        NOPX
.swstall for_chess_exit
.exit
         204    0x00 0x01 0x67 0x98                                                              NOPA
.label TGT_F_main_init_208
.loop_nesting 1
         208    0x00 0x00 0x68 0x00 0x00 0x84                                                                                                                                              J #208
         214    0x00 0x00                                                                        NOPX
         216    0x00 0x00                                                                        NOPX
         218    0x00 0x00                                                                        NOPX
         220    0x00 0x00                                                                        NOPX
         222    0x00 0x00                                                                        NOPX
.label _main_init__end
.label core_0_2
.function_start
         224    0x00 0x18 0x02 0x9c 0x8b 0x00 0x01 0xff 0xb3 0x80 0x10 0x76                      MOVA r24, #0;                                               MOVS p2, p7;                  MOVXM p7, #521984
         236    0x00 0x10 0x07 0x1f 0x11 0x80 0x02 0x00 0x00 0x00 0x70 0x76                      MOVA r16, #0;                                               ST r24, [p7], #4;             PADDXM [sp], #64
         248    0xe0 0xe2 0x30 0x00 0xc0 0x28 0x2b 0x10 0x79 0x3a                                                                                            ST r24, [p7];                 MOVX r12, #1;                 MOV r1, r12
         258    0xfb 0xa2 0xb0 0x3e 0xb7 0xe8 0x0a 0xd0 0x79 0x3a                                                                                            ST r8, [sp, #-36];            MOVX r11, #-1;                MOV r0, r11
         268    0xe2 0xe2 0x30 0x00 0x8b 0xd0 0x70 0x02                                                                                                      ST r24, [p7, #4];                                           MOV r4, r15
         276    0xfa 0x62 0xb0 0x00 0x6b 0x90 0x70 0x02                                                                                                      ST r24, [sp, #-48];                                         MOV r3, r14
         284    0xfc 0x12 0xb0 0x00 0x4b 0x50 0x70 0x02                                                                                                      ST r4, [sp, #-32];                                          MOV r2, r13
         292    0xfc 0x8e 0xb0 0x00 0x01 0xf9 0xcf 0x00 0x11 0x3a                                                                                            ST r3, [sp, #-28];            MOVXM r14, #519680
         302    0xfd 0x0a 0xb0 0x00 0x01 0xf9 0xea 0x80 0x11 0x3a                                                                                            ST r2, [sp, #-24];            MOVXM r15, #517376
         312    0xfd 0x86 0xb0 0x00 0x01 0xd5 0x0a 0x80 0x11 0x3a                                                                                            ST r1, [sp, #-20];            MOVXM r8, #480512
         322    0x0f 0xf0 0x15 0x98                                                                                                                          ST r0, [sp, #-16]
         326    0x0f 0xf5 0x55 0x98                                                                                                                          ST r10, [sp, #-12]
         330    0x0f 0xf9 0x35 0x98                                                                                                                          ST r9, [sp, #-8]
         334    0x0f 0xfd 0x1d 0x98                                                                                                                          ST p2, [sp, #-4]
         338    0x0f 0xdb 0x1d 0x98                                                                                                                          ST p6, [sp, #-40]
         342    0x00 0x2c 0xf7 0xd4 0x3d 0x80 0x00 0x00 0x00 0x7a                                NOPA;                                                       ST lr, [sp, #-44];            NOPX
.label TGT_Fcore_0_2_128
.loop_nesting 1
.no_stack_arguments
         352    0x00 0x03 0x70 0x00 0x01 0x04                                                                                                                                              JL #1760
         358    0xff 0xe1 0x07 0xce 0x15 0x80 0x06 0x8b 0x37 0x60 0x78 0x76                      MOVA r1, #-1;                                               ST r16, [sp, #-52];           MOVX r0, #52;                 MOV p6, p7
         370    0x00 0x00                                                                        NOPX
         372    0x00 0x00                                                                        NOPX
         374    0x00 0x00                                                                        NOPX
         376    0x00 0x2c 0xf0 0x04 0x00 0x00 0x1c 0x22                                          NOPA;                                                                                                                                                           NOPV
.return_address
.no_stack_arguments
         384    0x00 0x05 0x48 0x00 0x01 0x04                                                                                                                                              JL #2704
         390    0x00 0x07 0x00 0xda 0x00 0x44                                                                                                                                              MOVXM p0, #462080
         396    0x00 0x00                                                                        NOPX
         398    0x00 0x00                                                                        NOPX
         400    0x00 0x00                                                                        NOPX
         402    0x00 0x2c 0xf0 0x02 0xb6 0x00 0x00 0x40 0x1a 0x57 0x00 0x00 0x1c 0x2e            NOPA;                                                       NOPS;                                                       NOPM;                                   NOPV
.return_address
         416    0x00 0x2c 0xf0 0x00 0x20 0x01 0x5b 0x00 0x93 0xe8 0x01 0xa5 0x78 0x00 0x00 0xe1  NOPA;                         NOPB;                         NOPS;                         MOVX r9, #31;                 NOPM;                                   NOPV
.label TGT_Fcore_0_2_208
.loop_nesting 2
.no_stack_arguments
         432    0x00 0x03 0x70 0x00 0x01 0x04                                                                                                                                              JL #1760
         438    0xf8 0x5f 0xa0 0x20 0xcd 0x64                                                                                                                                              MOVX r1, #-1;                 MOV r0, #51
         444    0x00 0x00                                                                        NOPX
         446    0x00 0x00                                                                        NOPX
         448    0x00 0x00                                                                        NOPX
         450    0x00 0x2c 0xf0 0x02 0xb6 0x00 0x00 0x40 0x1a 0x57 0x00 0x00 0x1c 0x2e            NOPA;                                                       NOPS;                                                       NOPM;                                   NOPV
.return_address
         464    0x06 0x06 0x36 0x98                                                              LDA r17, [p6]
         468    0x00 0x00                                                                        NOPX
         470    0x00 0x00                                                                        NOPX
.no_stack_arguments
         472    0x00 0x03 0x70 0x00 0x01 0x04                                                                                                                                              JL #1760
         478    0x00 0x00                                                                        NOPX
         480    0x00 0x00                                                                        NOPX
         482    0x00 0x07 0x98 0x3a 0x00 0x44                                                                                                                                              MOVXM r16, #498944
         488    0x00 0x23 0xb6 0x3d 0x00 0x00 0x1c 0x22                                                                                                                                    EQ r27, r17, r12;                                                     NOPV
         496    0xff 0xe1 0x00 0x00 0x20 0x01 0x5b 0x10 0x88 0x10 0x08 0x31 0x58 0x00 0x00 0xe1  MOVA r1, #-1;                 NOPB;                         NOPS;                         SEL.EQZ r8, r8, r16, r27;     MOV r0, #49;                            NOPV
.return_address
         512    0x06 0x16 0x16 0x98                                                              LDA r16, [p6, #4]
         516    0x00 0x00                                                                        NOPX
         518    0x00 0x00                                                                        NOPX
         520    0x00 0x00                                                                        NOPX
.no_stack_arguments
         522    0x00 0x03 0x90 0x00 0x01 0x04                                                                                                                                              JL #1824
         528    0x00 0x00                                                                        NOPX
         530    0x00 0x07 0x04 0xda 0x00 0x44                                                                                                                                              MOVXM p2, #462080
         536    0x13 0x37 0x07 0x98                                                                                                                                                        EQ r27, r12, r16
         540    0x7c 0x1c 0x42 0xc8 0x41 0xe4                                                                                                                                              SEL.EQZ r16, r15, r14, r27;   MOV p1, r8
         546    0x00 0x2c 0xf1 0x20 0x16 0x00 0x00 0x7b 0x26 0x07 0x00 0x00 0x1c 0x2e            NOPA;                                                       MOVS p0, r16;                                               MOV p7, p2;                             NOPV
.return_address
.no_stack_arguments
         560    0x00 0x03 0x80 0x00 0x01 0x04                                                                                                                                              JL #1792
         566    0x00 0x40 0xa0 0x20 0xc1 0x64                                                                                                                                              MOVX r1, #1;                  MOV r0, #48
         572    0x00 0x00                                                                        NOPX
         574    0x00 0x00                                                                        NOPX
         576    0x00 0x00                                                                        NOPX
         578    0x00 0x2c 0xf0 0x02 0xb6 0x00 0x00 0x40 0x1a 0x57 0x00 0x00 0x1c 0x2e            NOPA;                                                       NOPS;                                                       NOPM;                                   NOPV
.return_address
         592    0x06 0x16 0x16 0x98                                                              LDA r16, [p6, #4]
         596    0x00 0x00                                                                        NOPX
         598    0x00 0x00                                                                        NOPX
         600    0x00 0x00                                                                        NOPX
         602    0x00 0x00                                                                        NOPX
.no_stack_arguments
         604    0x00 0x03 0x70 0x00 0x01 0x04                                                                                                                                              JL #1760
         610    0x00 0x00                                                                        NOPX
         612    0x84 0x7f 0xe8 0x30 0x01 0x24                                                                                                                                              ADD r17, r16, #-1;            ADD.NC r16, r16, #1
         618    0x13 0x37 0x0a 0x98                                                                                                                                                        LT r27, r12, r16
         622    0x14 0x21 0x12 0x18                                                                                                                                                        SEL.EQZ r16, r16, r17, r27
         626    0x00 0x2c 0xf0 0x00 0x20 0x00 0xc5 0x05 0xff 0xeb 0xc2 0xc2 0x30 0x7e            NOPA;                         NOPB;                         ST r16, [p6, #4];             MOVX r0, #49;                 MOV r1, #-1
.return_address
         640    0x06 0x16 0x16 0x98                                                              LDA r16, [p6, #4]
         644    0x00 0x00                                                                        NOPX
         646    0x00 0x00                                                                        NOPX
         648    0x00 0x00                                                                        NOPX
.no_stack_arguments
         650    0x00 0x03 0x90 0x00 0x01 0x04                                                                                                                                              JL #1824
         656    0x00 0x00                                                                        NOPX
         658    0x31 0x01 0x60 0x00 0x01 0xd5 0x0a 0x80 0x11 0x3a                                                                                            MOVS p1, r8;                  MOVXM r8, #480512
         668    0x13 0x37 0x07 0x98                                                                                                                                                        EQ r27, r12, r16
         672    0x7c 0x1c 0x44 0xdd 0x81 0xe4                                                                                                                                              SEL.EQZ r16, r15, r14, r27;   MOV p2, p7
         678    0x00 0x2c 0xf0 0x90 0x0b 0x03 0xb1 0x60 0x72 0xba                                NOPA;                                                       MOVS p0, r16;                                               MOV p7, p1
.return_address
.no_stack_arguments
         688    0x00 0x03 0x80 0x00 0x01 0x04                                                                                                                                              JL #1792
         694    0x00 0x40 0xa0 0x20 0xc1 0x64                                                                                                                                              MOVX r1, #1;                  MOV r0, #48
         700    0x00 0x00                                                                        NOPX
         702    0x00 0x00                                                                        NOPX
         704    0x00 0x00                                                                        NOPX
         706    0x00 0x2c 0xf0 0x02 0xb6 0x00 0x00 0x40 0x1a 0x57 0x00 0x00 0x1c 0x2e            NOPA;                                                       NOPS;                                                       NOPM;                                   NOPV
.return_address
         720    0x06 0x16 0x16 0x98                                                              LDA r16, [p6, #4]
         724    0x00 0x00                                                                        NOPX
         726    0x00 0x00                                                                        NOPX
         728    0x00 0x00                                                                        NOPX
         730    0x00 0x00                                                                        NOPX
.no_stack_arguments
         732    0x00 0x03 0x70 0x00 0x01 0x04                                                                                                                                              JL #1760
         738    0x00 0x00                                                                        NOPX
         740    0x84 0x7f 0xe8 0x30 0x01 0x24                                                                                                                                              ADD r17, r16, #-1;            ADD.NC r16, r16, #1
         746    0x13 0x37 0x0a 0x98                                                                                                                                                        LT r27, r12, r16
         750    0x14 0x21 0x12 0x18                                                                                                                                                        SEL.EQZ r16, r16, r17, r27
         754    0x00 0x2c 0xf0 0x00 0x20 0x00 0xc5 0x05 0xff 0xeb 0xc2 0xc2 0x30 0x7e            NOPA;                         NOPB;                         ST r16, [p6, #4];             MOVX r0, #49;                 MOV r1, #-1
.return_address
         768    0x06 0x16 0x16 0x98                                                              LDA r16, [p6, #4]
         772    0x00 0x00                                                                        NOPX
         774    0x00 0x00                                                                        NOPX
         776    0x00 0x00                                                                        NOPX
.no_stack_arguments
         778    0x00 0x03 0x90 0x00 0x01 0x04                                                                                                                                              JL #1824
         784    0x00 0x00                                                                        NOPX
         786    0x00 0x07 0x04 0xda 0x00 0x44                                                                                                                                              MOVXM p2, #462080
         792    0x13 0x37 0x07 0x98                                                                                                                                                        EQ r27, r12, r16
         796    0x13 0xe0 0xe2 0x18                                                                                                                                                        SEL.EQZ r16, r15, r14, r27
         800    0x00 0x2c 0xf0 0x00 0x20 0x90 0x0b 0x00 0x00 0x00 0xb7 0x60 0x78 0x00 0x00 0xe1  NOPA;                         NOPB;                         MOVS p0, r16;                 NOPX;                         MOV p1, p7;                             NOPV
.return_address
.no_stack_arguments
         816    0x00 0x03 0x80 0x00 0x01 0x04                                                                                                                                              JL #1792
         822    0x00 0x40 0xa0 0x20 0xc1 0x64                                                                                                                                              MOVX r1, #1;                  MOV r0, #48
         828    0x00 0x00                                                                        NOPX
         830    0x00 0x00                                                                        NOPX
         832    0x00 0x00                                                                        NOPX
         834    0x00 0x2c 0xf0 0x02 0xb6 0x00 0x00 0x40 0x1a 0x57 0x00 0x00 0x1c 0x2e            NOPA;                                                       NOPS;                                                       NOPM;                                   NOPV
.return_address
         848    0x06 0x16 0x16 0x98                                                              LDA r16, [p6, #4]
         852    0x00 0x00                                                                        NOPX
         854    0x00 0x00                                                                        NOPX
         856    0x00 0x00                                                                        NOPX
         858    0x00 0x00                                                                        NOPX
.no_stack_arguments
         860    0x00 0x03 0x70 0x00 0x01 0x04                                                                                                                                              JL #1760
         866    0x00 0x00                                                                        NOPX
         868    0x84 0x7f 0xe8 0x30 0x01 0x24                                                                                                                                              ADD r17, r16, #-1;            ADD.NC r16, r16, #1
         874    0x13 0x37 0x0a 0x98                                                                                                                                                        LT r27, r12, r16
         878    0x14 0x21 0x12 0x18                                                                                                                                                        SEL.EQZ r16, r16, r17, r27
         882    0x00 0x2c 0xf0 0x00 0x20 0x00 0xc5 0x05 0xff 0xeb 0xc2 0xc2 0x30 0x7e            NOPA;                         NOPB;                         ST r16, [p6, #4];             MOVX r0, #49;                 MOV r1, #-1
.return_address
         896    0x06 0x16 0x16 0x98                                                              LDA r16, [p6, #4]
         900    0x00 0x00                                                                        NOPX
         902    0x00 0x00                                                                        NOPX
         904    0x00 0x00                                                                        NOPX
.no_stack_arguments
         906    0x00 0x03 0x90 0x00 0x01 0x04                                                                                                                                              JL #1824
         912    0x00 0x00                                                                        NOPX
         914    0x00 0x07 0x04 0xda 0x00 0x44                                                                                                                                              MOVXM p2, #462080
         920    0x13 0x37 0x07 0x98                                                                                                                                                        EQ r27, r12, r16
         924    0x13 0xe0 0xe2 0x18                                                                                                                                                        SEL.EQZ r16, r15, r14, r27
         928    0x00 0x2c 0xf0 0x00 0x20 0x90 0x0b 0x00 0x00 0x00 0xb7 0x60 0x78 0x00 0x00 0xe1  NOPA;                         NOPB;                         MOVS p0, r16;                 NOPX;                         MOV p1, p7;                             NOPV
.return_address
.no_stack_arguments
         944    0x00 0x03 0x80 0x00 0x01 0x04                                                                                                                                              JL #1792
         950    0x00 0x40 0xa0 0x20 0xc1 0x64                                                                                                                                              MOVX r1, #1;                  MOV r0, #48
         956    0x00 0x00                                                                        NOPX
         958    0x00 0x00                                                                        NOPX
         960    0x00 0x00                                                                        NOPX
         962    0x00 0x2c 0xf0 0x02 0xb6 0x00 0x00 0x40 0x1a 0x57 0x00 0x00 0x1c 0x2e            NOPA;                                                       NOPS;                                                       NOPM;                                   NOPV
.return_address
         976    0x06 0x16 0x16 0x98                                                              LDA r16, [p6, #4]
         980    0x00 0x00                                                                        NOPX
         982    0x00 0x00                                                                        NOPX
         984    0x00 0x00                                                                        NOPX
         986    0x00 0x00                                                                        NOPX
.no_stack_arguments
         988    0x00 0x03 0x70 0x00 0x01 0x04                                                                                                                                              JL #1760
         994    0x00 0x00                                                                        NOPX
         996    0x84 0x7f 0xe8 0x30 0x01 0x24                                                                                                                                              ADD r17, r16, #-1;            ADD.NC r16, r16, #1
        1002    0x13 0x37 0x0a 0x98                                                                                                                                                        LT r27, r12, r16
        1006    0x14 0x21 0x12 0x18                                                                                                                                                        SEL.EQZ r16, r16, r17, r27
        1010    0x00 0x2c 0xf0 0x00 0x20 0x00 0xc5 0x05 0xff 0xeb 0xc2 0xc2 0x30 0x7e            NOPA;                         NOPB;                         ST r16, [p6, #4];             MOVX r0, #49;                 MOV r1, #-1
.return_address
        1024    0x06 0x16 0x16 0x98                                                              LDA r16, [p6, #4]
        1028    0x00 0x00                                                                        NOPX
        1030    0x00 0x00                                                                        NOPX
        1032    0x00 0x00                                                                        NOPX
.no_stack_arguments
        1034    0x00 0x03 0x90 0x00 0x01 0x04                                                                                                                                              JL #1824
        1040    0x00 0x00                                                                        NOPX
        1042    0x00 0x07 0x04 0xda 0x00 0x44                                                                                                                                              MOVXM p2, #462080
        1048    0x13 0x37 0x07 0x98                                                                                                                                                        EQ r27, r12, r16
        1052    0x13 0xe0 0xe2 0x18                                                                                                                                                        SEL.EQZ r16, r15, r14, r27
        1056    0x00 0x2c 0xf0 0x00 0x20 0x90 0x0b 0x00 0x00 0x00 0xb7 0x60 0x78 0x00 0x00 0xe1  NOPA;                         NOPB;                         MOVS p0, r16;                 NOPX;                         MOV p1, p7;                             NOPV
.return_address
.no_stack_arguments
        1072    0x00 0x03 0x80 0x00 0x01 0x04                                                                                                                                              JL #1792
        1078    0x00 0x40 0xa0 0x20 0xc1 0x64                                                                                                                                              MOVX r1, #1;                  MOV r0, #48
        1084    0x00 0x00                                                                        NOPX
        1086    0x00 0x00                                                                        NOPX
        1088    0x00 0x00                                                                        NOPX
        1090    0x00 0x2c 0xf0 0x02 0xb6 0x00 0x00 0x40 0x1a 0x57 0x00 0x00 0x1c 0x2e            NOPA;                                                       NOPS;                                                       NOPM;                                   NOPV
.return_address
        1104    0x06 0x16 0x16 0x98                                                              LDA r16, [p6, #4]
        1108    0x00 0x00                                                                        NOPX
        1110    0x00 0x00                                                                        NOPX
        1112    0x00 0x00                                                                        NOPX
        1114    0x00 0x00                                                                        NOPX
.no_stack_arguments
        1116    0x00 0x03 0x70 0x00 0x01 0x04                                                                                                                                              JL #1760
        1122    0x00 0x00                                                                        NOPX
        1124    0x84 0x7f 0xe8 0x30 0x01 0x24                                                                                                                                              ADD r17, r16, #-1;            ADD.NC r16, r16, #1
        1130    0x13 0x37 0x0a 0x98                                                                                                                                                        LT r27, r12, r16
        1134    0x14 0x21 0x12 0x18                                                                                                                                                        SEL.EQZ r16, r16, r17, r27
        1138    0x00 0x2c 0xf0 0x00 0x20 0x00 0xc5 0x05 0xff 0xeb 0xc2 0xc2 0x30 0x7e            NOPA;                         NOPB;                         ST r16, [p6, #4];             MOVX r0, #49;                 MOV r1, #-1
.return_address
        1152    0x06 0x16 0x16 0x98                                                              LDA r16, [p6, #4]
        1156    0x00 0x00                                                                        NOPX
        1158    0x00 0x00                                                                        NOPX
        1160    0x00 0x00                                                                        NOPX
.no_stack_arguments
        1162    0x00 0x03 0x90 0x00 0x01 0x04                                                                                                                                              JL #1824
        1168    0x00 0x00                                                                        NOPX
        1170    0x00 0x07 0x04 0xda 0x00 0x44                                                                                                                                              MOVXM p2, #462080
        1176    0x13 0x37 0x07 0x98                                                                                                                                                        EQ r27, r12, r16
        1180    0x13 0xe0 0xe2 0x18                                                                                                                                                        SEL.EQZ r16, r15, r14, r27
        1184    0x00 0x2c 0xf0 0x00 0x20 0x90 0x0b 0x00 0x00 0x00 0xb7 0x60 0x78 0x00 0x00 0xe1  NOPA;                         NOPB;                         MOVS p0, r16;                 NOPX;                         MOV p1, p7;                             NOPV
.return_address
.no_stack_arguments
        1200    0x00 0x03 0x80 0x00 0x01 0x04                                                                                                                                              JL #1792
        1206    0x00 0x40 0xa0 0x20 0xc1 0x64                                                                                                                                              MOVX r1, #1;                  MOV r0, #48
        1212    0x00 0x00                                                                        NOPX
        1214    0x00 0x00                                                                        NOPX
        1216    0x00 0x00                                                                        NOPX
        1218    0x00 0x2c 0xf0 0x02 0xb6 0x00 0x00 0x40 0x1a 0x57 0x00 0x00 0x1c 0x2e            NOPA;                                                       NOPS;                                                       NOPM;                                   NOPV
.return_address
        1232    0x06 0x16 0x16 0x98                                                              LDA r16, [p6, #4]
        1236    0x00 0x00                                                                        NOPX
        1238    0x00 0x00                                                                        NOPX
        1240    0x00 0x00                                                                        NOPX
        1242    0x00 0x00                                                                        NOPX
.no_stack_arguments
        1244    0x00 0x03 0x70 0x00 0x01 0x04                                                                                                                                              JL #1760
        1250    0x00 0x00                                                                        NOPX
        1252    0x84 0x7f 0xe8 0x30 0x01 0x24                                                                                                                                              ADD r17, r16, #-1;            ADD.NC r16, r16, #1
        1258    0x13 0x37 0x0a 0x98                                                                                                                                                        LT r27, r12, r16
        1262    0x14 0x21 0x12 0x18                                                                                                                                                        SEL.EQZ r16, r16, r17, r27
        1266    0x00 0x2c 0xf0 0x00 0x20 0x00 0xc5 0x05 0xff 0xeb 0xc2 0xc2 0x30 0x7e            NOPA;                         NOPB;                         ST r16, [p6, #4];             MOVX r0, #49;                 MOV r1, #-1
.return_address
        1280    0x06 0x16 0x16 0x98                                                              LDA r16, [p6, #4]
        1284    0x00 0x00                                                                        NOPX
        1286    0x00 0x00                                                                        NOPX
        1288    0x00 0x00                                                                        NOPX
.no_stack_arguments
        1290    0x00 0x03 0x90 0x00 0x01 0x04                                                                                                                                              JL #1824
        1296    0x00 0x00                                                                        NOPX
        1298    0x00 0x07 0x04 0xda 0x00 0x44                                                                                                                                              MOVXM p2, #462080
        1304    0x13 0x37 0x07 0x98                                                                                                                                                        EQ r27, r12, r16
        1308    0x13 0xe0 0xe2 0x18                                                                                                                                                        SEL.EQZ r16, r15, r14, r27
        1312    0x00 0x2c 0xf0 0x00 0x20 0x90 0x0b 0x00 0x00 0x00 0xb7 0x60 0x78 0x00 0x00 0xe1  NOPA;                         NOPB;                         MOVS p0, r16;                 NOPX;                         MOV p1, p7;                             NOPV
.return_address
.no_stack_arguments
        1328    0x00 0x03 0x80 0x00 0x01 0x04                                                                                                                                              JL #1792
        1334    0x00 0x40 0xa0 0x20 0xc1 0x64                                                                                                                                              MOVX r1, #1;                  MOV r0, #48
        1340    0x00 0x00                                                                        NOPX
        1342    0x00 0x00                                                                        NOPX
        1344    0x00 0x00                                                                        NOPX
        1346    0x00 0x2c 0xf0 0x02 0xb6 0x00 0x00 0x40 0x1a 0x57 0x00 0x00 0x1c 0x2e            NOPA;                                                       NOPS;                                                       NOPM;                                   NOPV
.return_address
        1360    0x06 0x16 0x16 0x98                                                              LDA r16, [p6, #4]
        1364    0x00 0x00                                                                        NOPX
        1366    0x00 0x00                                                                        NOPX
        1368    0x00 0x00                                                                        NOPX
        1370    0x00 0x00                                                                        NOPX
.no_stack_arguments
        1372    0x00 0x03 0x70 0x00 0x01 0x04                                                                                                                                              JL #1760
        1378    0x00 0x00                                                                        NOPX
        1380    0x84 0x7f 0xe8 0x30 0x01 0x24                                                                                                                                              ADD r17, r16, #-1;            ADD.NC r16, r16, #1
        1386    0x13 0x37 0x0a 0x98                                                                                                                                                        LT r27, r12, r16
        1390    0x14 0x21 0x12 0x18                                                                                                                                                        SEL.EQZ r16, r16, r17, r27
        1394    0x00 0x2c 0xf0 0x00 0x20 0x00 0xc5 0x05 0xff 0xeb 0xc2 0xc2 0x30 0x7e            NOPA;                         NOPB;                         ST r16, [p6, #4];             MOVX r0, #49;                 MOV r1, #-1
.return_address
        1408    0x06 0x16 0x16 0x98                                                              LDA r16, [p6, #4]
        1412    0x00 0x00                                                                        NOPX
        1414    0x00 0x00                                                                        NOPX
        1416    0x00 0x00                                                                        NOPX
.no_stack_arguments
        1418    0x00 0x03 0x90 0x00 0x01 0x04                                                                                                                                              JL #1824
        1424    0x00 0x00                                                                        NOPX
        1426    0x00 0x07 0x04 0xda 0x00 0x44                                                                                                                                              MOVXM p2, #462080
        1432    0x13 0x37 0x07 0x98                                                                                                                                                        EQ r27, r12, r16
        1436    0x13 0xe0 0xe2 0x18                                                                                                                                                        SEL.EQZ r16, r15, r14, r27
        1440    0x00 0x2c 0xf0 0x00 0x20 0x90 0x0b 0x00 0x00 0x00 0xb7 0x60 0x78 0x00 0x00 0xe1  NOPA;                         NOPB;                         MOVS p0, r16;                 NOPX;                         MOV p1, p7;                             NOPV
.return_address
.no_stack_arguments
        1456    0x00 0x03 0x80 0x00 0x01 0x04                                                                                                                                              JL #1792
        1462    0x00 0x40 0xa0 0x20 0xc1 0x64                                                                                                                                              MOVX r1, #1;                  MOV r0, #48
        1468    0x00 0x00                                                                        NOPX
        1470    0x00 0x00                                                                        NOPX
        1472    0x00 0x00                                                                        NOPX
        1474    0x00 0x2c 0xf0 0x02 0xb6 0x00 0x00 0x40 0x1a 0x57 0x00 0x00 0x1c 0x2e            NOPA;                                                       NOPS;                                                       NOPM;                                   NOPV
.return_address
        1488    0x06 0x16 0x16 0x98                                                              LDA r16, [p6, #4]
        1492    0x00 0x00                                                                        NOPX
        1494    0x00 0x00                                                                        NOPX
        1496    0x00 0x00                                                                        NOPX
        1498    0x00 0x00                                                                        NOPX
.no_stack_arguments
        1500    0x00 0x03 0x80 0x00 0x01 0x04                                                                                                                                              JL #1792
        1506    0x00 0x00                                                                        NOPX
        1508    0x84 0x7f 0xe8 0x30 0x01 0x24                                                                                                                                              ADD r17, r16, #-1;            ADD.NC r16, r16, #1
        1514    0x13 0x37 0x0a 0x98                                                                                                                                                        LT r27, r12, r16
        1518    0x14 0x21 0x12 0x18                                                                                                                                                        SEL.EQZ r16, r16, r17, r27
        1522    0x00 0x2c 0xf0 0x00 0x20 0x02 0x05 0x01 0x06 0x4b 0xc2 0xc2 0x30 0x7e            NOPA;                         NOPB;                         ST r16, [p6, #4];             MOVX r1, #1;                  MOV r0, #50
.return_address
        1536    0xc0 0xc2 0xd0 0x00 0x00 0x03 0xb0 0xd8 0x10 0xba                                LDA r16, [p6];                                                                            MOVXM p7, #432
        1546    0x00 0x00                                                                        NOPX
        1548    0x00 0x00                                                                        NOPX
        1550    0x00 0x00                                                                        NOPX
        1552    0x00 0x00                                                                        NOPX
        1554    0x12 0x53 0xe0 0x18                                                                                                                                                        JNZD r9, r9, p7
        1558    0x00 0x00                                                                        NOPX
        1560    0x84 0x7f 0xe8 0x30 0x01 0x24                                                                                                                                              ADD r17, r16, #-1;            ADD.NC r16, r16, #1
        1566    0x13 0x37 0x0a 0x98                                                                                                                                                        LT r27, r12, r16
        1570    0x14 0x21 0x12 0x18                                                                                                                                                        SEL.EQZ r16, r16, r17, r27
        1574    0x0e 0x06 0x11 0x98                                                                                                                          ST r16, [p6]
.loop_nesting 1
        1578    0x07 0xcd 0x31 0x18                                                              LDA r9, [sp, #-52]
        1582    0x00 0x00                                                                        NOPX
.no_stack_arguments
        1584    0x00 0x03 0x80 0x00 0x01 0x04                                                                                                                                              JL #1792
        1590    0x00 0x00                                                                        NOPX
        1592    0x00 0x00                                                                        NOPX
        1594    0x00 0x00                                                                        NOPX
        1596    0x1c 0x1c 0xc0 0xf8                                                                                                                                                                                      MOV r16, p6
        1600    0x00 0x21 0x00 0x00 0x20 0x01 0x5b 0x00 0x06 0xab 0xb4 0x3f 0x08 0x00 0x00 0xe1  MOVA r1, #1;                  NOPB;                         NOPS;                         MOVX r0, #53;                 ADD.NC p7, r16, #-4;                    NOPV
.return_address
        1616    0xfa 0x4e 0x20 0x13 0x00 0x3a 0x28 0x00 0x58 0xba                                LDA r19, [sp, #-48];                                                                      ADD r16, r9, #1;              MOV r17, #0
        1626    0xde 0xca 0xd0 0x1f 0xff 0xfe 0xaf 0xff 0x10 0xba                                LDA r18, [p6, #-4];                                                                       MOVXM r21, #2147483646
        1636    0x12 0xe9 0x08 0x98                                                                                                                                                        NE r20, r11, r16
        1640    0x00 0x00                                                                        NOPX
        1642    0x00 0x00                                                                        NOPX
        1644    0x00 0x00                                                                        NOPX
        1646    0x00 0x00                                                                        NOPX
        1648    0x14 0xe7 0x12 0x98                                                                                                                                                        ADC r19, r19, r17
        1652    0x15 0x6b 0x2c 0x98                                                                                                                                                        LTU r21, r21, r18
        1656    0x9d 0x9a 0x09 0x35 0x92 0xa4                                                                                                                                              EQZ r22, r19;                 ADD.NC r18, r21, r18
        1662    0xe3 0xca 0x39 0xc6 0x35 0x5c                                                                                                                ST r18, [p7], #4;             LT r17, r19, r17
        1668    0x15 0xa5 0x44 0x98                                                                                                                                                        AND r18, r22, r20
        1672    0x14 0x63 0x25 0x98                                                                                                                                                        OR r17, r17, r18
        1676    0x88 0x00 0xb0 0x40 0x01 0x84                                                                                                                                              JNZ r17, #352
        1682    0x0f 0xd2 0x75 0x98                                                                                                                          ST r19, [sp, #-48]
        1686    0x00 0x00                                                                        NOPX
        1688    0x00 0x00                                                                        NOPX
        1690    0x00 0x00                                                                        NOPX
        1692    0x00 0x00                                                                        NOPX
.loop_nesting 0
        1694    0x07 0xd4 0x39 0x18                                                              LDA lr, [sp, #-44]
        1698    0x07 0xf9 0x31 0x18                                                              LDA r9, [sp, #-8]
        1702    0x07 0xf5 0x51 0x18                                                              LDA r10, [sp, #-12]
        1706    0x07 0xf1 0x71 0x18                                                              LDA r11, [sp, #-16]
        1710    0x07 0xed 0x91 0x18                                                              LDA r12, [sp, #-20]
        1714    0x07 0xe9 0xb1 0x18                                                              LDA r13, [sp, #-24]
        1718    0x07 0xe5 0xd1 0x18                                                              LDA r14, [sp, #-28]
        1722    0x07 0xe1 0xf1 0x18                                                              LDA r15, [sp, #-32]
        1726    0x07 0xdd 0x11 0x18                                                              LDA r8, [sp, #-36]
        1730    0x07 0xdb 0x19 0x18                                                              LDA p6, [sp, #-40]
        1734    0x07 0xff 0x99 0x18                                                              LDA p7, [sp, #-4]
        1738    0x10 0x28 0x00 0x18                                                                                                                                                        RET lr
        1742    0x00 0x00                                                                        NOPX
        1744    0x00 0x00                                                                        NOPX
        1746    0x00 0x00                                                                        NOPX
        1748    0x00 0x00                                                                        NOPX
        1750    0xff 0xf8 0x00 0x00 0x01 0xc4                                                                                                                                              PADDXM [sp], #-64
.label core_0_2__end

.text_segment PM   1760
.label llvm___aie2p___acquire
.function_start
        1760    0x10 0x12 0x18 0x18                                                                                                                                                        ACQ r0, r1
        1764    0x10 0x28 0x00 0x18                                                                                                                                                        RET lr
        1768    0x00 0x00                                                                        NOPX
        1770    0x00 0x00                                                                        NOPX
        1772    0x00 0x00                                                                        NOPX
        1774    0x00 0x00                                                                        NOPX
        1776    0x00 0x00                                                                        NOPX
.label llvm___aie2p___acquire__end

.text_segment PM   1792
.label llvm___aie2p___release
.function_start
        1792    0x10 0x10 0x18 0x18                                                                                                                                                        REL r0, r1
        1796    0x10 0x28 0x00 0x18                                                                                                                                                        RET lr
        1800    0x00 0x00                                                                        NOPX
        1802    0x00 0x00                                                                        NOPX
        1804    0x00 0x00                                                                        NOPX
        1806    0x00 0x00                                                                        NOPX
        1808    0x00 0x00                                                                        NOPX
.label llvm___aie2p___release__end

.text_segment PM   1824
.label matmul_vectorized_bfp16
.function_start
        1824    0x01 0x02 0x00 0x1f 0x20 0x00 0x01 0xfd 0xb3 0x86 0x10 0xb6                      MOVA r2, #8;                  PADDB [p0], #0;                                             MOVXM p3, #521996
        1836    0x60 0x8e 0xd0 0x40 0x8b 0x00 0x01 0xfe 0x33 0x88 0x10 0x76                      LDA r3, [p3];                                               MOVS dn0, p0;                 MOVXM p4, #522000
        1848    0x80 0x98 0x50 0x01 0x80 0x08 0xa8 0x40 0x58 0xba                                LDA.s8 r6, [p4];                                                                          MOVX r24, #0;                 MOV r5, #64
        1858    0x01 0x31 0x00 0x20 0x10 0x08 0x28 0x08 0x10 0xba                                MOVA r17, #9;                                                                             MOVXM r1, #-2143281136
        1868    0x01 0x05 0x40 0x01 0x00 0x0a 0xca 0x39 0x78 0xba                                MOVA lc, #8;                                                                              MOVX r16, #0;                 VBCST.8 x11, r5
        1878    0x61 0x85 0x00 0x07 0xff 0xfe 0x4f 0x80 0x10 0xba                                MOVA r5, #780;                                                                            MOVXM r18, #536870656
        1888    0x1d 0x60 0x72 0xf8                                                                                                                                                                                      VBCST.8 x10, r24
        1892    0x08 0x04 0x00 0x24 0x02 0x44                                                                                                                                              MOVXM r0, #134480385
        1898    0x1e 0xc4 0xf9 0xa3 0x01 0x24                                                                                                                                              EQ r27, r3, r2;               ADD.NC r19, r3, #1
        1904    0x18 0xc5 0xb8 0xab 0x08 0x64                                                                                                                                              LSHL r3, r3, r2;              VSEL.8 x8, x10, x11, r1:r0
        1910    0x7f 0x7f 0x72 0x3e 0xfe 0x44                                                                                                                                              MOVXM r4, #2139062143
        1916    0x1c 0xa4 0x98 0x09 0x39 0xe4                                                                                                                                              AND r18, r3, r18;             MOV el8, r4
        1922    0x12 0x04 0x00 0x27 0x3c 0x12 0x22 0x4e 0x78 0xba                                MOVA r4, #144;                                                                            SEL.EQZ r19, r19, r24, r27;   MOV eh8, r4
        1932    0x00 0x06 0x03 0x06 0x71 0x8d 0xd4 0x00 0x4a 0x60 0x78 0x76                      MOVA r6, #0;                                                ST r19, [p3];                 MOVX crRnd, r6;               MOV r2, p2
        1944    0x00 0x00 0x01 0xef 0x80 0x44                                                                                                                                              MOVXM ls, #1984
        1950    0x00 0x00 0x06 0xf4 0xc0 0x44                                                                                                                                              MOVXM le, #2656
        1956    0x00 0x30 0x00 0x00 0x01 0xc4                                                                                                                                              PADDXM [sp], #384
        1962    0x88 0xa4 0xc1 0xa5 0x81 0xe4                                                                                                                                              MAC r2, r2, r17, r18;         MOV r3, p1
        1968    0x00 0x2c 0xf0 0x00 0x20 0x01 0x5b 0x00 0x00 0x00 0x0c 0x80 0x10 0x00 0x00 0xe1  NOPA;                         NOPB;                         NOPS;                         MOVXM r0, #2304;                                                      NOPV
.label ZLS_Fmatmul_vectorized_bfp16_160
.loop_nesting 1
.begin_of_loop
        1984    0x00 0x19 0x01 0x82 0x4b 0x0d 0x42 0x04 0x30 0xe0 0xa8 0x76                      MOVA r25, #0;                                               MOVS p1, dn0;                 ADD r20, r6, r4;              ADD.NC p0, r3, r16
        1996    0x00 0x1a 0x0a 0x28 0x28 0x01 0x80 0x0a 0x0c 0x00 0xa8 0xb6                      MOVA r26, #0;                 VLDB.FILL.512 [p1, lf1, r25];                               MOVX r24, #0;                 ADD.NC r16, r16, r0
        2008    0xa0 0x01 0x78 0x28 0x28 0x3c                                                    VLDA.POP.576 ex0, [p1, lf1, r25];VLDB.FILL.512 [p0, lf0, r24]
        2014    0xa0 0x09 0x74 0x01 0x28 0x3c                                                    VLDA.POP.576 ex1, [p1, lf1, r25];VLDB.POP.576 ex2, [p0, lf0, r24]
        2020    0xa0 0x21 0x74 0x01 0xa8 0x3c                                                    VLDA.POP.576 ex4, [p1, lf1, r25];VLDB.POP.576 ex3, [p0, lf0, r24]
        2026    0xa0 0x29 0x74 0x03 0x28 0x3c                                                    VLDA.POP.576 ex5, [p1, lf1, r25];VLDB.POP.576 ex6, [p0, lf0, r24]
        2032    0xff 0xc8 0xf4 0x03 0xa8 0x32 0x01 0x55 0xca 0x0f 0x00 0x91 0x60 0x7e            VLDA lfh1, [sp, #-64];        VLDB.POP.576 ex7, [p0, lf0, r24];MOVS dc0, p1;              MOVX r25, #0;                 MOV r21, r25
        2046    0xff 0x58 0xf2 0xc2 0xa2 0x94                                                    VLDA lfl1, [sp, #-128];                                                                                                 ADD.NC p1, r2, r20
        2052    0x3d 0x14 0x14 0x18                                                                                            VLDB.FILL.512 [p1, lf1, r25]
        2056    0x3b 0x02 0x54 0x18                                                                                            VLDB.POP.576 ex9, [p1, lf1, r25]
        2060    0x3b 0x02 0x94 0x18                                                                                            VLDB.POP.576 ex10, [p1, lf1, r25]
        2064    0xfe 0xc8 0xf0 0x01 0x90 0x08 0xb1 0x84 0xa8 0xba                                VLDA lfh1, [sp, #-192];                                                                   MOVX r25, #0;                 ADD.NC p1, r6, r2
        2074    0xfd 0x4d 0x60 0x28 0x62 0x05 0x31 0x60 0x79 0x3a                                                                                            VST lfh1, [sp, #-384];        ADD r6, r20, r4;              MOV p2, p1
        2084    0x0f 0xee 0xeb 0x18                                                                                                                          VST lfl1, [sp, #-320]
        2088    0x07 0xf2 0xc7 0x98                                                              VLDA lfl1, [sp, #-256]
        2092    0x3d 0x14 0x14 0x18                                                                                            VLDB.FILL.512 [p1, lf1, r25]
        2096    0x3b 0x02 0xd4 0x18                                                                                            VLDB.POP.576 ex11, [p1, lf1, r25]
        2100    0xff 0xcd 0x63 0x00 0x54 0x01 0x2a 0xf3 0x09 0x4a                                                              VLDB.POP.576 ex1, [p1, lf1, r25];VST lfh1, [sp, #-64];                                                                            VMUL.f dm2, ex9, ex8, r5
        2110    0xff 0x5d 0x61 0x61 0x80 0xe4 0x2b 0xf5 0x09 0x4a                                                                                            VST lfl1, [sp, #-128];                                      MOV p1, dc0;                            VMUL.f dm3, ex10, ex8, r5
        2120    0xfd 0x48 0xfc 0xb5 0x41 0xd4                                                    VLDA lfh1, [sp, #-384];                                                                                                 MOV r25, r21
        2126    0xfd 0xd8 0xf2 0x00 0x94 0x1d 0x2a 0x42 0x49 0x4a                                VLDA lfl1, [sp, #-320];       VLDB.POP.576 ex2, [p0, lf0, r24];                                                                                                 VMAC.f dm2, dm2, ex1, ex2, r5
        2136    0xa0 0x01 0x72 0x00 0xd4 0x1d 0x2b 0x62 0x69 0x4a                                VLDA.POP.576 ex0, [p1, lf1, r25];VLDB.POP.576 ex3, [p0, lf0, r24];                                                                                              VMAC.f dm3, dm3, ex1, ex3, r5
        2146    0x3b 0x00 0x54 0x18                                                                                            VLDB.POP.576 ex1, [p1, lf1, r25]
        2150    0x02 0x01 0x94 0x00 0x2a 0x4a 0xc9 0x62                                                                        VLDB.POP.576 ex6, [p0, lf0, r24];                                                                                                 VMAC.f dm2, dm2, ex5, ex6, r5
        2158    0xa0 0x21 0x74 0x03 0xab 0xfb 0x35 0x8e 0x28 0xf7 0x09 0x66                      VLDA.POP.576 ex4, [p1, lf1, r25];VLDB.POP.576 ex7, [p0, lf0, r24];VST lfh1, [sp, #-192];                                                                        VMUL.f dm0, ex11, ex8, r5
        2170    0xa0 0x29 0x78 0x28 0x2b 0xf9 0x75 0x8e 0x29 0xe3 0x09 0x66                      VLDA.POP.576 ex5, [p1, lf1, r25];VLDB.FILL.512 [p0, lf0, r24];VST lfl1, [sp, #-256];                                                                            VMUL.f dm1, ex1, ex8, r5
        2182    0x22 0x81 0x72 0x00 0x94 0x1d 0x2b 0x6a 0xe9 0x4a                                VLDA.FILL.512 [p1, lf1, r25]; VLDB.POP.576 ex2, [p0, lf0, r24];                                                                                                 VMAC.f dm3, dm3, ex5, ex7, r5
        2192    0x03 0x00 0x14 0x00 0x28 0x00 0x49 0x62                                                                        VLDB.POP.576 ex0, [p1, lf1, r25];                                                                                                 VMAC.f dm0, dm0, ex0, ex2, r5
        2200    0xa0 0x09 0x72 0x00 0xd4 0x1d 0x29 0x20 0x69 0x4a                                VLDA.POP.576 ex1, [p1, lf1, r25];VLDB.POP.576 ex3, [p0, lf0, r24];                                                                                              VMAC.f dm1, dm1, ex0, ex3, r5
        2210    0x00 0x00                                                                        NOPX
        2212    0x28 0x08 0xc9 0x48                                                                                                                                                                                                                              VMAC.f dm0, dm0, ex4, ex6, r5
        2216    0xa0 0x21 0x72 0x01 0x94 0x1d 0x29 0x28 0xe9 0x4a                                VLDA.POP.576 ex4, [p1, lf1, r25];VLDB.POP.576 ex6, [p0, lf0, r24];                                                                                              VMAC.f dm1, dm1, ex4, ex7, r5
        2226    0xa0 0x29 0x72 0x01 0xd4 0x1d 0x2a 0x42 0x49 0x4a                                VLDA.POP.576 ex5, [p1, lf1, r25];VLDB.POP.576 ex7, [p0, lf0, r24];                                                                                              VMAC.f dm2, dm2, ex1, ex2, r5
        2236    0x28 0x00 0x49 0x48                                                                                                                                                                                                                              VMAC.f dm0, dm0, ex0, ex2, r5
        2240    0x03 0x00 0x14 0x00 0x29 0x20 0x69 0x62                                                                        VLDB.POP.576 ex0, [p1, lf1, r25];                                                                                                 VMAC.f dm1, dm1, ex0, ex3, r5
        2248    0x02 0x00 0x94 0x00 0x2b 0x62 0x69 0x62                                                                        VLDB.POP.576 ex2, [p0, lf0, r24];                                                                                                 VMAC.f dm3, dm3, ex1, ex3, r5
        2256    0xa0 0x09 0x72 0x00 0xd4 0x1d 0x28 0x08 0xc9 0x4a                                VLDA.POP.576 ex1, [p1, lf1, r25];VLDB.POP.576 ex3, [p0, lf0, r24];                                                                                              VMAC.f dm0, dm0, ex4, ex6, r5
        2266    0x29 0x28 0xe9 0x48                                                                                                                                                                                                                              VMAC.f dm1, dm1, ex4, ex7, r5
        2270    0x03 0x01 0x14 0x00 0x2a 0x4a 0xc9 0x62                                                                        VLDB.POP.576 ex4, [p1, lf1, r25];                                                                                                 VMAC.f dm2, dm2, ex5, ex6, r5
        2278    0x02 0x01 0x94 0x00 0x2b 0x6a 0xe9 0x62                                                                        VLDB.POP.576 ex6, [p0, lf0, r24];                                                                                                 VMAC.f dm3, dm3, ex5, ex7, r5
        2286    0xa0 0x29 0x72 0x01 0xd4 0x1d 0x28 0x00 0x49 0x4a                                VLDA.POP.576 ex5, [p1, lf1, r25];VLDB.POP.576 ex7, [p0, lf0, r24];                                                                                              VMAC.f dm0, dm0, ex0, ex2, r5
        2296    0x22 0x81 0x74 0x14 0x14 0x1d 0x29 0x20 0x69 0x4a                                VLDA.FILL.512 [p1, lf1, r25]; VLDB.FILL.512 [p0, lf0, r24];                                                                                                     VMAC.f dm1, dm1, ex0, ex3, r5
        2306    0x03 0x00 0x14 0x00 0x2a 0x42 0x49 0x62                                                                        VLDB.POP.576 ex0, [p1, lf1, r25];                                                                                                 VMAC.f dm2, dm2, ex1, ex2, r5
        2314    0x02 0x00 0x94 0x00 0x2b 0x62 0x69 0x62                                                                        VLDB.POP.576 ex2, [p0, lf0, r24];                                                                                                 VMAC.f dm3, dm3, ex1, ex3, r5
        2322    0xa0 0x09 0x72 0x00 0xd4 0x1d 0x28 0x08 0xc9 0x4a                                VLDA.POP.576 ex1, [p1, lf1, r25];VLDB.POP.576 ex3, [p0, lf0, r24];                                                                                              VMAC.f dm0, dm0, ex4, ex6, r5
        2332    0x29 0x28 0xe9 0x48                                                                                                                                                                                                                              VMAC.f dm1, dm1, ex4, ex7, r5
        2336    0x03 0x01 0x14 0x00 0x2a 0x4a 0xc9 0x62                                                                        VLDB.POP.576 ex4, [p1, lf1, r25];                                                                                                 VMAC.f dm2, dm2, ex5, ex6, r5
        2344    0x02 0x01 0x94 0x00 0x2b 0x6a 0xe9 0x62                                                                        VLDB.POP.576 ex6, [p0, lf0, r24];                                                                                                 VMAC.f dm3, dm3, ex5, ex7, r5
        2352    0xa0 0x29 0x72 0x01 0xd4 0x1d 0x28 0x00 0x49 0x4a                                VLDA.POP.576 ex5, [p1, lf1, r25];VLDB.POP.576 ex7, [p0, lf0, r24];                                                                                              VMAC.f dm0, dm0, ex0, ex2, r5
        2362    0x29 0x20 0x69 0x48                                                                                                                                                                                                                              VMAC.f dm1, dm1, ex0, ex3, r5
        2366    0x03 0x00 0x14 0x00 0x2a 0x42 0x49 0x62                                                                        VLDB.POP.576 ex0, [p1, lf1, r25];                                                                                                 VMAC.f dm2, dm2, ex1, ex2, r5
        2374    0x02 0x00 0x94 0x00 0x2b 0x62 0x69 0x62                                                                        VLDB.POP.576 ex2, [p0, lf0, r24];                                                                                                 VMAC.f dm3, dm3, ex1, ex3, r5
        2382    0xa0 0x09 0x72 0x00 0xd4 0x1d 0x28 0x08 0xc9 0x4a                                VLDA.POP.576 ex1, [p1, lf1, r25];VLDB.POP.576 ex3, [p0, lf0, r24];                                                                                              VMAC.f dm0, dm0, ex4, ex6, r5
        2392    0x29 0x28 0xe9 0x48                                                                                                                                                                                                                              VMAC.f dm1, dm1, ex4, ex7, r5
        2396    0x03 0x01 0x14 0x00 0x2a 0x4a 0xc9 0x62                                                                        VLDB.POP.576 ex4, [p1, lf1, r25];                                                                                                 VMAC.f dm2, dm2, ex5, ex6, r5
        2404    0x02 0x01 0x94 0x00 0x2b 0x6a 0xe9 0x62                                                                        VLDB.POP.576 ex6, [p0, lf0, r24];                                                                                                 VMAC.f dm3, dm3, ex5, ex7, r5
        2412    0xa0 0x29 0x72 0x01 0xd4 0x1d 0x28 0x00 0x49 0x4a                                VLDA.POP.576 ex5, [p1, lf1, r25];VLDB.POP.576 ex7, [p0, lf0, r24];                                                                                              VMAC.f dm0, dm0, ex0, ex2, r5
        2422    0x22 0x81 0x74 0x14 0x14 0x1d 0x29 0x20 0x69 0x4a                                VLDA.FILL.512 [p1, lf1, r25]; VLDB.FILL.512 [p0, lf0, r24];                                                                                                     VMAC.f dm1, dm1, ex0, ex3, r5
        2432    0x03 0x00 0x14 0x00 0x2a 0x42 0x49 0x62                                                                        VLDB.POP.576 ex0, [p1, lf1, r25];                                                                                                 VMAC.f dm2, dm2, ex1, ex2, r5
        2440    0x02 0x00 0x94 0x00 0x2b 0x62 0x69 0x62                                                                        VLDB.POP.576 ex2, [p0, lf0, r24];                                                                                                 VMAC.f dm3, dm3, ex1, ex3, r5
        2448    0xa0 0x09 0x72 0x00 0xd4 0x1d 0x28 0x08 0xc9 0x4a                                VLDA.POP.576 ex1, [p1, lf1, r25];VLDB.POP.576 ex3, [p0, lf0, r24];                                                                                              VMAC.f dm0, dm0, ex4, ex6, r5
        2458    0x29 0x28 0xe9 0x48                                                                                                                                                                                                                              VMAC.f dm1, dm1, ex4, ex7, r5
        2462    0x03 0x01 0x14 0x00 0x2a 0x4a 0xc9 0x62                                                                        VLDB.POP.576 ex4, [p1, lf1, r25];                                                                                                 VMAC.f dm2, dm2, ex5, ex6, r5
        2470    0x02 0x01 0x94 0x00 0x2b 0x6a 0xe9 0x62                                                                        VLDB.POP.576 ex6, [p0, lf0, r24];                                                                                                 VMAC.f dm3, dm3, ex5, ex7, r5
        2478    0xa0 0x29 0x72 0x01 0xd4 0x1d 0x28 0x00 0x49 0x4a                                VLDA.POP.576 ex5, [p1, lf1, r25];VLDB.POP.576 ex7, [p0, lf0, r24];                                                                                              VMAC.f dm0, dm0, ex0, ex2, r5
        2488    0x29 0x20 0x69 0x48                                                                                                                                                                                                                              VMAC.f dm1, dm1, ex0, ex3, r5
        2492    0x03 0x00 0x14 0x00 0x2a 0x42 0x49 0x62                                                                        VLDB.POP.576 ex0, [p1, lf1, r25];                                                                                                 VMAC.f dm2, dm2, ex1, ex2, r5
        2500    0x02 0x00 0x94 0x00 0x2b 0x62 0x69 0x62                                                                        VLDB.POP.576 ex2, [p0, lf0, r24];                                                                                                 VMAC.f dm3, dm3, ex1, ex3, r5
        2508    0xa0 0x09 0x72 0x00 0xd4 0x1d 0x28 0x08 0xc9 0x4a                                VLDA.POP.576 ex1, [p1, lf1, r25];VLDB.POP.576 ex3, [p0, lf0, r24];                                                                                              VMAC.f dm0, dm0, ex4, ex6, r5
        2518    0x29 0x28 0xe9 0x48                                                                                                                                                                                                                              VMAC.f dm1, dm1, ex4, ex7, r5
        2522    0x03 0x01 0x14 0x00 0x2a 0x4a 0xc9 0x62                                                                        VLDB.POP.576 ex4, [p1, lf1, r25];                                                                                                 VMAC.f dm2, dm2, ex5, ex6, r5
        2530    0x02 0x01 0x94 0x00 0x2b 0x6a 0xe9 0x62                                                                        VLDB.POP.576 ex6, [p0, lf0, r24];                                                                                                 VMAC.f dm3, dm3, ex5, ex7, r5
        2538    0x80 0x39 0x73 0x01 0x54 0x1d 0x28 0x00 0x49 0x4a                                VLDA.POP.576 ex7, [p0, lf0, r24];VLDB.POP.576 ex5, [p1, lf1, r25];                                                                                              VMAC.f dm0, dm0, ex0, ex2, r5
        2548    0x29 0x20 0x69 0x48                                                                                                                                                                                                                              VMAC.f dm1, dm1, ex0, ex3, r5
        2552    0x2a 0x42 0x49 0x48                                                                                                                                                                                                                              VMAC.f dm2, dm2, ex1, ex2, r5
        2556    0x2b 0x62 0x69 0x48                                                                                                                                                                                                                              VMAC.f dm3, dm3, ex1, ex3, r5
        2560    0x28 0x08 0xc9 0x48                                                                                                                                                                                                                              VMAC.f dm0, dm0, ex4, ex6, r5
        2564    0x29 0x28 0xe9 0x48                                                                                                                                                                                                                              VMAC.f dm1, dm1, ex4, ex7, r5
        2568    0x2a 0x4a 0xc9 0x48                                                                                                                                                                                                                              VMAC.f dm2, dm2, ex5, ex6, r5
        2572    0x2b 0x6a 0xe9 0x48                                                                                                                                                                                                                              VMAC.f dm3, dm3, ex5, ex7, r5
        2576    0x28 0x00 0x49 0x48                                                                                                                                                                                                                              VMAC.f dm0, dm0, ex0, ex2, r5
        2580    0x29 0x20 0x69 0x48                                                                                                                                                                                                                              VMAC.f dm1, dm1, ex0, ex3, r5
        2584    0x2a 0x42 0x49 0x48                                                                                                                                                                                                                              VMAC.f dm2, dm2, ex1, ex2, r5
        2588    0x28 0x08 0xc9 0x48                                                                                                                                                                                                                              VMAC.f dm0, dm0, ex4, ex6, r5
        2592    0x29 0x28 0xe9 0x48                                                                                                                                                                                                                              VMAC.f dm1, dm1, ex4, ex7, r5
        2596    0x2b 0x62 0x69 0x48                                                                                                                                                                                                                              VMAC.f dm3, dm3, ex1, ex3, r5
        2600    0x2a 0x4a 0xc9 0x48                                                                                                                                                                                                                              VMAC.f dm2, dm2, ex5, ex6, r5
        2604    0x00 0x00                                                                        NOPX
        2606    0x2b 0x6a 0xe9 0x48                                                                                                                                                                                                                              VMAC.f dm3, dm3, ex5, ex7, r5
        2610    0x0d 0x80 0x03 0x18                                                                                                                          VST.PUSH.576.CONV.bfp16ebs8.fp32 dm0, [p2, sf, r26]
        2614    0x09 0x00 0x03 0x18                                                                                                                          VST.FLUSH.512.CONV [p2, sf, r26]
        2618    0x0d 0x80 0x83 0x18                                                                                                                          VST.PUSH.576.CONV.bfp16ebs8.fp32 dm1, [p2, sf, r26]
        2622    0x09 0x00 0x03 0x18                                                                                                                          VST.FLUSH.512.CONV [p2, sf, r26]
        2626    0x0d 0x81 0x03 0x18                                                                                                                          VST.PUSH.576.CONV.bfp16ebs8.fp32 dm2, [p2, sf, r26]
        2630    0x09 0x00 0x03 0x18                                                                                                                          VST.FLUSH.512.CONV [p2, sf, r26]
        2634    0x0d 0x81 0x83 0x18                                                                                                                          VST.PUSH.576.CONV.bfp16ebs8.fp32 dm3, [p2, sf, r26]
        2638    0x09 0x00 0x03 0x18                                                                                                                          VST.FLUSH.512.CONV [p2, sf, r26]
        2642    0x00 0x2c 0xf0 0x02 0xb6 0x00 0x00 0x40 0x1a 0x57 0x00 0x00 0x1c 0x2e            NOPA;                                                       NOPS;                                                       NOPM;                                   NOPV
.label ZLE_Fmatmul_vectorized_bfp16_832
.end_of_loop
        2656    0x00 0x2c 0xf0 0x00 0x20 0x01 0x5b 0x00 0x00 0x00 0x01 0xa5 0x78 0x00 0x00 0xe1  NOPA;                         NOPB;                         NOPS;                         NOPX;                         NOPM;                                   NOPV
.loop_nesting 0
        2672    0x10 0x28 0x00 0x18                                                                                                                                                        RET lr
        2676    0xff 0xd0 0x00 0x00 0x01 0xc4                                                                                                                                              PADDXM [sp], #-384
        2682    0x00 0x00                                                                        NOPX
        2684    0x00 0x00                                                                        NOPX
        2686    0x00 0x00                                                                        NOPX
        2688    0x00 0x00                                                                        NOPX
.label matmul_vectorized_bfp16__end

.text_segment PM   2704
.label zero_kernel
.function_start
        2704    0x20 0x05 0x40 0x00 0x22 0x80 0x8b 0x00 0x01 0xfc 0x33 0x88 0x10 0x07 0x00 0xe9  MOVA lc, #256;                NOPB;                         MOVS p2, p0;                  MOVXM p0, #522000;                                                    VCLR dm0
        2720    0x00 0x80 0x50 0x00 0x00 0x00 0x7d 0x88 0x10 0xba                                LDA.s8 r0, [p0];                                                                          MOVXM ls, #2832
        2730    0x00 0x1a 0x00 0x00 0x00 0x01 0xbd 0x90 0x10 0xba                                MOVA r26, #0;                                                                             MOVXM le, #2848
        2740    0x00 0x2c 0xf0 0x00 0x20 0x00 0x00 0x00 0x00 0xad 0x81 0x36                      NOPA;                         NOPB;                         NOPS;                         NOPX
        2752    0x00 0x2c 0xf0 0x00 0x20 0x01 0x5b 0x00 0x00 0x00 0x01 0xa5 0x78 0x00 0x00 0xe1  NOPA;                         NOPB;                         NOPS;                         NOPX;                         NOPM;                                   NOPV
        2768    0x00 0x2c 0xf0 0x00 0x20 0x01 0x5b 0x00 0x00 0x00 0x01 0xa5 0x78 0x00 0x00 0xe1  NOPA;                         NOPB;                         NOPS;                         NOPX;                         NOPM;                                   NOPV
        2784    0x00 0x2c 0xf0 0x00 0x20 0x01 0x5b 0x00 0x00 0x00 0x01 0xa5 0x78 0x00 0x00 0xe1  NOPA;                         NOPB;                         NOPS;                         NOPX;                         NOPM;                                   NOPV
        2800    0x00 0x2c 0xf0 0x00 0x20 0x01 0x5b 0x00 0x00 0x00 0x01 0xa5 0x78 0x00 0x00 0xe1  NOPA;                         NOPB;                         NOPS;                         NOPX;                         NOPM;                                   NOPV
        2816    0x00 0x2c 0xf0 0x00 0x20 0x01 0x5b 0x01 0xd4 0x00 0x01 0xa5 0x78 0x00 0x00 0xe1  NOPA;                         NOPB;                         NOPS;                         MOVX crRnd, r0;               NOPM;                                   NOPV
.label ZLS_Fzero_kernel_128
.loop_nesting 1
.begin_of_loop
        2832    0x00 0x2c 0xf0 0x00 0x25 0x80 0x03 0x00 0x00 0x00 0x01 0xa5 0x78 0x00 0x00 0xe1  NOPA;                         NOPB;                         VST.PUSH.576.CONV.bfp16ebs8.fp32 dm0, [p2, sf, r26];NOPX;   NOPM;                                   NOPV
.label ZLE_Fzero_kernel_144
.end_of_loop
        2848    0x00 0x2c 0xf0 0x00 0x21 0x00 0x03 0x00 0x00 0x00 0x01 0xa5 0x78 0x00 0x00 0xe1  NOPA;                         NOPB;                         VST.FLUSH.512.CONV [p2, sf, r26];NOPX;                      NOPM;                                   NOPV
.loop_nesting 0
        2864    0x10 0x28 0x00 0x18                                                                                                                                                        RET lr
        2868    0x00 0x00                                                                        NOPX
        2870    0x00 0x00                                                                        NOPX
        2872    0x00 0x00                                                                        NOPX
        2874    0x00 0x00                                                                        NOPX
        2876    0x00 0x00                                                                        NOPX
.label zero_kernel__end

.text_segment PM   2880
.label _fini
.function_start
        2880    0x00 0x08 0x00 0x00 0x01 0xc4                                                                                                                                              PADDXM [sp], #64
        2886    0xfe 0xba 0xb0 0x00 0x00 0x02 0x08 0x00 0x11 0x3a                                                                                            ST r14, [sp, #-12];           MOVXM r16, #0
        2896    0xff 0x73 0xb0 0x00 0x00 0x01 0xc8 0x00 0x11 0x3a                                                                                            ST p7, [sp, #-8];             MOVXM r14, #0
        2906    0x74 0x20 0xfe 0xd0 0x41 0xe4                                                                                                                                              EQ r16, r14, r16;             MOV p7, r16
        2912    0x80 0x05 0xe0 0x40 0x01 0x84                                                                                                                                              JNZ r16, #3008
        2918    0x0f 0xfd 0xf5 0x98                                                                                                                          ST r15, [sp, #-4]
        2922    0x0f 0xf0 0x3d 0x98                                                                                                                          ST lr, [sp, #-16]
        2926    0x00 0x00                                                                        NOPX
        2928    0x00 0x00                                                                        NOPX
        2930    0x00 0x2c 0xf0 0x02 0xb6 0x00 0x00 0x40 0x1a 0x57 0x00 0x00 0x1c 0x2e            NOPA;                                                       NOPS;                                                       NOPM;                                   NOPV
.label TGT_F_fini_64
.loop_nesting 1
        2944    0x07 0x1c 0x1e 0x98                                                              LDA p0, [p7], #4
        2948    0x00 0x00                                                                        NOPX
        2950    0x00 0x00                                                                        NOPX
        2952    0x00 0x00                                                                        NOPX
        2954    0x00 0x00                                                                        NOPX
        2956    0x00 0x00                                                                        NOPX
        2958    0x00 0x00                                                                        NOPX
.no_stack_arguments
        2960    0x10 0x30 0x00 0x18                                                                                                                                                        JL p0
        2964    0x1b 0xde 0xc0 0xf8                                                                                                                                                                                      MOV r15, p7
        2968    0x00 0x00                                                                        NOPX
        2970    0x00 0x00                                                                        NOPX
        2972    0x00 0x00                                                                        NOPX
        2974    0x00 0x00                                                                        NOPX
.return_address
        2976    0x13 0xe0 0xe8 0x98                                                                                                                                                        NE r16, r15, r14
        2980    0x80 0x05 0xc0 0x40 0x01 0x84                                                                                                                                              JNZ r16, #2944
        2986    0x00 0x00                                                                        NOPX
        2988    0x00 0x00                                                                        NOPX
        2990    0x00 0x00                                                                        NOPX
        2992    0x00 0x00                                                                        NOPX
        2994    0x00 0x2c 0xf0 0x02 0xb6 0x00 0x00 0x40 0x1a 0x57 0x00 0x00 0x1c 0x2e            NOPA;                                                       NOPS;                                                       NOPM;                                   NOPV
.label TGT_F_fini_128
.loop_nesting 0
        3008    0x07 0xf0 0x39 0x18                                                              LDA lr, [sp, #-16]
        3012    0x07 0xf5 0xd1 0x18                                                              LDA r14, [sp, #-12]
        3016    0x07 0xfd 0xf1 0x18                                                              LDA r15, [sp, #-4]
        3020    0x07 0xfb 0x99 0x18                                                              LDA p7, [sp, #-8]
        3024    0x00 0x00                                                                        NOPX
        3026    0x00 0x00                                                                        NOPX
        3028    0x00 0x00                                                                        NOPX
        3030    0x10 0x28 0x00 0x18                                                                                                                                                        RET lr
        3034    0x00 0x00                                                                        NOPX
        3036    0x00 0x00                                                                        NOPX
        3038    0x00 0x00                                                                        NOPX
        3040    0x00 0x00                                                                        NOPX
        3042    0xff 0xf8 0x00 0x00 0x01 0xc4                                                                                                                                              PADDXM [sp], #-64
.label _fini__end

.text_segment PM   3056
.label __cxa_finalize
.function_start
        3056    0xff 0xa1 0x00 0x00 0x01 0xfc 0x33 0x9a 0x10 0xba                                MOVA r1, #-3;                                                                             MOVXM p0, #522036
        3066    0x00 0x8a 0xd0 0x00 0x41 0x08 0x6f 0xe0 0x78 0xba                                LDA r2, [p0];                                                                             MOVX r4, #8;                  MOV r3, srsSign1
        3076    0x00 0x92 0x30 0x00 0x02 0x00 0x00 0x00 0x71 0x3a                                                                                            ST r4, [p0];                  PADDXM [sp], #64
        3086    0xfa 0x8e 0xb0 0x00 0x6b 0xe0 0x70 0x02                                                                                                      ST r3, [sp, #-44];                                          MOV r3, srsSign0
        3094    0xfc 0x0e 0xb0 0x00 0x6d 0xe0 0x70 0x02                                                                                                      ST r3, [sp, #-32];                                          MOV r3, packSign1
        3102    0xfc 0x8e 0xb0 0x00 0x69 0xe0 0x70 0x02                                                                                                      ST r3, [sp, #-28];                                          MOV r3, packSign0
        3110    0xfd 0x8e 0xb0 0x00 0x6a 0x70 0x70 0x02                                                                                                      ST r3, [sp, #-20];                                          MOV r3, crSat
        3118    0xfe 0x0e 0xb0 0x00 0x6c 0x70 0x70 0x02                                                                                                      ST r3, [sp, #-16];                                          MOV r3, crSRSMode
        3126    0xfe 0x8e 0xb0 0x04 0x2f 0x18 0x6b 0xb0 0x79 0x3a                                                                                            ST r3, [sp, #-12];            ADD r2, r2, #-8;              MOV r3, crPackSize
        3136    0xff 0x0e 0xb0 0x04 0xd0 0xf4 0x2f 0xb0 0x79 0x3a                                                                                            ST r3, [sp, #-8];             ASHL r13, r2, r1;             MOV r1, crRnd
        3146    0xff 0x86 0xb0 0x00 0x29 0x70 0x70 0x02                                                                                                      ST r1, [sp, #-4];                                           MOV r1, crUnpackSize
        3154    0xfd 0x06 0xb0 0x00 0x2e 0x70 0x70 0x02                                                                                                      ST r1, [sp, #-24];                                          MOV r1, crUPSMode
        3162    0xfb 0x86 0xb0 0x00 0x01 0xfc 0x2b 0x8a 0x11 0x3a                                                                                            ST r1, [sp, #-36];            MOVXM r1, #522004
        3172    0xfb 0x07 0xb0 0x03 0x30 0x44 0xa0 0x02                                                                                                      ST lr, [sp, #-40];                                          ADD.NC p6, r1, r2
        3180    0x1a 0x58 0x60 0xf8                                                                                                                                                                                      MOV r9, upsSign1
        3184    0x1a 0x10 0x60 0xf8                                                                                                                                                                                      MOV r8, upsSign0
        3188    0x1a 0xda 0x60 0xf8                                                                                                                                                                                      MOV r11, vaddSign1
        3192    0x1a 0x92 0x60 0xf8                                                                                                                                                                                      MOV r10, vaddSign0
        3196    0x1b 0x1c 0x60 0xf8                                                                                                                                                                                      MOV r12, unpackSign1
        3200    0x1b 0x94 0x60 0xf8                                                                                                                                                                                      MOV r14, unpackSign0
        3204    0x00 0x2c 0xf0 0x00 0x20 0x00 0x00 0x03 0xb6 0x48 0x10 0xb6                      NOPA;                         NOPB;                                                       MOVXM p7, #3216
.label TGT_F__cxa_finalize_160
.loop_nesting 1
        3216    0x06 0x1c 0x9e 0x98                                                              LDA p1, [p6], #4
        3220    0x06 0xdc 0x1e 0x98                                                              LDA p0, [p6], #-12
        3224    0x00 0x00                                                                        NOPX
        3226    0x00 0x00                                                                        NOPX
        3228    0x00 0x00                                                                        NOPX
        3230    0x00 0x00                                                                        NOPX
        3232    0x00 0x00                                                                        NOPX
.no_stack_arguments
        3234    0x10 0x30 0x40 0x18                                                                                                                                                        JL p1
        3238    0x00 0x00                                                                        NOPX
        3240    0x00 0x00                                                                        NOPX
        3242    0x00 0x00                                                                        NOPX
        3244    0x00 0x01 0x67 0x98                                                              NOPA
        3248    0x00 0x2c 0xf0 0x00 0x20 0x01 0x5b 0x00 0x00 0x01 0xe8 0x10 0x78 0x00 0x00 0xe1  NOPA;                         NOPB;                         NOPS;                         NOPX;                         MOV r15, r0;                            NOPV
.return_address
        3264    0x13 0x5b 0xe0 0x18                                                                                                                                                        JNZD r13, r13, p7
        3268    0x18 0x17 0xa0 0xf8                                                                                                                                                                                      MOV r0, r15
        3272    0x00 0x00                                                                        NOPX
        3274    0x00 0x00                                                                        NOPX
        3276    0x00 0x00                                                                        NOPX
        3278    0x00 0x00                                                                        NOPX
.loop_nesting 0
        3280    0xfa 0x86 0x20 0x17 0xf2 0x02 0x1a 0x50 0x78 0xba                                LDA r1, [sp, #-44];                                                                       MOVX vaddSign1, r11;          MOV upsSign1, r9
        3290    0xfc 0x8e 0x20 0x15 0xd2 0x00 0x1a 0x10 0x78 0xba                                LDA r3, [sp, #-28];                                                                       MOVX vaddSign0, r10;          MOV upsSign0, r8
        3300    0xfb 0x07 0x26 0x7b 0x80 0x2c                                                    LDA lr, [sp, #-40];                                                                       MOVX unpackSign1, r12
        3306    0xfc 0x0a 0x27 0x73 0x80 0x2c                                                    LDA r2, [sp, #-32];                                                                       MOVX unpackSign0, r14
        3312    0x07 0xec 0xf1 0x18                                                              LDA r7, [sp, #-20]
        3316    0x07 0xf0 0x91 0x18                                                              LDA r4, [sp, #-16]
        3320    0x07 0xf4 0xb1 0x18                                                              LDA r5, [sp, #-12]
        3324    0xff 0x1a 0x20 0xf9 0x80 0x2c                                                    LDA r6, [sp, #-8];                                                                        MOVX srsSign1, r1
        3330    0xff 0x86 0x21 0xf8 0x80 0x2c                                                    LDA r1, [sp, #-4];                                                                        MOVX packSign1, r3
        3336    0x07 0xe8 0x51 0x18                                                              LDA r2, [sp, #-24]
        3340    0x07 0xdc 0x71 0x18                                                              LDA r3, [sp, #-36]
        3344    0x00 0x00                                                                        NOPX
        3346    0x10 0x28 0x00 0x18                                                                                                                                                        RET lr
        3350    0xff 0xf8 0x00 0x00 0x01 0xc4                                                                                                                                              PADDXM [sp], #-64
        3356    0x17 0x18 0x03 0xc7 0x41 0xe4                                                                                                                                              MOVX srsSign0, r2;            MOV packSign0, r7
        3362    0x27 0x70 0x08 0xe5 0x41 0xe4                                                                                                                                              MOVX crSat, r4;               MOV crSRSMode, r5
        3368    0x37 0x40 0x0f 0x61 0x41 0xe4                                                                                                                                              MOVX crPackSize, r6;          MOV crRnd, r1
        3374    0x17 0x90 0x0c 0xe3 0x41 0xe4                                                                                                                                              MOVX crUnpackSize, r2;        MOV crUPSMode, r3
.label __cxa_finalize__end

.bss_segment DMb 521996	    4

.bss_segment DMb 522000	    1

.data_segment DMb 522004
.label _ZL7atexits
	0x40
	0xb
	0x0
	0x0
	0x0
	0x0
	0x0
	0x0
	0x0
	0x0
	0x0
	0x0
	0x0
	0x0
	0x0
	0x0
	0x0
	0x0
	0x0
	0x0
	0x0
	0x0
	0x0
	0x0
	0x0
	0x0
	0x0
	0x0
	0x0
	0x0
	0x0
	0x0
.label _ZL10atexit_cnt
	0x8
	0x0
	0x0
	0x0

.stack DM_stack 458752 462080
