
// File generated by darts version U-2023.06#b8bbc031dd#240626, Mon Sep 29 02:34:19 2025
// Copyright 2014-2023 Synopsys, Inc. All rights reserved.
// darts -I/tools/ryzen_ai-1.3.0/vitis_aie_essentials/data/aie2p/lib -d -h -I/tools/ryzen_ai-1.3.0/vitis_aie_essentials/include -I/tools/ryzen_ai-1.3.0/vitis_aie_essentials/data/aie2p/lib/runtime_cxx/libcxx-lite/include -I/tools/ryzen_ai-1.3.0/vitis_aie_essentials/data/aie2p/lib/runtime_cxx/libs/libcxx-9.0.0/include-lite -I/tools/ryzen_ai-1.3.0/vitis_aie_essentials/data/aie2p/lib/runtime/include -D__AIENGINE__ -D__AIE_ARCH__=21 -D__AIEARCH__=21 -D__tct_tgt__=240628 -L +Ihex +nanno +u core_0_2.elf me

// Release: ipp U-2023.06-TGT-240628

.text_segment PM      0
.entry_point
.label __AIE_ARCH_MODEL_VERSION__21011000__inlined__1__me_basic___main_init_
.label _main_init
.function_start
           0    0x00 0x07 0x09 0xe0 0x00 0x44                                                                                                                                              MOVXM sp, #458752
           6    0x00 0x00 0x04 0x20 0x00 0x44                                                                                                                                              MOVXM r8, #0
          12    0x00 0x00 0x08 0x20 0x00 0x44                                                                                                                                              MOVXM r16, #0
          18    0x12 0x21 0x07 0x98                                                                                                                                                        EQ r16, r8, r16
          22    0x80 0x00 0x40 0x40 0x01 0x84                                                                                                                                              JNZ r16, #128
          28    0x00 0x00                                                                        NOPX
          30    0x00 0x00                                                                        NOPX
          32    0x00 0x00                                                                        NOPX
          34    0x00 0x00                                                                        NOPX
          36    0x00 0x00                                                                        NOPX
          38    0xf0 0x11 0x60 0x3f 0xff 0xff 0x37 0xfe 0x11 0x3a                                                                                            MOVS p7, p0;                  MOVXM p6, #-4
          48    0x00 0x2c 0xf0 0x00 0x20 0x01 0x5b 0x00 0x00 0x01 0x28 0x50 0x78 0x00 0x00 0xe1  NOPA;                         NOPB;                         NOPS;                         NOPX;                         MOV r9, r1;                             NOPV
.label TGT_F_main_init_64
.loop_nesting 1
          64    0xdf 0x83 0xd5 0x39 0x81 0xd4                                                    LDA p0, [p6], #-4;                                                                                                      MOV r10, p6
          70    0x00 0x00                                                                        NOPX
          72    0x00 0x00                                                                        NOPX
          74    0x00 0x00                                                                        NOPX
          76    0x00 0x00                                                                        NOPX
          78    0x00 0x00                                                                        NOPX
          80    0x00 0x00                                                                        NOPX
.no_stack_arguments
          82    0x10 0x30 0x00 0x18                                                                                                                                                        JL p0
          86    0x00 0x00                                                                        NOPX
          88    0x00 0x00                                                                        NOPX
          90    0x00 0x00                                                                        NOPX
          92    0x00 0x00                                                                        NOPX
          94    0x00 0x00                                                                        NOPX
.return_address
          96    0x12 0xa0 0x88 0x98                                                                                                                                                        NE r16, r10, r8
         100    0x80 0x00 0x20 0x40 0x01 0x84                                                                                                                                              JNZ r16, #64
         106    0x00 0x00                                                                        NOPX
         108    0x00 0x00                                                                        NOPX
         110    0x00 0x00                                                                        NOPX
         112    0x00 0x00                                                                        NOPX
         114    0x00 0x00                                                                        NOPX
.loop_nesting 0
         116    0x00 0x2c 0xf0 0x00 0x20 0x9c 0x8b 0x00 0x2a 0x50 0x70 0xf6                      NOPA;                         NOPB;                         MOVS p0, p7;                                                MOV r1, r9
.label TGT_F_main_init_128
.no_stack_arguments
         128    0x00 0x00 0x70 0x00 0x01 0x04                                                                                                                                              JL #224
         134    0x00 0x00                                                                        NOPX
         136    0x00 0x00                                                                        NOPX
         138    0x00 0x00                                                                        NOPX
         140    0x00 0x00                                                                        NOPX
         142    0x00 0x00                                                                        NOPX
.return_address
.no_stack_arguments
         144    0x00 0x06 0x30 0x00 0x01 0x04                                                                                                                                              JL #3168
         150    0x18 0x60 0x00 0xb8                                                                                                                                                                                      MOV p0, #0
         154    0x00 0x00                                                                        NOPX
         156    0x00 0x00                                                                        NOPX
         158    0x00 0x00                                                                        NOPX
         160    0x00 0x2c 0xf0 0x00 0x20 0x01 0x5b 0x00 0x00 0x00 0x01 0xa5 0x78 0x00 0x00 0xe1  NOPA;                         NOPB;                         NOPS;                         NOPX;                         NOPM;                                   NOPV
.return_address
.swstall chess_separator_scheduler
         176    0x00 0x00                                                                        NOPX
.swstall chess_separator_scheduler
         178    0x00 0x00                                                                        NOPX
.swstall chess_separator_scheduler
         180    0x00 0x00                                                                        NOPX
.swstall chess_separator_scheduler
         182    0x00 0x00                                                                        NOPX
.swstall chess_separator_scheduler
         184    0x00 0x00                                                                        NOPX
.swstall chess_separator_scheduler
         186    0x00 0x00                                                                        NOPX
         188    0x10 0x08 0x00 0x18                                                                                                                                                        DONE
.swstall chess_separator_scheduler
         192    0x00 0x00                                                                        NOPX
.swstall chess_separator_scheduler
         194    0x00 0x00                                                                        NOPX
.swstall chess_separator_scheduler
         196    0x00 0x00                                                                        NOPX
.swstall chess_separator_scheduler
         198    0x00 0x00                                                                        NOPX
.swstall chess_separator_scheduler
         200    0x00 0x00                                                                        NOPX
.swstall chess_separator_scheduler
         202    0x00 0x00                                                                        NOPX
.swstall for_chess_exit
.exit
         204    0x00 0x01 0x67 0x98                                                              NOPA
.label TGT_F_main_init_208
.loop_nesting 1
         208    0x00 0x00 0x68 0x00 0x00 0x84                                                                                                                                              J #208
         214    0x00 0x00                                                                        NOPX
         216    0x00 0x00                                                                        NOPX
         218    0x00 0x00                                                                        NOPX
         220    0x00 0x00                                                                        NOPX
         222    0x00 0x00                                                                        NOPX
.label _main_init__end
.label core_0_2
.function_start
         224    0x00 0x18 0x02 0x9c 0x8b 0x00 0x01 0xeb 0xb7 0x80 0x10 0x76                      MOVA r24, #0;                                               MOVS p2, p7;                  MOVXM p7, #503552
         236    0x00 0x10 0x07 0x1f 0x11 0x80 0x02 0x00 0x00 0x00 0x70 0x76                      MOVA r16, #0;                                               ST r24, [p7], #4;             PADDXM [sp], #64
         248    0xe0 0xe2 0x30 0x00 0xb0 0x28 0x2a 0xd0 0x79 0x3a                                                                                            ST r24, [p7];                 MOVX r11, #1;                 MOV r1, r11
         258    0xe2 0xe2 0x30 0x3e 0xa7 0xe8 0x0a 0x90 0x79 0x3a                                                                                            ST r24, [p7, #4];             MOVX r10, #-1;                MOV r0, r10
         268    0xfa 0x62 0xb0 0x00 0xab 0xd0 0x70 0x02                                                                                                      ST r24, [sp, #-48];                                         MOV r5, r15
         276    0xfb 0x96 0xb0 0x00 0x8b 0x90 0x70 0x02                                                                                                      ST r5, [sp, #-36];                                          MOV r4, r14
         284    0xfc 0x12 0xb0 0x00 0x4b 0x10 0x70 0x02                                                                                                      ST r4, [sp, #-32];                                          MOV r2, r12
         292    0xfd 0x0a 0xb0 0x00 0x6b 0x50 0x70 0x02                                                                                                      ST r2, [sp, #-24];                                          MOV r3, r13
         300    0xfc 0x8e 0xb0 0x00 0x01 0xe9 0xcb 0x00 0x11 0x3a                                                                                            ST r3, [sp, #-28];            MOVXM r14, #501248
         310    0xfd 0x86 0xb0 0x00 0x01 0xe5 0xee 0x80 0x11 0x3a                                                                                            ST r1, [sp, #-20];            MOVXM r15, #498944
         320    0x0f 0xf0 0x15 0x98                                                                                                                          ST r0, [sp, #-16]
         324    0x0f 0xf5 0x35 0x98                                                                                                                          ST r9, [sp, #-12]
         328    0x0f 0xf9 0x15 0x98                                                                                                                          ST r8, [sp, #-8]
         332    0x0f 0xfd 0x1d 0x98                                                                                                                          ST p2, [sp, #-4]
         336    0x0f 0xdb 0x1d 0x98                                                                                                                          ST p6, [sp, #-40]
         340    0x00 0x2c 0xf0 0x00 0x20 0x00 0x00 0x03 0xea 0x1e 0xc1 0x36                      NOPA;                         NOPB;                         ST lr, [sp, #-44];            NOPX
.label TGT_Fcore_0_2_128
.loop_nesting 1
.no_stack_arguments
         352    0x00 0x02 0x70 0x00 0x01 0x04                                                                                                                                              JL #1248
         358    0xff 0xe1 0x07 0xce 0x15 0x80 0x06 0x8b 0x37 0x60 0x78 0x76                      MOVA r1, #-1;                                               ST r16, [sp, #-52];           MOVX r0, #52;                 MOV p6, p7
         370    0x00 0x00                                                                        NOPX
         372    0x00 0x00                                                                        NOPX
         374    0x00 0x00                                                                        NOPX
         376    0x00 0x2c 0xf0 0x04 0x00 0x00 0x1c 0x22                                          NOPA;                                                                                                                                                           NOPV
.return_address
.no_stack_arguments
         384    0x00 0x05 0x80 0x00 0x01 0x04                                                                                                                                              JL #2816
         390    0x00 0x07 0x00 0xda 0x00 0x44                                                                                                                                              MOVXM p0, #462080
         396    0x00 0x00                                                                        NOPX
         398    0x00 0x00                                                                        NOPX
         400    0x00 0x00                                                                        NOPX
         402    0x00 0x2c 0xf0 0x02 0xb6 0x00 0x00 0x40 0x1a 0x57 0x00 0x00 0x1c 0x2e            NOPA;                                                       NOPS;                                                       NOPM;                                   NOPV
.return_address
         416    0x00 0x2c 0xf0 0x00 0x20 0x01 0x5b 0x00 0x80 0xe8 0x01 0xa5 0x78 0x00 0x00 0xe1  NOPA;                         NOPB;                         NOPS;                         MOVX r8, #7;                  NOPM;                                   NOPV
.label TGT_Fcore_0_2_208
.loop_nesting 2
.no_stack_arguments
         432    0x00 0x02 0x70 0x00 0x01 0x04                                                                                                                                              JL #1248
         438    0xf8 0x5f 0xa0 0x20 0xcd 0x64                                                                                                                                              MOVX r1, #-1;                 MOV r0, #51
         444    0x00 0x00                                                                        NOPX
         446    0x00 0x00                                                                        NOPX
         448    0x00 0x00                                                                        NOPX
         450    0x00 0x2c 0xf0 0x02 0xb6 0x00 0x00 0x40 0x1a 0x57 0x00 0x00 0x1c 0x2e            NOPA;                                                       NOPS;                                                       NOPM;                                   NOPV
.return_address
         464    0x06 0x06 0x56 0x98                                                              LDA r18, [p6]
         468    0x00 0x00                                                                        NOPX
         470    0x00 0x00                                                                        NOPX
.no_stack_arguments
         472    0x00 0x02 0x70 0x00 0x01 0x04                                                                                                                                              JL #1248
         478    0x00 0x00                                                                        NOPX
         480    0x00 0x07 0x78 0x32 0x00 0x44                                                                                                                                              MOVXM r16, #489728
         486    0x00 0x07 0x58 0xaa 0x00 0x44                                                                                                                                              MOVXM r17, #480512
         492    0x12 0xf7 0x27 0x98                                                                                                                                                        EQ r27, r11, r18
         496    0xff 0xe1 0x00 0x00 0x20 0x01 0x5b 0x22 0x98 0x10 0x08 0x31 0x58 0x00 0x00 0xe1  MOVA r1, #-1;                 NOPB;                         NOPS;                         SEL.EQZ r9, r17, r16, r27;    MOV r0, #49;                            NOPV
.return_address
         512    0x06 0x16 0x16 0x98                                                              LDA r16, [p6, #4]
         516    0x00 0x00                                                                        NOPX
         518    0x00 0x00                                                                        NOPX
         520    0x00 0x00                                                                        NOPX
.no_stack_arguments
         522    0x00 0x02 0x90 0x00 0x01 0x04                                                                                                                                              JL #1312
         528    0x00 0x00                                                                        NOPX
         530    0x00 0x07 0x04 0xda 0x00 0x44                                                                                                                                              MOVXM p2, #462080
         536    0x12 0xf7 0x07 0x98                                                                                                                                                        EQ r27, r11, r16
         540    0x7c 0x1c 0x42 0xc9 0x41 0xe4                                                                                                                                              SEL.EQZ r16, r15, r14, r27;   MOV p1, r9
         546    0x00 0x2c 0xf1 0x20 0x16 0x00 0x00 0x7b 0x16 0x07 0x00 0x00 0x1c 0x2e            NOPA;                                                       MOVS p0, r16;                                               MOV p7, p1;                             NOPV
.return_address
.no_stack_arguments
         560    0x00 0x02 0x80 0x00 0x01 0x04                                                                                                                                              JL #1280
         566    0x00 0x18 0x20 0xa0 0x05 0x64                                                                                                                                              MOVX r0, #48;                 MOV r1, #1
         572    0x00 0x00                                                                        NOPX
         574    0x00 0x00                                                                        NOPX
         576    0x00 0x00                                                                        NOPX
         578    0x00 0x2c 0xf0 0x02 0xb6 0x00 0x00 0x40 0x1a 0x57 0x00 0x00 0x1c 0x2e            NOPA;                                                       NOPS;                                                       NOPM;                                   NOPV
.return_address
         592    0x06 0x16 0x16 0x98                                                              LDA r16, [p6, #4]
         596    0x00 0x00                                                                        NOPX
         598    0x00 0x00                                                                        NOPX
         600    0x00 0x00                                                                        NOPX
         602    0x00 0x00                                                                        NOPX
.no_stack_arguments
         604    0x00 0x02 0x70 0x00 0x01 0x04                                                                                                                                              JL #1248
         610    0x00 0x00                                                                        NOPX
         612    0x84 0x7f 0xe8 0x30 0x01 0x24                                                                                                                                              ADD r17, r16, #-1;            ADD.NC r16, r16, #1
         618    0x12 0xf7 0x0a 0x98                                                                                                                                                        LT r27, r11, r16
         622    0x14 0x21 0x12 0x18                                                                                                                                                        SEL.EQZ r16, r16, r17, r27
         626    0x00 0x2c 0xf0 0x00 0x20 0x00 0xc5 0x05 0xff 0xeb 0xc2 0xc2 0x30 0x7e            NOPA;                         NOPB;                         ST r16, [p6, #4];             MOVX r0, #49;                 MOV r1, #-1
.return_address
         640    0x06 0x16 0x16 0x98                                                              LDA r16, [p6, #4]
         644    0x00 0x00                                                                        NOPX
         646    0x00 0x00                                                                        NOPX
         648    0x00 0x00                                                                        NOPX
.no_stack_arguments
         650    0x00 0x02 0x90 0x00 0x01 0x04                                                                                                                                              JL #1312
         656    0x00 0x00                                                                        NOPX
         658    0x00 0x07 0x04 0xda 0x00 0x44                                                                                                                                              MOVXM p2, #462080
         664    0x12 0xf7 0x07 0x98                                                                                                                                                        EQ r27, r11, r16
         668    0x13 0xe0 0xe2 0x18                                                                                                                                                        SEL.EQZ r16, r15, r14, r27
         672    0x00 0x2c 0xf0 0x00 0x20 0x90 0x0b 0x00 0x00 0x00 0xb7 0x60 0x78 0x00 0x00 0xe1  NOPA;                         NOPB;                         MOVS p0, r16;                 NOPX;                         MOV p1, p7;                             NOPV
.return_address
.no_stack_arguments
         688    0x00 0x02 0x80 0x00 0x01 0x04                                                                                                                                              JL #1280
         694    0x00 0x18 0x20 0xa0 0x05 0x64                                                                                                                                              MOVX r0, #48;                 MOV r1, #1
         700    0x00 0x00                                                                        NOPX
         702    0x00 0x00                                                                        NOPX
         704    0x00 0x00                                                                        NOPX
         706    0x00 0x2c 0xf0 0x02 0xb6 0x00 0x00 0x40 0x1a 0x57 0x00 0x00 0x1c 0x2e            NOPA;                                                       NOPS;                                                       NOPM;                                   NOPV
.return_address
         720    0x06 0x16 0x16 0x98                                                              LDA r16, [p6, #4]
         724    0x00 0x00                                                                        NOPX
         726    0x00 0x00                                                                        NOPX
         728    0x00 0x00                                                                        NOPX
         730    0x00 0x00                                                                        NOPX
.no_stack_arguments
         732    0x00 0x02 0x70 0x00 0x01 0x04                                                                                                                                              JL #1248
         738    0x00 0x00                                                                        NOPX
         740    0x84 0x7f 0xe8 0x30 0x01 0x24                                                                                                                                              ADD r17, r16, #-1;            ADD.NC r16, r16, #1
         746    0x12 0xf7 0x0a 0x98                                                                                                                                                        LT r27, r11, r16
         750    0x14 0x21 0x12 0x18                                                                                                                                                        SEL.EQZ r16, r16, r17, r27
         754    0x00 0x2c 0xf0 0x00 0x20 0x00 0xc5 0x05 0xff 0xeb 0xc2 0xc2 0x30 0x7e            NOPA;                         NOPB;                         ST r16, [p6, #4];             MOVX r0, #49;                 MOV r1, #-1
.return_address
         768    0x06 0x16 0x16 0x98                                                              LDA r16, [p6, #4]
         772    0x00 0x00                                                                        NOPX
         774    0x00 0x00                                                                        NOPX
         776    0x00 0x00                                                                        NOPX
.no_stack_arguments
         778    0x00 0x02 0x90 0x00 0x01 0x04                                                                                                                                              JL #1312
         784    0x00 0x00                                                                        NOPX
         786    0x00 0x07 0x04 0xda 0x00 0x44                                                                                                                                              MOVXM p2, #462080
         792    0x12 0xf7 0x07 0x98                                                                                                                                                        EQ r27, r11, r16
         796    0x13 0xe0 0xe2 0x18                                                                                                                                                        SEL.EQZ r16, r15, r14, r27
         800    0x00 0x2c 0xf0 0x00 0x20 0x90 0x0b 0x00 0x00 0x00 0xb7 0x60 0x78 0x00 0x00 0xe1  NOPA;                         NOPB;                         MOVS p0, r16;                 NOPX;                         MOV p1, p7;                             NOPV
.return_address
.no_stack_arguments
         816    0x00 0x02 0x80 0x00 0x01 0x04                                                                                                                                              JL #1280
         822    0x00 0x18 0x20 0xa0 0x05 0x64                                                                                                                                              MOVX r0, #48;                 MOV r1, #1
         828    0x00 0x00                                                                        NOPX
         830    0x00 0x00                                                                        NOPX
         832    0x00 0x00                                                                        NOPX
         834    0x00 0x2c 0xf0 0x02 0xb6 0x00 0x00 0x40 0x1a 0x57 0x00 0x00 0x1c 0x2e            NOPA;                                                       NOPS;                                                       NOPM;                                   NOPV
.return_address
         848    0x06 0x16 0x16 0x98                                                              LDA r16, [p6, #4]
         852    0x00 0x00                                                                        NOPX
         854    0x00 0x00                                                                        NOPX
         856    0x00 0x00                                                                        NOPX
         858    0x00 0x00                                                                        NOPX
.no_stack_arguments
         860    0x00 0x02 0x70 0x00 0x01 0x04                                                                                                                                              JL #1248
         866    0x00 0x00                                                                        NOPX
         868    0x84 0x7f 0xe8 0x30 0x01 0x24                                                                                                                                              ADD r17, r16, #-1;            ADD.NC r16, r16, #1
         874    0x12 0xf7 0x0a 0x98                                                                                                                                                        LT r27, r11, r16
         878    0x14 0x21 0x12 0x18                                                                                                                                                        SEL.EQZ r16, r16, r17, r27
         882    0x00 0x2c 0xf0 0x00 0x20 0x00 0xc5 0x05 0xff 0xeb 0xc2 0xc2 0x30 0x7e            NOPA;                         NOPB;                         ST r16, [p6, #4];             MOVX r0, #49;                 MOV r1, #-1
.return_address
         896    0x06 0x16 0x16 0x98                                                              LDA r16, [p6, #4]
         900    0x00 0x00                                                                        NOPX
         902    0x00 0x00                                                                        NOPX
         904    0x00 0x00                                                                        NOPX
.no_stack_arguments
         906    0x00 0x02 0x90 0x00 0x01 0x04                                                                                                                                              JL #1312
         912    0x00 0x00                                                                        NOPX
         914    0x00 0x07 0x04 0xda 0x00 0x44                                                                                                                                              MOVXM p2, #462080
         920    0x12 0xf7 0x07 0x98                                                                                                                                                        EQ r27, r11, r16
         924    0x13 0xe0 0xe2 0x18                                                                                                                                                        SEL.EQZ r16, r15, r14, r27
         928    0x00 0x2c 0xf0 0x00 0x20 0x90 0x0b 0x00 0x00 0x00 0xb7 0x60 0x78 0x00 0x00 0xe1  NOPA;                         NOPB;                         MOVS p0, r16;                 NOPX;                         MOV p1, p7;                             NOPV
.return_address
.no_stack_arguments
         944    0x00 0x02 0x80 0x00 0x01 0x04                                                                                                                                              JL #1280
         950    0x00 0x18 0x20 0xa0 0x05 0x64                                                                                                                                              MOVX r0, #48;                 MOV r1, #1
         956    0x00 0x00                                                                        NOPX
         958    0x00 0x00                                                                        NOPX
         960    0x00 0x00                                                                        NOPX
         962    0x00 0x2c 0xf0 0x02 0xb6 0x00 0x00 0x40 0x1a 0x57 0x00 0x00 0x1c 0x2e            NOPA;                                                       NOPS;                                                       NOPM;                                   NOPV
.return_address
         976    0x06 0x16 0x16 0x98                                                              LDA r16, [p6, #4]
         980    0x00 0x00                                                                        NOPX
         982    0x00 0x00                                                                        NOPX
         984    0x00 0x00                                                                        NOPX
         986    0x00 0x00                                                                        NOPX
.no_stack_arguments
         988    0x00 0x02 0x80 0x00 0x01 0x04                                                                                                                                              JL #1280
         994    0x00 0x00                                                                        NOPX
         996    0x84 0x7f 0xe8 0x30 0x01 0x24                                                                                                                                              ADD r17, r16, #-1;            ADD.NC r16, r16, #1
        1002    0x12 0xf7 0x0a 0x98                                                                                                                                                        LT r27, r11, r16
        1006    0x14 0x21 0x12 0x18                                                                                                                                                        SEL.EQZ r16, r16, r17, r27
        1010    0x00 0x2c 0xf0 0x00 0x20 0x02 0x05 0x01 0x06 0x4b 0xc2 0xc2 0x30 0x7e            NOPA;                         NOPB;                         ST r16, [p6, #4];             MOVX r1, #1;                  MOV r0, #50
.return_address
        1024    0xc0 0xc2 0xd0 0x00 0x00 0x03 0xb0 0xd8 0x10 0xba                                LDA r16, [p6];                                                                            MOVXM p7, #432
        1034    0x00 0x00                                                                        NOPX
        1036    0x00 0x00                                                                        NOPX
        1038    0x00 0x00                                                                        NOPX
        1040    0x00 0x00                                                                        NOPX
        1042    0x12 0x11 0xe0 0x18                                                                                                                                                        JNZD r8, r8, p7
        1046    0x00 0x00                                                                        NOPX
        1048    0x84 0x7f 0xe8 0x30 0x01 0x24                                                                                                                                              ADD r17, r16, #-1;            ADD.NC r16, r16, #1
        1054    0x12 0xf7 0x0a 0x98                                                                                                                                                        LT r27, r11, r16
        1058    0x14 0x21 0x12 0x18                                                                                                                                                        SEL.EQZ r16, r16, r17, r27
        1062    0x0e 0x06 0x11 0x98                                                                                                                          ST r16, [p6]
.loop_nesting 1
        1066    0x07 0xcd 0x11 0x18                                                              LDA r8, [sp, #-52]
        1070    0x00 0x00                                                                        NOPX
.no_stack_arguments
        1072    0x00 0x02 0x80 0x00 0x01 0x04                                                                                                                                              JL #1280
        1078    0x00 0x00                                                                        NOPX
        1080    0x00 0x00                                                                        NOPX
        1082    0x00 0x00                                                                        NOPX
        1084    0x1c 0x1c 0xc0 0xf8                                                                                                                                                                                      MOV r16, p6
        1088    0x00 0x21 0x00 0x00 0x20 0x01 0x5b 0x00 0x06 0xab 0xb4 0x3f 0x08 0x00 0x00 0xe1  MOVA r1, #1;                  NOPB;                         NOPS;                         MOVX r0, #53;                 ADD.NC p7, r16, #-4;                    NOPV
.return_address
        1104    0xfa 0x4a 0x20 0x11 0x00 0x3a 0x28 0x00 0x58 0xba                                LDA r18, [sp, #-48];                                                                      ADD r16, r8, #1;              MOV r17, #0
        1114    0xde 0xce 0xd0 0x1f 0xff 0xfe 0xaf 0xff 0x10 0xba                                LDA r19, [p6, #-4];                                                                       MOVXM r21, #2147483646
        1124    0x12 0xa9 0x08 0x98                                                                                                                                                        NE r20, r10, r16
        1128    0x00 0x00                                                                        NOPX
        1130    0x00 0x00                                                                        NOPX
        1132    0x00 0x00                                                                        NOPX
        1134    0x00 0x00                                                                        NOPX
        1136    0x14 0x65 0x22 0x98                                                                                                                                                        ADC r18, r17, r18
        1140    0xfa 0x4a 0xba 0xd6 0x79 0x5c                                                                                                                ST r18, [sp, #-48];           LTU r21, r21, r19
        1146    0x14 0xa3 0x1a 0x98                                                                                                                                                        LT r17, r18, r17
        1150    0x95 0x9a 0x09 0x33 0xaa 0xa4                                                                                                                                              EQZ r22, r18;                 ADD.NC r18, r19, r21
        1156    0xe3 0xca 0x3b 0x4a 0x89 0x5c                                                                                                                ST r18, [p7], #4;             AND r18, r22, r20
        1162    0x14 0x63 0x25 0x98                                                                                                                                                        OR r17, r17, r18
        1166    0x88 0x00 0xb0 0x40 0x01 0x84                                                                                                                                              JNZ r17, #352
        1172    0x00 0x00                                                                        NOPX
        1174    0x00 0x00                                                                        NOPX
        1176    0x00 0x00                                                                        NOPX
        1178    0x00 0x00                                                                        NOPX
        1180    0x00 0x00                                                                        NOPX
.loop_nesting 0
        1182    0x07 0xd4 0x39 0x18                                                              LDA lr, [sp, #-44]
        1186    0x07 0xf9 0x11 0x18                                                              LDA r8, [sp, #-8]
        1190    0x07 0xf5 0x31 0x18                                                              LDA r9, [sp, #-12]
        1194    0x07 0xf1 0x51 0x18                                                              LDA r10, [sp, #-16]
        1198    0x07 0xed 0x71 0x18                                                              LDA r11, [sp, #-20]
        1202    0x07 0xe9 0x91 0x18                                                              LDA r12, [sp, #-24]
        1206    0x07 0xe5 0xb1 0x18                                                              LDA r13, [sp, #-28]
        1210    0x07 0xe1 0xd1 0x18                                                              LDA r14, [sp, #-32]
        1214    0x07 0xdd 0xf1 0x18                                                              LDA r15, [sp, #-36]
        1218    0x07 0xdb 0x19 0x18                                                              LDA p6, [sp, #-40]
        1222    0x07 0xff 0x99 0x18                                                              LDA p7, [sp, #-4]
        1226    0x10 0x28 0x00 0x18                                                                                                                                                        RET lr
        1230    0x00 0x00                                                                        NOPX
        1232    0x00 0x00                                                                        NOPX
        1234    0x00 0x00                                                                        NOPX
        1236    0x00 0x00                                                                        NOPX
        1238    0xff 0xf8 0x00 0x00 0x01 0xc4                                                                                                                                              PADDXM [sp], #-64
.label core_0_2__end

.text_segment PM   1248
.label llvm___aie2p___acquire
.function_start
        1248    0x10 0x12 0x18 0x18                                                                                                                                                        ACQ r0, r1
        1252    0x10 0x28 0x00 0x18                                                                                                                                                        RET lr
        1256    0x00 0x00                                                                        NOPX
        1258    0x00 0x00                                                                        NOPX
        1260    0x00 0x00                                                                        NOPX
        1262    0x00 0x00                                                                        NOPX
        1264    0x00 0x00                                                                        NOPX
.label llvm___aie2p___acquire__end

.text_segment PM   1280
.label llvm___aie2p___release
.function_start
        1280    0x10 0x10 0x18 0x18                                                                                                                                                        REL r0, r1
        1284    0x10 0x28 0x00 0x18                                                                                                                                                        RET lr
        1288    0x00 0x00                                                                        NOPX
        1290    0x00 0x00                                                                        NOPX
        1292    0x00 0x00                                                                        NOPX
        1294    0x00 0x00                                                                        NOPX
        1296    0x00 0x00                                                                        NOPX
.label llvm___aie2p___release__end

.text_segment PM   1312
.label matmul_vectorized_bfp16
.function_start
        1312    0x00 0x19 0x00 0x00 0x01 0xe9 0xb7 0x86 0x10 0xba                                MOVA r25, #0;                                                                             MOVXM p3, #503564
        1322    0x60 0xc2 0xd0 0x02 0x30 0x08 0xc8 0x03 0x58 0xba                                LDA r16, [p3];                                                                            MOVX r3, #64;                 MOV r6, #3
        1332    0x01 0x31 0x00 0x1e 0x34 0xe9 0x86 0x39 0x78 0xba                                MOVA r17, #9;                                                                             MOVX r3, #999;                VBCST.8 x6, r3
        1342    0x00 0xe7 0x00 0x20 0x10 0x08 0x28 0x08 0x10 0xba                                MOVA r7, #7;                                                                              MOVXM r1, #-2143281136
        1352    0x65 0x06 0x2b 0xc8 0xe5 0xe4                                                                                                                                              MOVX r20, #780;               VBCST.8 x11, r25
        1358    0x08 0x04 0x00 0x24 0x02 0x44                                                                                                                                              MOVXM r0, #134480385
        1364    0x08 0x44 0x27 0xb6 0x08 0x64                                                                                                                                              MOVX r1, #72;                 VSEL.8 x7, x11, x6, r1:r0
        1370    0x7f 0x7f 0x72 0xbe 0xfe 0x44                                                                                                                                              MOVXM r5, #2139062143
        1376    0x36 0xe0 0xf3 0x30 0x01 0x24                                                                                                                                              EQ r27, r6, r16;              ADD.NC r6, r16, #1
        1382    0x10 0x06 0x00 0x0d 0x3c 0x91 0xc2 0xce 0x78 0xba                                MOVA r6, #128;                                                                            SEL.EQZ r19, r6, r25, r27;    MOV el7, r5
        1392    0xff 0xb3 0x03 0x06 0x71 0x80 0x01 0xea 0x37 0x88 0x10 0x76                      MOVA r19, #-3;                                              ST r19, [p3];                 MOVXM p4, #503568
        1404    0x00 0x88 0x00 0x00 0x01 0xc4                                                                                                                                              PADDXM [sp], #1088
        1410    0x80 0xc8 0x57 0xf9 0xf3 0x21 0x08 0xed 0xe2 0xce 0x78 0x76                      LDA.s8 r18, [p4];                                           VST x7, [sp, #-128];          LSHL r16, r16, r17;           MOV eh7, r5
        1422    0x48 0x05 0x07 0xfd 0xed 0x87 0xff 0xfc 0x0f 0x00 0x10 0x76                      MOVA r5, #576;                                              ST el7, [sp, #-4];            MOVXM r0, #536870400
        1434    0x00 0x2c 0xf7 0xf9 0xcd 0xa0 0x00 0x26 0xaa 0x60 0x78 0x76                      NOPA;                                                       ST eh7, [sp, #-8];            AND r0, r16, r0;              MOV r21, p2
        1446    0x8d 0x40 0xc8 0xa5 0x81 0xe4                                                                                                                                              MAC r21, r21, r17, r0;        MOV r17, p1
        1452    0x00 0x00 0x01 0xec 0x60 0x44                                                                                                                                              MOVXM ls, #1584
        1458    0x00 0x00 0x06 0xf5 0x80 0x44                                                                                                                                              MOVXM le, #2752
        1464    0x00 0x00 0x0b 0x29 0x00 0x44                                                                                                                                              MOVXM r22, #1152
        1470    0x97 0x50 0x09 0x21 0x81 0xe4                                                                                                                                              MOVX crRnd, r18;              MOV r18, p0
        1476    0x00 0x00 0x06 0xcb 0xc0 0x44                                                                                                                                              MOVXM p3, #1504
        1482    0x00 0x00 0x08 0xcb 0xa0 0x44                                                                                                                                              MOVXM p4, #1488
.label TGT_Fmatmul_vectorized_bfp16_176
.loop_nesting 1
        1488    0x00 0x2c 0xf0 0x00 0x20 0x01 0x5b 0x01 0xe0 0x0a 0xe8 0x01 0x58 0x00 0x00 0xe1  NOPA;                         NOPB;                         NOPS;                         MOVX r30, #0;                 MOV r23, #1;                            NOPV
.label TGT_Fmatmul_vectorized_bfp16_192
.loop_nesting 2
        1504    0x00 0x85 0x40 0x3d 0xc3 0xec 0x0d 0x50 0x78 0xba                                MOVA lc, #4;                                                                              LSHL r28, r30, r7;            MOV r0, r21
        1514    0x00 0x18 0x00 0x01 0x90 0x0b 0x89 0xb8 0xa8 0xba                                MOVA r24, #0;                                                                             MOVX r25, #0;                 ADD.NC r28, r6, r28
        1524    0xe7 0x67 0xbe 0x32 0x41 0xe4                                                                                                                                              LSHL r29, r28, r19;           MOV r28, r18
        1530    0xef 0xc2 0xcf 0xb5 0x41 0xe4                                                                                                                                              MAC r31, r31, r29, r1;        MOV r31, r21
        1536    0x2f 0x7c 0xce 0xb1 0x41 0xe4                                                                                                                                              MAC r29, r29, r5, r30;        MOV r29, r17
        1542    0x2b 0xe1 0x60 0x3c 0x0b 0x30 0xb7 0xd0 0x79 0x3a                                                                                            MOVS dn1, r31;                MAC r0, r0, r30, r22;         MOV p1, r31
        1552    0x00 0x2c 0xf0 0x00 0x20 0x9d 0x0b 0x0b 0xcf 0x33 0xa8 0x00 0x58 0x00 0x00 0xe1  NOPA;                         NOPB;                         MOVS p0, r29;                 MAC r28, r28, r5, r30;        MOV r29, #0;                            NOPV
        1568    0x00 0x2c 0xf0 0x00 0x22 0x00 0x0b 0x01 0xf0 0x0b 0xc8 0x00 0x58 0x00 0x00 0xe1  NOPA;                         NOPB;                         MOVS dc2, r0;                 MOVX r31, #0;                 MOV r30, #0;                            NOPV
.label ZLS_Fmatmul_vectorized_bfp16_272
.loop_nesting 3
.begin_of_loop
        1584    0x02 0x81 0x7a 0x28 0x2a 0x80 0x0b 0x03 0x4f 0xd0 0x70 0xf6                      VLDA.FILL.512 [p0, lf0, r24]; VLDB.FILL.512 [p1, lf1, r25]; MOVS p2, r0;                                                MOV r26, r31
        1596    0x80 0x31 0x73 0x00 0x94 0x00 0x4f 0x90 0x7e 0xba                                VLDA.POP.576 ex6, [p0, lf0, r24];VLDB.POP.576 ex2, [p1, lf1, r25];                                                      MOV r2, r30
        1606    0xfc 0x68 0xf4 0x03 0xa8 0x3c                                                    VLDA sfh, [sp, #-512];        VLDB.POP.576 ex7, [p0, lf0, r24]
        1612    0xff 0x0f 0x74 0x05 0x28 0x3c                                                    VLDA x1, [sp, #-128];         VLDB.POP.576 ex10, [p0, lf0, r24]
        1618    0xff 0x8d 0x24 0x05 0xa8 0x3c                                                    LDA el1, [sp, #-4];           VLDB.POP.576 ex11, [p0, lf0, r24]
        1624    0xff 0x09 0x24 0x05 0x28 0x3c                                                    LDA eh1, [sp, #-8];           VLDB.POP.576 ex10, [p0, lf0, r24]
        1630    0xfc 0xb8 0xf3 0x40 0x8b 0x03 0xee 0x10 0x72 0xba                                VLDA sfl, [sp, #-448];                                      MOVS dn3, p0;                                               MOV r31, r24
        1640    0x10 0x91 0x60 0x01 0x90 0x0b 0x0e 0x50 0x79 0x3a                                                                                            MOVS p0, p1;                  MOVX r25, #0;                 MOV r24, r25
        1650    0x33 0x81 0x60 0x03 0x6f 0xd0 0x70 0x02                                                                                                      MOVS p1, r28;                                               MOV r27, r31
        1658    0xfe 0xd8 0xf8 0x3b 0x41 0xd4                                                    VLDA lfl1, [sp, #-192];                                                                                                 MOV r16, r27
        1664    0x00 0x00                                                                        NOPX
        1666    0xfe 0x48 0xf4 0x14 0x14 0x00 0x0a 0x2e 0x7e 0xba                                VLDA lfh1, [sp, #-256];       VLDB.FILL.512 [p0, lf0, r24];                                                             VMOV ex0, ex10
        1676    0x80 0x19 0x7a 0x28 0x2f 0xe0 0x6b 0x00 0x00 0x00 0x80 0x2e 0x7d 0x17 0x21 0x4b  VLDA.POP.576 ex3, [p0, lf0, r24];VLDB.FILL.512 [p1, lf1, r25];VST lfh0, [sp, #-512];      NOPX;                         VMOV ex2, ex0;                          VMUL.f dm2, ex2, ex1, r20
        1692    0xfb 0x08 0xf6 0x02 0x28 0x40 0x8b 0x00 0xba 0xc9 0x70 0xf6                      VLDA lfh0, [sp, #-640];       VLDB.POP.576 ex4, [p1, lf1, r25];MOVS dn0, p0;                                            VMOV lfl0, lfl1
        1704    0xfc 0x9d 0x63 0x01 0x54 0x03 0xee 0x10 0x76 0xba                                                              VLDB.POP.576 ex5, [p1, lf1, r25];VST lfl0, [sp, #-448];                                   MOV r31, r24
        1714    0xfb 0x98 0xf6 0x04 0x28 0x88 0x4b 0x00 0x38 0xc9 0x70 0xf6                      VLDA lfl0, [sp, #-576];       VLDB.POP.576 ex8, [p1, lf1, r25];MOVS p0, dc2;                                            VMOV lfh0, lfh1
        1726    0x60 0x4a 0x8c 0x3d 0x41 0xf4                                                                                  VLDB.POP.576 ex9, [p1, lf1, r25];                                                         MOV r24, r29
        1732    0x3c 0x14 0x14 0x18                                                                                            VLDB.FILL.512 [p0, lf0, r24]
        1736    0x3a 0x00 0x14 0x18                                                                                            VLDB.POP.576 ex0, [p0, lf0, r24]
        1740    0xfe 0x0d 0x64 0x14 0x14 0x00 0xc1 0x2e 0x76 0xba                                                              VLDB.FILL.512 [p0, lf0, r24]; VST lfh0, [sp, #-256];                                      VMOV ex3, ex1
        1750    0xfe 0x9d 0x62 0x00 0x54 0x01 0xa3 0xe6 0x29 0x4a                                                              VLDB.POP.576 ex1, [p0, lf0, r24];VST lfl0, [sp, #-192];                                                                           VMUL.f dm3, ex3, ex1, r20
        1760    0xfc 0x08 0xf1 0x00 0x8b 0x03 0x6e 0x10 0x72 0xba                                VLDA lfh0, [sp, #-512];                                     MOVS dc1, p0;                                               MOV r27, r24
        1770    0xfc 0x98 0xf0 0x8e 0x4b 0x03 0x0c 0x10 0x72 0xba                                VLDA lfl0, [sp, #-448];                                     MOVS p0, dn3;                                               MOV r24, r16
        1780    0x19 0x1d 0xa0 0xf8                                                                                                                                                                                      MOV r4, r27
        1784    0xa0 0x41 0x72 0x02 0xd4 0x1d 0xa2 0x52 0x49 0x4a                                VLDA.POP.576 ex8, [p1, lf1, r25];VLDB.POP.576 ex11, [p0, lf0, r24];                                                                                             VMAC.f dm2, dm2, ex9, ex2, r20
        1794    0xa0 0x49 0x72 0x01 0x94 0x1d 0xa3 0x73 0x69 0x4a                                VLDA.POP.576 ex9, [p1, lf1, r25];VLDB.POP.576 ex6, [p0, lf0, r24];                                                                                              VMAC.f dm3, dm3, ex9, ex11, r20
        1804    0xa0 0xe0 0x69 0x48                                                                                                                                                                                                                              VMUL.f dm0, ex0, ex3, r20
        1808    0xa0 0x21 0x74 0x03 0xab 0xec 0x35 0x8e 0xa2 0x4a 0xc9 0x66                      VLDA.POP.576 ex4, [p1, lf1, r25];VLDB.POP.576 ex7, [p0, lf0, r24];VST lfh0, [sp, #-640];                                                                        VMAC.f dm2, dm2, ex5, ex6, r20
        1820    0xa0 0x29 0x78 0x28 0x2b 0xee 0x75 0x8e 0xa1 0xe2 0x69 0x66                      VLDA.POP.576 ex5, [p1, lf1, r25];VLDB.FILL.512 [p0, lf0, r24];VST lfl0, [sp, #-576];                                                                            VMUL.f dm1, ex1, ex3, r20
        1832    0x22 0x81 0x72 0x02 0x94 0x1d 0xa0 0x10 0x49 0x4a                                VLDA.FILL.512 [p1, lf1, r25]; VLDB.POP.576 ex10, [p0, lf0, r24];                                                                                                VMAC.f dm0, dm0, ex8, ex2, r20
        1842    0xa0 0x41 0x72 0x02 0xd4 0x1d 0xa3 0x6a 0xe9 0x4a                                VLDA.POP.576 ex8, [p1, lf1, r25];VLDB.POP.576 ex11, [p0, lf0, r24];                                                                                             VMAC.f dm3, dm3, ex5, ex7, r20
        1852    0x03 0x02 0x54 0x00 0xa1 0x31 0x69 0x62                                                                        VLDB.POP.576 ex9, [p1, lf1, r25];                                                                                                 VMAC.f dm1, dm1, ex8, ex11, r20
        1860    0x02 0x01 0x94 0x00 0xa0 0x08 0xc9 0x62                                                                        VLDB.POP.576 ex6, [p0, lf0, r24];                                                                                                 VMAC.f dm0, dm0, ex4, ex6, r20
        1868    0x03 0x01 0x14 0x00 0xa2 0x53 0x49 0x62                                                                        VLDB.POP.576 ex4, [p1, lf1, r25];                                                                                                 VMAC.f dm2, dm2, ex9, ex10, r20
        1876    0xa0 0x29 0x72 0x01 0xd4 0x1d 0xa1 0x28 0xe9 0x4a                                VLDA.POP.576 ex5, [p1, lf1, r25];VLDB.POP.576 ex7, [p0, lf0, r24];                                                                                              VMAC.f dm1, dm1, ex4, ex7, r20
        1886    0xa0 0x11 0x49 0x48                                                                                                                                                                                                                              VMAC.f dm0, dm0, ex8, ex10, r20
        1890    0xa3 0x73 0x69 0x48                                                                                                                                                                                                                              VMAC.f dm3, dm3, ex9, ex11, r20
        1894    0xa0 0x41 0x72 0x02 0x94 0x1d 0xa1 0x31 0x69 0x4a                                VLDA.POP.576 ex8, [p1, lf1, r25];VLDB.POP.576 ex10, [p0, lf0, r24];                                                                                             VMAC.f dm1, dm1, ex8, ex11, r20
        1904    0xa0 0x49 0x72 0x02 0xd4 0x1d 0xa0 0x08 0xc9 0x4a                                VLDA.POP.576 ex9, [p1, lf1, r25];VLDB.POP.576 ex11, [p0, lf0, r24];                                                                                             VMAC.f dm0, dm0, ex4, ex6, r20
        1914    0xa2 0x4a 0xc9 0x48                                                                                                                                                                                                                              VMAC.f dm2, dm2, ex5, ex6, r20
        1918    0x03 0x01 0x14 0x00 0xa1 0x28 0xe9 0x62                                                                        VLDB.POP.576 ex4, [p1, lf1, r25];                                                                                                 VMAC.f dm1, dm1, ex4, ex7, r20
        1926    0x02 0x01 0x94 0x00 0xa3 0x6a 0xe9 0x62                                                                        VLDB.POP.576 ex6, [p0, lf0, r24];                                                                                                 VMAC.f dm3, dm3, ex5, ex7, r20
        1934    0x80 0x39 0x73 0x01 0x54 0x1d 0xa0 0x11 0x49 0x4a                                VLDA.POP.576 ex7, [p0, lf0, r24];VLDB.POP.576 ex5, [p1, lf1, r25];                                                                                              VMAC.f dm0, dm0, ex8, ex10, r20
        1944    0x00 0x32 0x01 0x16 0xe2 0x0f 0xa1 0x31 0x69 0x5a                                                                                                                          MOVX r25, #0;                 MOV p1, r28;                            VMAC.f dm1, dm1, ex8, ex11, r20
        1954    0xa2 0x53 0x49 0x48                                                                                                                                                                                                                              VMAC.f dm2, dm2, ex9, ex10, r20
        1958    0xa3 0x73 0x69 0x48                                                                                                                                                                                                                              VMAC.f dm3, dm3, ex9, ex11, r20
        1962    0xa0 0x08 0xc9 0x48                                                                                                                                                                                                                              VMAC.f dm0, dm0, ex4, ex6, r20
        1966    0xa1 0x28 0xe9 0x48                                                                                                                                                                                                                              VMAC.f dm1, dm1, ex4, ex7, r20
        1970    0xa2 0x4a 0xc9 0x48                                                                                                                                                                                                                              VMAC.f dm2, dm2, ex5, ex6, r20
        1974    0xa3 0x6a 0xe9 0x48                                                                                                                                                                                                                              VMAC.f dm3, dm3, ex5, ex7, r20
        1978    0xa0 0x11 0x49 0x48                                                                                                                                                                                                                              VMAC.f dm0, dm0, ex8, ex10, r20
        1982    0xa1 0x31 0x69 0x48                                                                                                                                                                                                                              VMAC.f dm1, dm1, ex8, ex11, r20
        1986    0xa2 0x53 0x49 0x48                                                                                                                                                                                                                              VMAC.f dm2, dm2, ex9, ex10, r20
        1990    0xa0 0x08 0xc9 0x48                                                                                                                                                                                                                              VMAC.f dm0, dm0, ex4, ex6, r20
        1994    0xa1 0x28 0xe9 0x48                                                                                                                                                                                                                              VMAC.f dm1, dm1, ex4, ex7, r20
        1998    0xa3 0x73 0x69 0x48                                                                                                                                                                                                                              VMAC.f dm3, dm3, ex9, ex11, r20
        2002    0xa2 0x4a 0xc9 0x48                                                                                                                                                                                                                              VMAC.f dm2, dm2, ex5, ex6, r20
        2006    0x00 0x00                                                                        NOPX
        2008    0xa3 0x6a 0xe9 0x48                                                                                                                                                                                                                              VMAC.f dm3, dm3, ex5, ex7, r20
        2012    0x0d 0x80 0x03 0x18                                                                                                                          VST.PUSH.576.CONV.bfp16ebs8.fp32 dm0, [p2, sf, r26]
        2016    0x09 0x00 0x03 0x18                                                                                                                          VST.FLUSH.512.CONV [p2, sf, r26]
        2020    0xfd 0x68 0xfb 0x01 0x06 0x0c                                                    VLDA sfh, [sp, #-384];                                      VST.PUSH.576.CONV.bfp16ebs8.fp32 dm1, [p2, sf, r26]
        2026    0xfd 0xb8 0xf2 0x00 0x06 0x0c                                                    VLDA sfl, [sp, #-320];                                      VST.FLUSH.512.CONV [p2, sf, r26]
        2032    0x89 0x11 0x60 0x03 0xce 0x90 0x70 0x02                                                                                                      MOVS dn4, p2;                                               MOV r30, r26
        2040    0x50 0xc9 0x60 0x03 0x48 0x90 0x70 0x02                                                                                                      MOVS p2, dn1;                                               MOV r26, r2
        2048    0x00 0x00                                                                        NOPX
        2050    0x0f 0xe3 0x6b 0x18                                                                                                                          VST sfh, [sp, #-512]
        2054    0x0f 0xe5 0xeb 0x18                                                                                                                          VST sfl, [sp, #-448]
        2058    0x0d 0x81 0x03 0x18                                                                                                                          VST.PUSH.576.CONV.bfp16ebs8.fp32 dm2, [p2, sf, r26]
        2062    0xfc 0xb8 0xf2 0x00 0x06 0x0c                                                    VLDA sfl, [sp, #-448];                                      VST.FLUSH.512.CONV [p2, sf, r26]
        2068    0xfc 0x68 0xfb 0x03 0x06 0x0c                                                    VLDA sfh, [sp, #-512];                                      VST.PUSH.576.CONV.bfp16ebs8.fp32 dm3, [p2, sf, r26]
        2074    0x09 0x00 0x03 0x18                                                                                                                          VST.FLUSH.512.CONV [p2, sf, r26]
        2078    0x49 0x11 0x60 0x00 0x4e 0x90 0x70 0x02                                                                                                      MOVS dn2, p2;                                               MOV r2, r26
        2086    0x52 0x49 0x60 0x03 0x4f 0x90 0x70 0x02                                                                                                      MOVS p2, dn4;                                               MOV r26, r30
        2094    0x1f 0x91 0x20 0xf8                                                                                                                                                                                      MOV r30, r2
        2098    0x02 0x81 0x7a 0x28 0x2f 0xed 0xeb 0x32                                          VLDA.FILL.512 [p0, lf0, r24]; VLDB.FILL.512 [p1, lf1, r25]; VST sfl, [sp, #-320]
        2106    0x80 0x31 0x76 0x02 0x2f 0xeb 0x6b 0x32                                          VLDA.POP.576 ex6, [p0, lf0, r24];VLDB.POP.576 ex4, [p1, lf1, r25];VST sfh, [sp, #-384]
        2114    0x80 0x39 0x76 0x02 0xa8 0x3c                                                    VLDA.POP.576 ex7, [p0, lf0, r24];VLDB.POP.576 ex5, [p1, lf1, r25]
        2120    0x80 0x51 0x76 0x04 0x28 0x3c                                                    VLDA.POP.576 ex10, [p0, lf0, r24];VLDB.POP.576 ex8, [p1, lf1, r25]
        2126    0x80 0x59 0x76 0x04 0xa8 0x3c                                                    VLDA.POP.576 ex11, [p0, lf0, r24];VLDB.POP.576 ex9, [p1, lf1, r25]
        2132    0x3a 0x02 0x94 0x18                                                                                            VLDB.POP.576 ex10, [p0, lf0, r24]
        2136    0xfe 0x08 0xf3 0x00 0x8b 0x00 0x0e 0x10 0x72 0xba                                VLDA lfh0, [sp, #-256];                                     MOVS dc3, p0;                                               MOV r0, r24
        2146    0xfe 0x98 0xf0 0x82 0x4b 0x03 0x0f 0xd0 0x72 0xba                                VLDA lfl0, [sp, #-192];                                     MOVS p0, dn0;                                               MOV r24, r31
        2156    0x3c 0x14 0x14 0x18                                                                                            VLDB.FILL.512 [p0, lf0, r24]
        2160    0x3a 0x00 0x94 0x18                                                                                            VLDB.POP.576 ex2, [p0, lf0, r24]
        2164    0xfb 0x08 0xf0 0x00 0x8b 0x03 0x6e 0x10 0x72 0xba                                VLDA lfh0, [sp, #-640];                                     MOVS dc0, p0;                                               MOV r27, r24
        2174    0xfb 0x98 0xf0 0x84 0x4b 0x00 0x4a 0x2e 0x72 0xba                                VLDA lfl0, [sp, #-576];                                     MOVS p0, dc1;                                               VMOV ex1, ex10
        2184    0xf9 0x8d 0x60 0x03 0x09 0x10 0x70 0x02                                                                                                      VST lfh0, [sp, #-832];                                      MOV r24, r4
        2192    0x82 0x82 0x8f 0xa1 0xd6 0x4c                                                                                  VLDB.FILL.512 [p0, lf0, r24]; VST lfl0, [sp, #-768]
        2198    0x40 0x02 0x8f 0xca 0xe6 0x4c                                                                                  VLDB.POP.576 ex0, [p0, lf0, r24];VST x5, [sp, #-448]
        2204    0x82 0x82 0x8f 0xea 0xdb 0x4c                                                                                  VLDB.FILL.512 [p0, lf0, r24]; ST el5, [sp, #-12]
        2210    0x40 0x0a 0x8f 0x80 0xd6 0x4c                                                                                  VLDB.POP.576 ex1, [p0, lf0, r24];VST lfh0, [sp, #-1024]
        2216    0xf8 0x9d 0x67 0x5c 0x20 0xe4 0xa2 0xe4 0x69 0x4a                                                                                            VST lfl0, [sp, #-960];                                      MOV r29, r24;                           VMUL.f dm2, ex2, ex3, r20
        2226    0xfa 0x18 0xf2 0x00 0x8b 0x03 0x08 0x10 0x72 0xba                                VLDA lfl0, [sp, #-768];                                     MOVS dc2, p0;                                               MOV r24, r0
        2236    0xfc 0x29 0xb0 0x00 0x33 0xc0 0x70 0x02                                                                                                      ST eh5, [sp, #-32];                                         MOV p0, dc3
        2244    0xf9 0x88 0xf6 0x04 0x28 0x1d 0xa0 0xe2 0xa2 0x52 0x29 0x66                      VLDA lfh0, [sp, #-832];       VLDB.POP.576 ex8, [p1, lf1, r25];                                                         MOV r0, r27;                            VMAC.f dm2, dm2, ex9, ex1, r20
        2256    0x80 0x59 0x76 0x04 0xaf 0xe2 0x73 0x32                                          VLDA.POP.576 ex11, [p0, lf0, r24];VLDB.POP.576 ex9, [p1, lf1, r25];VST x9, [sp, #-512]
        2264    0xfe 0x4d 0xb4 0x03 0x2a 0x82 0x5c 0xe6 0xa0 0xe0 0x69 0x66                                                    VLDB.POP.576 ex6, [p0, lf0, r24];ST el9, [sp, #-16];                                      VMOV ex5, ex1;                          VMUL.f dm0, ex0, ex3, r20
        2276    0xfb 0x9d 0x63 0x01 0x14 0x01 0xa2 0x4a 0xc9 0x4a                                                              VLDB.POP.576 ex4, [p1, lf1, r25];VST lfl0, [sp, #-576];                                                                           VMAC.f dm2, dm2, ex5, ex6, r20
        2286    0xa0 0x29 0x74 0x03 0xab 0xec 0x35 0x8e 0xa1 0xe2 0x69 0x66                      VLDA.POP.576 ex5, [p1, lf1, r25];VLDB.POP.576 ex7, [p0, lf0, r24];VST lfh0, [sp, #-640];                                                                        VMUL.f dm1, ex1, ex3, r20
        2298    0x22 0x81 0x78 0x28 0x2b 0xf7 0x26 0xce 0xa0 0x10 0xa9 0x66                      VLDA.FILL.512 [p1, lf1, r25]; VLDB.FILL.512 [p0, lf0, r24]; ST eh9, [sp, #-20];                                                                                 VMAC.f dm0, dm0, ex8, ex5, r20
        2310    0xa0 0x41 0x74 0x05 0x2f 0xd6 0xf3 0x32                                          VLDA.POP.576 ex8, [p1, lf1, r25];VLDB.POP.576 ex10, [p0, lf0, r24];VST x11, [sp, #-704]
        2318    0xa0 0x49 0x74 0x05 0xab 0xf5 0x76 0xce 0xa1 0x31 0x69 0x66                      VLDA.POP.576 ex9, [p1, lf1, r25];VLDB.POP.576 ex11, [p0, lf0, r24];ST el11, [sp, #-24];                                                                         VMAC.f dm1, dm1, ex8, ex11, r20
        2330    0xfc 0xd9 0xb2 0x01 0x94 0x01 0xa0 0x08 0xc9 0x4a                                                              VLDB.POP.576 ex6, [p0, lf0, r24];ST eh11, [sp, #-28];                                                                             VMAC.f dm0, dm0, ex4, ex6, r20
        2340    0xa0 0x21 0x74 0x03 0xaf 0xc9 0xf3 0x00 0x00 0x00 0x49 0x2e 0x7d 0x12 0x9a 0x4b  VLDA.POP.576 ex4, [p1, lf1, r25];VLDB.POP.576 ex7, [p0, lf0, r24];VST x7, [sp, #-896];    NOPX;                         VMOV ex1, ex9;                          VMAC.f dm2, dm2, ex9, ex10, r20
        2356    0xfb 0xbd 0xb6 0x01 0xa8 0x16 0x5c 0xe6 0xa1 0x28 0xe9 0x66                                                    VLDB.POP.576 ex3, [p1, lf1, r25];ST el7, [sp, #-36];                                      VMOV ex0, ex11;                         VMAC.f dm1, dm1, ex4, ex7, r20
        2368    0xfb 0x39 0xb0 0x02 0xa0 0x11 0x49 0x62                                                                                                      ST eh7, [sp, #-40];                                                                                 VMAC.f dm0, dm0, ex8, ex10, r20
        2376    0xff 0x17 0x73 0x02 0x14 0x1d 0xa2 0x4a 0xc9 0x4a                                VLDA x2, [sp, #-128];         VLDB.POP.576 ex8, [p1, lf1, r25];                                                                                                 VMAC.f dm2, dm2, ex5, ex6, r20
        2386    0xff 0x95 0x23 0x00 0xd4 0x1d 0xa1 0x31 0x69 0x4a                                LDA el2, [sp, #-4];           VLDB.POP.576 ex3, [p1, lf1, r25];                                                                                                 VMAC.f dm1, dm1, ex8, ex11, r20
        2396    0xff 0x11 0x20 0x04 0xa0 0x08 0xc9 0x62                                          LDA eh2, [sp, #-8];                                                                                                                                             VMAC.f dm0, dm0, ex4, ex6, r20
        2404    0xfa 0x2e 0x63 0x01 0x14 0x01 0xa2 0x53 0x49 0x4a                                                              VLDB.POP.576 ex4, [p1, lf1, r25];VST x5, [sp, #-768];                                                                             VMAC.f dm2, dm2, ex9, ex10, r20
        2414    0xfa 0xad 0xb6 0x03 0x2a 0x8e 0x5c 0xe6 0xa1 0x28 0xe9 0x66                                                    VLDB.POP.576 ex6, [p1, lf1, r25];ST el5, [sp, #-44];                                      VMOV ex5, ex7;                          VMAC.f dm1, dm1, ex4, ex7, r20
        2426    0xfa 0x29 0xb1 0x61 0x80 0xe4 0xa0 0x11 0x49 0x4a                                                                                            ST eh5, [sp, #-48];                                         MOV p1, dc0;                            VMAC.f dm0, dm0, ex8, ex10, r20
        2436    0xf7 0xb6 0x60 0x02 0x83 0x2e 0x70 0x02                                                                                                      VST x6, [sp, #-1088];                                       VMOV ex10, ex3
        2444    0xf8 0xb5 0xb6 0x50 0x20 0xe4 0xa1 0x31 0x69 0x4a                                                                                            ST el6, [sp, #-60];                                         MOV r25, r0;                            VMAC.f dm1, dm1, ex8, ex11, r20
        2454    0xf8 0x31 0xb0 0x02 0xa0 0x08 0xc9 0x62                                                                                                      ST eh6, [sp, #-64];                                                                                 VMAC.f dm0, dm0, ex4, ex6, r20
        2462    0x07 0xc2 0x47 0x98                                                              VLDA lfh1, [sp, #-1024]
        2466    0xf8 0xd8 0xf0 0x04 0xa1 0x28 0xe9 0x62                                          VLDA lfl1, [sp, #-960];                                                                                                                                         VMAC.f dm1, dm1, ex4, ex7, r20
        2474    0xa2 0x82 0x8f 0xe4 0xd6 0x4c                                                                                  VLDB.FILL.512 [p1, lf1, r25]; VST lfh1, [sp, #-256]
        2480    0x0f 0xf6 0xeb 0x18                                                                                                                          VST lfl1, [sp, #-192]
        2484    0x60 0x1a 0x8f 0x9d 0xe6 0x4c                                                                                  VLDB.POP.576 ex3, [p1, lf1, r25];VST x11, [sp, #-832]
        2490    0x0f 0xce 0xed 0x98                                                                                                                          ST el11, [sp, #-52]
        2494    0x07 0xe1 0xbb 0x98                                                              VLDA x6, [sp, #-512]
        2498    0x07 0xf1 0xa9 0x18                                                              LDA el6, [sp, #-16]
        2502    0x07 0xed 0x89 0x18                                                              LDA eh6, [sp, #-20]
        2506    0x07 0xd4 0xbb 0x98                                                              VLDA x2, [sp, #-704]
        2510    0x07 0xe8 0xa9 0x18                                                              LDA el2, [sp, #-24]
        2514    0xfc 0x91 0x2b 0x0c 0xb9 0xd4                                                    LDA eh2, [sp, #-28];                                                                                                    VMOV ex11, ex3
        2520    0xf9 0x59 0xb1 0x8c 0x5c 0xe4 0xa3 0xe6 0x49 0x4a                                                                                            ST eh11, [sp, #-56];                                        VMOV ex3, ex6;                          VMUL.f dm3, ex3, ex2, r20
        2530    0x07 0xe5 0xbb 0x98                                                              VLDA x6, [sp, #-448]
        2534    0x07 0xf5 0xa9 0x18                                                              LDA el6, [sp, #-12]
        2538    0x07 0xe1 0x89 0x18                                                              LDA eh6, [sp, #-32]
        2542    0x07 0xc8 0xbb 0x98                                                              VLDA x2, [sp, #-896]
        2546    0x07 0xdc 0xa9 0x18                                                              LDA el2, [sp, #-36]
        2550    0xfb 0x11 0x20 0x04 0xa3 0x6c 0x49 0x62                                          LDA eh2, [sp, #-40];                                                                                                                                            VMAC.f dm3, dm3, ex6, ex2, r20
        2558    0x07 0xd1 0xbb 0x98                                                              VLDA x6, [sp, #-768]
        2562    0x07 0xd5 0xa9 0x18                                                              LDA el6, [sp, #-44]
        2566    0x07 0xd1 0x89 0x18                                                              LDA eh6, [sp, #-48]
        2570    0x07 0xcc 0x7b 0x98                                                              VLDA x1, [sp, #-832]
        2574    0xf9 0x8d 0x24 0x05 0x28 0x3c                                                    LDA el1, [sp, #-52];          VLDB.POP.576 ex10, [p0, lf0, r24]
        2580    0x07 0xc8 0x49 0x18                                                              LDA eh1, [sp, #-56]
        2584    0xf7 0x87 0x70 0x04 0xa3 0x6c 0x49 0x62                                          VLDA x0, [sp, #-1088];                                                                                                                                          VMAC.f dm3, dm3, ex6, ex2, r20
        2592    0xf8 0x85 0x24 0x05 0xa8 0x3c                                                    LDA el0, [sp, #-60];          VLDB.POP.576 ex11, [p0, lf0, r24]
        2598    0xf8 0x01 0x24 0x03 0x28 0x3c                                                    LDA eh0, [sp, #-64];          VLDB.POP.576 ex6, [p0, lf0, r24]
        2604    0xa3 0x62 0x09 0x48                                                                                                                                                                                                                              VMAC.f dm3, dm3, ex1, ex0, r20
        2608    0x00 0x00                                                                        NOPX
        2610    0x1a 0x94 0x5c 0xf8                                                                                                                                                                                      VMOV ex5, ex10
        2614    0x02 0x01 0xd4 0x00 0xa3 0x6c 0xa9 0x62                                                                        VLDB.POP.576 ex7, [p0, lf0, r24];                                                                                                 VMAC.f dm3, dm3, ex6, ex5, r20
        2622    0xa0 0x11 0x49 0x48                                                                                                                                                                                                                              VMAC.f dm0, dm0, ex8, ex10, r20
        2626    0x1c 0x96 0x5c 0xf8                                                                                                                                                                                      VMOV ex9, ex11
        2630    0xa3 0x72 0x29 0x48                                                                                                                                                                                                                              VMAC.f dm3, dm3, ex9, ex1, r20
        2634    0xa1 0x31 0x69 0x48                                                                                                                                                                                                                              VMAC.f dm1, dm1, ex8, ex11, r20
        2638    0xa0 0x08 0xc9 0x48                                                                                                                                                                                                                              VMAC.f dm0, dm0, ex4, ex6, r20
        2642    0x02 0x86 0x5c 0xe6 0xa3 0x6a 0xe9 0x62                                                                                                                                                                  VMOV ex5, ex3;                          VMAC.f dm3, dm3, ex5, ex7, r20
        2650    0xa2 0x4a 0x09 0x48                                                                                                                                                                                                                              VMAC.f dm2, dm2, ex5, ex0, r20
        2654    0xa1 0x28 0xe9 0x48                                                                                                                                                                                                                              VMAC.f dm1, dm1, ex4, ex7, r20
        2658    0xa3 0x73 0x69 0x48                                                                                                                                                                                                                              VMAC.f dm3, dm3, ex9, ex11, r20
        2662    0xa2 0x53 0x49 0x48                                                                                                                                                                                                                              VMAC.f dm2, dm2, ex9, ex10, r20
        2666    0x0d 0x80 0x03 0x18                                                                                                                          VST.PUSH.576.CONV.bfp16ebs8.fp32 dm0, [p2, sf, r26]
        2670    0x20 0x00 0x60 0x02 0xa3 0x6a 0xe9 0x62                                                                                                      VST.FLUSH.512.CONV [p2, sf, r26];                                                                   VMAC.f dm3, dm3, ex5, ex7, r20
        2678    0xfd 0x68 0xf0 0x04 0xa2 0x4a 0xc9 0x62                                          VLDA sfh, [sp, #-384];                                                                                                                                          VMAC.f dm2, dm2, ex5, ex6, r20
        2686    0xfd 0xb8 0xfb 0x01 0x06 0x0c                                                    VLDA sfl, [sp, #-320];                                      VST.PUSH.576.CONV.bfp16ebs8.fp32 dm1, [p2, sf, r26]
        2692    0x09 0x00 0x03 0x18                                                                                                                          VST.FLUSH.512.CONV [p2, sf, r26]
        2696    0x1f 0xdd 0x20 0xf8                                                                                                                                                                                      MOV r31, r26
        2700    0x51 0x49 0x60 0x00 0x0a 0x60 0x70 0x02                                                                                                      MOVS p2, dn2;                                               MOV r0, p2
        2708    0x1e 0x9f 0x20 0xf8                                                                                                                                                                                      MOV r26, r30
        2712    0x0f 0xe3 0x6b 0x18                                                                                                                          VST sfh, [sp, #-512]
        2716    0x0f 0xe5 0xeb 0x18                                                                                                                          VST sfl, [sp, #-448]
        2720    0x0d 0x81 0x03 0x18                                                                                                                          VST.PUSH.576.CONV.bfp16ebs8.fp32 dm2, [p2, sf, r26]
        2724    0x09 0x00 0x03 0x18                                                                                                                          VST.FLUSH.512.CONV [p2, sf, r26]
        2728    0x0d 0x81 0x83 0x18                                                                                                                          VST.PUSH.576.CONV.bfp16ebs8.fp32 dm3, [p2, sf, r26]
        2732    0x09 0x00 0x03 0x18                                                                                                                          VST.FLUSH.512.CONV [p2, sf, r26]
        2736    0x29 0x11 0x60 0x03 0xce 0x90 0x70 0x02                                                                                                      MOVS dn1, p2;                                               MOV r30, r26
        2744    0x00 0x00                                                                        NOPX
        2746    0x00 0x00                                                                        NOPX
        2748    0x0f 0xed 0xeb 0x18                                                                                                                          VST sfl, [sp, #-320]
.label ZLE_Fmatmul_vectorized_bfp16_1440
.end_of_loop
        2752    0x00 0x2c 0xf0 0x00 0x27 0xeb 0x6b 0x00 0x00 0x00 0x01 0xa5 0x78 0x00 0x00 0xe1  NOPA;                         NOPB;                         VST sfh, [sp, #-384];         NOPX;                         NOPM;                                   NOPV
.loop_nesting 2
        2768    0x15 0xee 0xe0 0x18                                                                                                                                                        JNZD r23, r23, p3
        2772    0x10 0x3c 0x09 0x18                                                                                                                                                        MOVX r30, #2
        2776    0x00 0x00                                                                        NOPX
        2778    0x00 0x00                                                                        NOPX
        2780    0x00 0x00                                                                        NOPX
        2782    0x00 0x00                                                                        NOPX
.loop_nesting 1
        2784    0x10 0xc7 0x20 0x18                                                                                                                                                        JNZD r3, r3, p4
        2788    0x00 0x00                                                                        NOPX
        2790    0x00 0x00                                                                        NOPX
        2792    0x00 0x00                                                                        NOPX
        2794    0x00 0x00                                                                        NOPX
        2796    0x00 0x00                                                                        NOPX
.loop_nesting 0
        2798    0x10 0x28 0x00 0x18                                                                                                                                                        RET lr
        2802    0xff 0x78 0x00 0x00 0x01 0xc4                                                                                                                                              PADDXM [sp], #-1088
        2808    0x00 0x00                                                                        NOPX
        2810    0x00 0x00                                                                        NOPX
        2812    0x00 0x00                                                                        NOPX
        2814    0x00 0x00                                                                        NOPX
.label matmul_vectorized_bfp16__end
.label zero_kernel
.function_start
        2816    0x20 0x05 0x40 0x00 0x22 0x80 0x8b 0x00 0x01 0xe8 0x37 0x88 0x10 0x07 0x00 0xe9  MOVA lc, #256;                NOPB;                         MOVS p2, p0;                  MOVXM p0, #503568;                                                    VCLR dm0
        2832    0x00 0x80 0x50 0x00 0x00 0x00 0x7d 0xc0 0x10 0xba                                LDA.s8 r0, [p0];                                                                          MOVXM ls, #2944
        2842    0x00 0x1a 0x00 0x00 0x00 0x01 0xbd 0xc8 0x10 0xba                                MOVA r26, #0;                                                                             MOVXM le, #2960
        2852    0x00 0x2c 0xf0 0x00 0x20 0x00 0x00 0x00 0x00 0xad 0x81 0x36                      NOPA;                         NOPB;                         NOPS;                         NOPX
        2864    0x00 0x2c 0xf0 0x00 0x20 0x01 0x5b 0x00 0x00 0x00 0x01 0xa5 0x78 0x00 0x00 0xe1  NOPA;                         NOPB;                         NOPS;                         NOPX;                         NOPM;                                   NOPV
        2880    0x00 0x2c 0xf0 0x00 0x20 0x01 0x5b 0x00 0x00 0x00 0x01 0xa5 0x78 0x00 0x00 0xe1  NOPA;                         NOPB;                         NOPS;                         NOPX;                         NOPM;                                   NOPV
        2896    0x00 0x2c 0xf0 0x00 0x20 0x01 0x5b 0x00 0x00 0x00 0x01 0xa5 0x78 0x00 0x00 0xe1  NOPA;                         NOPB;                         NOPS;                         NOPX;                         NOPM;                                   NOPV
        2912    0x00 0x2c 0xf0 0x00 0x20 0x01 0x5b 0x00 0x00 0x00 0x01 0xa5 0x78 0x00 0x00 0xe1  NOPA;                         NOPB;                         NOPS;                         NOPX;                         NOPM;                                   NOPV
        2928    0x00 0x2c 0xf0 0x00 0x20 0x01 0x5b 0x01 0xd4 0x00 0x01 0xa5 0x78 0x00 0x00 0xe1  NOPA;                         NOPB;                         NOPS;                         MOVX crRnd, r0;               NOPM;                                   NOPV
.label ZLS_Fzero_kernel_128
.loop_nesting 1
.begin_of_loop
        2944    0x00 0x2c 0xf0 0x00 0x25 0x80 0x03 0x00 0x00 0x00 0x01 0xa5 0x78 0x00 0x00 0xe1  NOPA;                         NOPB;                         VST.PUSH.576.CONV.bfp16ebs8.fp32 dm0, [p2, sf, r26];NOPX;   NOPM;                                   NOPV
.label ZLE_Fzero_kernel_144
.end_of_loop
        2960    0x00 0x2c 0xf0 0x00 0x21 0x00 0x03 0x00 0x00 0x00 0x01 0xa5 0x78 0x00 0x00 0xe1  NOPA;                         NOPB;                         VST.FLUSH.512.CONV [p2, sf, r26];NOPX;                      NOPM;                                   NOPV
.loop_nesting 0
        2976    0x10 0x28 0x00 0x18                                                                                                                                                        RET lr
        2980    0x00 0x00                                                                        NOPX
        2982    0x00 0x00                                                                        NOPX
        2984    0x00 0x00                                                                        NOPX
        2986    0x00 0x00                                                                        NOPX
        2988    0x00 0x00                                                                        NOPX
.label zero_kernel__end

.text_segment PM   2992
.label _fini
.function_start
        2992    0x00 0x08 0x00 0x00 0x01 0xc4                                                                                                                                              PADDXM [sp], #64
        2998    0xfe 0xba 0xb0 0x00 0x00 0x02 0x08 0x00 0x11 0x3a                                                                                            ST r14, [sp, #-12];           MOVXM r16, #0
        3008    0xff 0x73 0xb0 0x00 0x00 0x01 0xc8 0x00 0x11 0x3a                                                                                            ST p7, [sp, #-8];             MOVXM r14, #0
        3018    0x74 0x20 0xfe 0xd0 0x41 0xe4                                                                                                                                              EQ r16, r14, r16;             MOV p7, r16
        3024    0x80 0x06 0x18 0x40 0x01 0x84                                                                                                                                              JNZ r16, #3120
        3030    0x0f 0xfd 0xf5 0x98                                                                                                                          ST r15, [sp, #-4]
        3034    0x0f 0xf0 0x3d 0x98                                                                                                                          ST lr, [sp, #-16]
        3038    0x00 0x00                                                                        NOPX
        3040    0x00 0x00                                                                        NOPX
        3042    0x00 0x2c 0xf0 0x02 0xb6 0x00 0x00 0x40 0x1a 0x57 0x00 0x00 0x1c 0x2e            NOPA;                                                       NOPS;                                                       NOPM;                                   NOPV
.label TGT_F_fini_64
.loop_nesting 1
        3056    0x07 0x1c 0x1e 0x98                                                              LDA p0, [p7], #4
        3060    0x00 0x00                                                                        NOPX
        3062    0x00 0x00                                                                        NOPX
        3064    0x00 0x00                                                                        NOPX
        3066    0x00 0x00                                                                        NOPX
        3068    0x00 0x00                                                                        NOPX
        3070    0x00 0x00                                                                        NOPX
.no_stack_arguments
        3072    0x10 0x30 0x00 0x18                                                                                                                                                        JL p0
        3076    0x1b 0xde 0xc0 0xf8                                                                                                                                                                                      MOV r15, p7
        3080    0x00 0x00                                                                        NOPX
        3082    0x00 0x00                                                                        NOPX
        3084    0x00 0x00                                                                        NOPX
        3086    0x00 0x00                                                                        NOPX
.return_address
        3088    0x13 0xe0 0xe8 0x98                                                                                                                                                        NE r16, r15, r14
        3092    0x80 0x05 0xf8 0x40 0x01 0x84                                                                                                                                              JNZ r16, #3056
        3098    0x00 0x00                                                                        NOPX
        3100    0x00 0x00                                                                        NOPX
        3102    0x00 0x00                                                                        NOPX
        3104    0x00 0x00                                                                        NOPX
        3106    0x00 0x2c 0xf0 0x02 0xb6 0x00 0x00 0x40 0x1a 0x57 0x00 0x00 0x1c 0x2e            NOPA;                                                       NOPS;                                                       NOPM;                                   NOPV
.label TGT_F_fini_128
.loop_nesting 0
        3120    0x07 0xf0 0x39 0x18                                                              LDA lr, [sp, #-16]
        3124    0x07 0xf5 0xd1 0x18                                                              LDA r14, [sp, #-12]
        3128    0x07 0xfd 0xf1 0x18                                                              LDA r15, [sp, #-4]
        3132    0x07 0xfb 0x99 0x18                                                              LDA p7, [sp, #-8]
        3136    0x00 0x00                                                                        NOPX
        3138    0x00 0x00                                                                        NOPX
        3140    0x00 0x00                                                                        NOPX
        3142    0x10 0x28 0x00 0x18                                                                                                                                                        RET lr
        3146    0x00 0x00                                                                        NOPX
        3148    0x00 0x00                                                                        NOPX
        3150    0x00 0x00                                                                        NOPX
        3152    0x00 0x00                                                                        NOPX
        3154    0xff 0xf8 0x00 0x00 0x01 0xc4                                                                                                                                              PADDXM [sp], #-64
.label _fini__end

.text_segment PM   3168
.label __cxa_finalize
.function_start
        3168    0xff 0xa1 0x00 0x00 0x01 0xe8 0x37 0x9a 0x10 0xba                                MOVA r1, #-3;                                                                             MOVXM p0, #503604
        3178    0x00 0x8a 0xd0 0x00 0x41 0x08 0x6f 0xe0 0x78 0xba                                LDA r2, [p0];                                                                             MOVX r4, #8;                  MOV r3, srsSign1
        3188    0x00 0x92 0x30 0x00 0x02 0x00 0x00 0x00 0x71 0x3a                                                                                            ST r4, [p0];                  PADDXM [sp], #64
        3198    0xfa 0x8e 0xb0 0x00 0x6b 0xe0 0x70 0x02                                                                                                      ST r3, [sp, #-44];                                          MOV r3, srsSign0
        3206    0xfc 0x0e 0xb0 0x00 0x6d 0xe0 0x70 0x02                                                                                                      ST r3, [sp, #-32];                                          MOV r3, packSign1
        3214    0xfc 0x8e 0xb0 0x00 0x69 0xe0 0x70 0x02                                                                                                      ST r3, [sp, #-28];                                          MOV r3, packSign0
        3222    0xfd 0x8e 0xb0 0x00 0x6a 0x70 0x70 0x02                                                                                                      ST r3, [sp, #-20];                                          MOV r3, crSat
        3230    0xfe 0x0e 0xb0 0x00 0x6c 0x70 0x70 0x02                                                                                                      ST r3, [sp, #-16];                                          MOV r3, crSRSMode
        3238    0xfe 0x8e 0xb0 0x04 0x2f 0x18 0x6b 0xb0 0x79 0x3a                                                                                            ST r3, [sp, #-12];            ADD r2, r2, #-8;              MOV r3, crPackSize
        3248    0xff 0x0e 0xb0 0x04 0xd0 0xf4 0x2f 0xb0 0x79 0x3a                                                                                            ST r3, [sp, #-8];             ASHL r13, r2, r1;             MOV r1, crRnd
        3258    0xff 0x86 0xb0 0x00 0x29 0x70 0x70 0x02                                                                                                      ST r1, [sp, #-4];                                           MOV r1, crUnpackSize
        3266    0xfd 0x06 0xb0 0x00 0x2e 0x70 0x70 0x02                                                                                                      ST r1, [sp, #-24];                                          MOV r1, crUPSMode
        3274    0xfb 0x86 0xb0 0x00 0x01 0xe8 0x2f 0x8a 0x11 0x3a                                                                                            ST r1, [sp, #-36];            MOVXM r1, #503572
        3284    0xfb 0x07 0xb0 0x03 0x30 0x44 0xa0 0x02                                                                                                      ST lr, [sp, #-40];                                          ADD.NC p6, r1, r2
        3292    0x1a 0x58 0x60 0xf8                                                                                                                                                                                      MOV r9, upsSign1
        3296    0x1a 0x10 0x60 0xf8                                                                                                                                                                                      MOV r8, upsSign0
        3300    0x1a 0xda 0x60 0xf8                                                                                                                                                                                      MOV r11, vaddSign1
        3304    0x1a 0x92 0x60 0xf8                                                                                                                                                                                      MOV r10, vaddSign0
        3308    0x1b 0x1c 0x60 0xf8                                                                                                                                                                                      MOV r12, unpackSign1
        3312    0x1b 0x94 0x60 0xf8                                                                                                                                                                                      MOV r14, unpackSign0
        3316    0x00 0x2c 0xf0 0x00 0x20 0x00 0x00 0x03 0xb6 0x80 0x10 0xb6                      NOPA;                         NOPB;                                                       MOVXM p7, #3328
.label TGT_F__cxa_finalize_160
.loop_nesting 1
        3328    0x06 0x1c 0x9e 0x98                                                              LDA p1, [p6], #4
        3332    0x06 0xdc 0x1e 0x98                                                              LDA p0, [p6], #-12
        3336    0x00 0x00                                                                        NOPX
        3338    0x00 0x00                                                                        NOPX
        3340    0x00 0x00                                                                        NOPX
        3342    0x00 0x00                                                                        NOPX
        3344    0x00 0x00                                                                        NOPX
.no_stack_arguments
        3346    0x10 0x30 0x40 0x18                                                                                                                                                        JL p1
        3350    0x00 0x00                                                                        NOPX
        3352    0x00 0x00                                                                        NOPX
        3354    0x00 0x00                                                                        NOPX
        3356    0x00 0x01 0x67 0x98                                                              NOPA
        3360    0x00 0x2c 0xf0 0x00 0x20 0x01 0x5b 0x00 0x00 0x01 0xe8 0x10 0x78 0x00 0x00 0xe1  NOPA;                         NOPB;                         NOPS;                         NOPX;                         MOV r15, r0;                            NOPV
.return_address
        3376    0x13 0x5b 0xe0 0x18                                                                                                                                                        JNZD r13, r13, p7
        3380    0x18 0x17 0xa0 0xf8                                                                                                                                                                                      MOV r0, r15
        3384    0x00 0x00                                                                        NOPX
        3386    0x00 0x00                                                                        NOPX
        3388    0x00 0x00                                                                        NOPX
        3390    0x00 0x00                                                                        NOPX
.loop_nesting 0
        3392    0xfa 0x86 0x20 0x17 0xf2 0x02 0x1a 0x50 0x78 0xba                                LDA r1, [sp, #-44];                                                                       MOVX vaddSign1, r11;          MOV upsSign1, r9
        3402    0xfc 0x8e 0x20 0x15 0xd2 0x00 0x1a 0x10 0x78 0xba                                LDA r3, [sp, #-28];                                                                       MOVX vaddSign0, r10;          MOV upsSign0, r8
        3412    0xfb 0x07 0x26 0x7b 0x80 0x2c                                                    LDA lr, [sp, #-40];                                                                       MOVX unpackSign1, r12
        3418    0xfc 0x0a 0x27 0x73 0x80 0x2c                                                    LDA r2, [sp, #-32];                                                                       MOVX unpackSign0, r14
        3424    0x07 0xec 0xf1 0x18                                                              LDA r7, [sp, #-20]
        3428    0x07 0xf0 0x91 0x18                                                              LDA r4, [sp, #-16]
        3432    0x07 0xf4 0xb1 0x18                                                              LDA r5, [sp, #-12]
        3436    0xff 0x1a 0x20 0xf9 0x80 0x2c                                                    LDA r6, [sp, #-8];                                                                        MOVX srsSign1, r1
        3442    0xff 0x86 0x21 0xf8 0x80 0x2c                                                    LDA r1, [sp, #-4];                                                                        MOVX packSign1, r3
        3448    0x07 0xe8 0x51 0x18                                                              LDA r2, [sp, #-24]
        3452    0x07 0xdc 0x71 0x18                                                              LDA r3, [sp, #-36]
        3456    0x00 0x00                                                                        NOPX
        3458    0x10 0x28 0x00 0x18                                                                                                                                                        RET lr
        3462    0xff 0xf8 0x00 0x00 0x01 0xc4                                                                                                                                              PADDXM [sp], #-64
        3468    0x17 0x18 0x03 0xc7 0x41 0xe4                                                                                                                                              MOVX srsSign0, r2;            MOV packSign0, r7
        3474    0x27 0x70 0x08 0xe5 0x41 0xe4                                                                                                                                              MOVX crSat, r4;               MOV crSRSMode, r5
        3480    0x37 0x40 0x0f 0x61 0x41 0xe4                                                                                                                                              MOVX crPackSize, r6;          MOV crRnd, r1
        3486    0x17 0x90 0x0c 0xe3 0x41 0xe4                                                                                                                                              MOVX crUnpackSize, r2;        MOV crUPSMode, r3
.label __cxa_finalize__end

.bss_segment DMb 503564	    4

.bss_segment DMb 503568	    1

.data_segment DMb 503572
.label _ZL7atexits
	0xb0
	0xb
	0x0
	0x0
	0x0
	0x0
	0x0
	0x0
	0x0
	0x0
	0x0
	0x0
	0x0
	0x0
	0x0
	0x0
	0x0
	0x0
	0x0
	0x0
	0x0
	0x0
	0x0
	0x0
	0x0
	0x0
	0x0
	0x0
	0x0
	0x0
	0x0
	0x0
.label _ZL10atexit_cnt
	0x8
	0x0
	0x0
	0x0

.stack DM_stack 458752 462080
